game_id,team_id,zone_id,zone_name,zone_type,fgm,fga,fg_pct,fga_pct
401805035,2229.0,1,At The Rim,Paint,13,28,0.4642857142857143,0.34146341463414637
401805035,2229.0,5,Unknown 2PT,Midrange,30,30,1.0,0.36585365853658536
401805035,2229.0,11,Top of Key 3s,3PT,1,20,0.05,0.24390243902439024
401805035,2348.0,1,At The Rim,Paint,11,28,0.39285714285714285,0.3333333333333333
401805035,2348.0,5,Unknown 2PT,Midrange,29,29,1.0,0.34523809523809523
401805035,2348.0,11,Top of Key 3s,3PT,7,22,0.3181818181818182,0.2619047619047619
401805036,55.0,1,At The Rim,Paint,6,13,0.46153846153846156,0.20967741935483872
401805036,55.0,5,Unknown 2PT,Midrange,16,17,0.9411764705882353,0.27419354838709675
401805036,55.0,11,Top of Key 3s,3PT,7,23,0.30434782608695654,0.3709677419354839
401805036,2393.0,1,At The Rim,Paint,9,17,0.5294117647058824,0.24285714285714285
401805036,2393.0,5,Unknown 2PT,Midrange,19,20,0.95,0.2857142857142857
401805036,2393.0,11,Top of Key 3s,3PT,4,14,0.2857142857142857,0.2
401805037,98.0,1,At The Rim,Paint,13,23,0.5652173913043478,0.359375
401805037,98.0,5,Unknown 2PT,Midrange,9,10,0.9,0.15625
401805037,98.0,11,Top of Key 3s,3PT,3,17,0.17647058823529413,0.265625
401805037,338.0,1,At The Rim,Paint,18,29,0.6206896551724138,0.4027777777777778
401805037,338.0,5,Unknown 2PT,Midrange,18,20,0.9,0.2777777777777778
401805037,338.0,11,Top of Key 3s,3PT,3,14,0.21428571428571427,0.19444444444444445
401805038,2534.0,1,At The Rim,Paint,14,37,0.3783783783783784,0.3894736842105263
401805038,2534.0,5,Unknown 2PT,Midrange,33,33,1.0,0.3473684210526316
401805038,2534.0,11,Top of Key 3s,3PT,6,10,0.6,0.10526315789473684
401805038,2623.0,1,At The Rim,Paint,18,27,0.6666666666666666,0.39705882352941174
401805038,2623.0,5,Unknown 2PT,Midrange,17,18,0.9444444444444444,0.2647058823529412
401805038,2623.0,11,Top of Key 3s,3PT,4,10,0.4,0.14705882352941177
401805039,48.0,1,At The Rim,Paint,11,22,0.5,0.3055555555555556
401805039,48.0,5,Unknown 2PT,Midrange,17,17,1.0,0.2361111111111111
401805039,48.0,11,Top of Key 3s,3PT,7,22,0.3181818181818182,0.3055555555555556
401805039,166.0,1,At The Rim,Paint,10,16,0.625,0.24242424242424243
401805039,166.0,5,Unknown 2PT,Midrange,14,15,0.9333333333333333,0.22727272727272727
401805039,166.0,11,Top of Key 3s,3PT,5,16,0.3125,0.24242424242424243
401805040,2335.0,1,At The Rim,Paint,16,26,0.6153846153846154,0.45614035087719296
401805040,2335.0,5,Unknown 2PT,Midrange,7,10,0.7,0.17543859649122806
401805040,2335.0,11,Top of Key 3s,3PT,6,12,0.5,0.21052631578947367
401805040,2638.0,1,At The Rim,Paint,8,20,0.4,0.3076923076923077
401805040,2638.0,5,Unknown 2PT,Midrange,12,12,1.0,0.18461538461538463
401805040,2638.0,11,Top of Key 3s,3PT,5,24,0.20833333333333334,0.36923076923076925
401805128,250.0,1,At The Rim,Paint,16,25,0.64,0.373134328358209
401805128,250.0,5,Unknown 2PT,Midrange,22,23,0.9565217391304348,0.34328358208955223
401805128,250.0,11,Top of Key 3s,3PT,3,6,0.5,0.08955223880597014
401805128,2000.0,1,At The Rim,Paint,19,32,0.59375,0.43243243243243246
401805128,2000.0,5,Unknown 2PT,Midrange,15,16,0.9375,0.21621621621621623
401805128,2000.0,11,Top of Key 3s,3PT,7,21,0.3333333333333333,0.28378378378378377
401805129,3084.0,1,At The Rim,Paint,5,18,0.2777777777777778,0.24
401805129,3084.0,5,Unknown 2PT,Midrange,29,34,0.8529411764705882,0.4533333333333333
401805129,3084.0,11,Top of Key 3s,3PT,3,13,0.23076923076923078,0.17333333333333334
401805129,3101.0,1,At The Rim,Paint,7,12,0.5833333333333334,0.2033898305084746
401805129,3101.0,5,Unknown 2PT,Midrange,9,9,1.0,0.15254237288135594
401805129,3101.0,11,Top of Key 3s,3PT,11,33,0.3333333333333333,0.559322033898305
401805130,253.0,1,At The Rim,Paint,14,22,0.6363636363636364,0.29333333333333333
401805130,253.0,5,Unknown 2PT,Midrange,16,18,0.8888888888888888,0.24
401805130,253.0,11,Top of Key 3s,3PT,10,22,0.45454545454545453,0.29333333333333333
401805130,2856.0,1,At The Rim,Paint,23,41,0.5609756097560976,0.5394736842105263
401805130,2856.0,5,Unknown 2PT,Midrange,3,4,0.75,0.05263157894736842
401805130,2856.0,11,Top of Key 3s,3PT,5,25,0.2,0.32894736842105265
401806590,2197.0,1,At The Rim,Paint,8,27,0.2962962962962963,0.38028169014084506
401806590,2197.0,5,Unknown 2PT,Midrange,11,11,1.0,0.15492957746478872
401806590,2197.0,11,Top of Key 3s,3PT,9,21,0.42857142857142855,0.29577464788732394
401806590,2710.0,1,At The Rim,Paint,24,35,0.6857142857142857,0.4268292682926829
401806590,2710.0,5,Unknown 2PT,Midrange,13,13,1.0,0.15853658536585366
401806590,2710.0,11,Top of Key 3s,3PT,9,22,0.4090909090909091,0.2682926829268293
401806591,2630.0,1,At The Rim,Paint,13,22,0.5909090909090909,0.3283582089552239
401806591,2630.0,5,Unknown 2PT,Midrange,14,14,1.0,0.208955223880597
401806591,2630.0,11,Top of Key 3s,3PT,4,19,0.21052631578947367,0.2835820895522388
401806591,2815.0,1,At The Rim,Paint,8,16,0.5,0.26666666666666666
401806591,2815.0,5,Unknown 2PT,Midrange,9,11,0.8181818181818182,0.18333333333333332
401806591,2815.0,11,Top of Key 3s,3PT,9,25,0.36,0.4166666666666667
401806592,2031.0,1,At The Rim,Paint,11,18,0.6111111111111112,0.2608695652173913
401806592,2031.0,5,Unknown 2PT,Midrange,10,10,1.0,0.14492753623188406
401806592,2031.0,11,Top of Key 3s,3PT,10,23,0.43478260869565216,0.3333333333333333
401806592,2710.0,1,At The Rim,Paint,15,21,0.7142857142857143,0.2692307692307692
401806592,2710.0,5,Unknown 2PT,Midrange,25,25,1.0,0.32051282051282054
401806592,2710.0,11,Top of Key 3s,3PT,6,13,0.46153846153846156,0.16666666666666666
401806593,2413.0,1,At The Rim,Paint,14,32,0.4375,0.45714285714285713
401806593,2413.0,5,Unknown 2PT,Midrange,11,12,0.9166666666666666,0.17142857142857143
401806593,2413.0,11,Top of Key 3s,3PT,8,22,0.36363636363636365,0.3142857142857143
401806593,2635.0,1,At The Rim,Paint,9,24,0.375,0.35294117647058826
401806593,2635.0,5,Unknown 2PT,Midrange,20,20,1.0,0.29411764705882354
401806593,2635.0,11,Top of Key 3s,3PT,7,20,0.35,0.29411764705882354
401806594,2546.0,1,At The Rim,Paint,13,28,0.4642857142857143,0.3684210526315789
401806594,2546.0,5,Unknown 2PT,Midrange,19,19,1.0,0.25
401806594,2546.0,11,Top of Key 3s,3PT,4,16,0.25,0.21052631578947367
401806594,2565.0,1,At The Rim,Paint,14,25,0.56,0.3333333333333333
401806594,2565.0,5,Unknown 2PT,Midrange,21,21,1.0,0.28
401806594,2565.0,11,Top of Key 3s,3PT,8,25,0.32,0.3333333333333333
401806595,88.0,1,At The Rim,Paint,16,34,0.47058823529411764,0.3333333333333333
401806595,88.0,5,Unknown 2PT,Midrange,31,32,0.96875,0.3137254901960784
401806595,88.0,11,Top of Key 3s,3PT,6,16,0.375,0.1568627450980392
401806595,2634.0,1,At The Rim,Paint,13,23,0.5652173913043478,0.30666666666666664
401806595,2634.0,5,Unknown 2PT,Midrange,20,21,0.9523809523809523,0.28
401806595,2634.0,11,Top of Key 3s,3PT,1,14,0.07142857142857142,0.18666666666666668
401807612,201.0,1,At The Rim,Paint,22,31,0.7096774193548387,0.33695652173913043
401807612,201.0,5,Unknown 2PT,Midrange,14,15,0.9333333333333333,0.16304347826086957
401807612,201.0,11,Top of Key 3s,3PT,2,24,0.08333333333333333,0.2608695652173913
401807612,238.0,1,At The Rim,Paint,12,24,0.5,0.23076923076923078
401807612,238.0,5,Unknown 2PT,Midrange,31,32,0.96875,0.3076923076923077
401807612,238.0,11,Top of Key 3s,3PT,11,31,0.3548387096774194,0.2980769230769231
401807613,96.0,1,At The Rim,Paint,6,13,0.46153846153846156,0.19402985074626866
401807613,96.0,5,Unknown 2PT,Midrange,19,21,0.9047619047619048,0.31343283582089554
401807613,96.0,11,Top of Key 3s,3PT,6,14,0.42857142857142855,0.208955223880597
401807613,251.0,1,At The Rim,Paint,12,18,0.6666666666666666,0.2571428571428571
401807613,251.0,5,Unknown 2PT,Midrange,22,22,1.0,0.3142857142857143
401807613,251.0,11,Top of Key 3s,3PT,3,14,0.21428571428571427,0.2
401807614,8.0,1,At The Rim,Paint,11,23,0.4782608695652174,0.2948717948717949
401807614,8.0,5,Unknown 2PT,Midrange,16,16,1.0,0.20512820512820512
401807614,8.0,11,Top of Key 3s,3PT,4,21,0.19047619047619047,0.2692307692307692
401807614,145.0,1,At The Rim,Paint,16,25,0.64,0.28735632183908044
401807614,145.0,5,Unknown 2PT,Midrange,12,12,1.0,0.13793103448275862
401807614,145.0,11,Top of Key 3s,3PT,8,28,0.2857142857142857,0.3218390804597701
401807616,142.0,1,At The Rim,Paint,9,19,0.47368421052631576,0.25333333333333335
401807616,142.0,5,Unknown 2PT,Midrange,21,21,1.0,0.28
401807616,142.0,11,Top of Key 3s,3PT,4,23,0.17391304347826086,0.30666666666666664
401807616,2633.0,1,At The Rim,Paint,21,32,0.65625,0.3368421052631579
401807616,2633.0,5,Unknown 2PT,Midrange,20,20,1.0,0.21052631578947367
401807616,2633.0,11,Top of Key 3s,3PT,10,29,0.3448275862068966,0.30526315789473685
401807617,61.0,1,At The Rim,Paint,9,14,0.6428571428571429,0.19444444444444445
401807617,61.0,5,Unknown 2PT,Midrange,15,15,1.0,0.20833333333333334
401807617,61.0,11,Top of Key 3s,3PT,10,23,0.43478260869565216,0.3194444444444444
401807617,344.0,1,At The Rim,Paint,14,23,0.6086956521739131,0.2948717948717949
401807617,344.0,5,Unknown 2PT,Midrange,19,19,1.0,0.24358974358974358
401807617,344.0,11,Top of Key 3s,3PT,9,18,0.5,0.23076923076923078
401807618,238.0,1,At The Rim,Paint,15,26,0.5769230769230769,0.325
401807618,238.0,5,Unknown 2PT,Midrange,25,25,1.0,0.3125
401807618,238.0,11,Top of Key 3s,3PT,9,19,0.47368421052631576,0.2375
401807618,251.0,1,At The Rim,Paint,15,29,0.5172413793103449,0.3333333333333333
401807618,251.0,5,Unknown 2PT,Midrange,9,11,0.8181818181818182,0.12643678160919541
401807618,251.0,11,Top of Key 3s,3PT,3,15,0.2,0.1724137931034483
401807619,96.0,1,At The Rim,Paint,12,25,0.48,0.25773195876288657
401807619,96.0,5,Unknown 2PT,Midrange,26,26,1.0,0.26804123711340205
401807619,96.0,11,Top of Key 3s,3PT,7,25,0.28,0.25773195876288657
401807619,245.0,1,At The Rim,Paint,10,18,0.5555555555555556,0.23076923076923078
401807619,245.0,5,Unknown 2PT,Midrange,24,24,1.0,0.3076923076923077
401807619,245.0,11,Top of Key 3s,3PT,1,11,0.09090909090909091,0.14102564102564102
401807814,2110.0,1,At The Rim,Paint,12,19,0.631578947368421,0.2923076923076923
401807814,2110.0,5,Unknown 2PT,Midrange,5,5,1.0,0.07692307692307693
401807814,2110.0,11,Top of Key 3s,3PT,8,28,0.2857142857142857,0.4307692307692308
401807814,2453.0,1,At The Rim,Paint,9,15,0.6,0.23809523809523808
401807814,2453.0,5,Unknown 2PT,Midrange,7,7,1.0,0.1111111111111111
401807814,2453.0,11,Top of Key 3s,3PT,5,23,0.21739130434782608,0.36507936507936506
401807840,2110.0,1,At The Rim,Paint,8,14,0.5714285714285714,0.19718309859154928
401807840,2110.0,5,Unknown 2PT,Midrange,11,12,0.9166666666666666,0.16901408450704225
401807840,2110.0,11,Top of Key 3s,3PT,7,24,0.2916666666666667,0.3380281690140845
401807840,2198.0,1,At The Rim,Paint,7,20,0.35,0.2898550724637681
401807840,2198.0,5,Unknown 2PT,Midrange,24,24,1.0,0.34782608695652173
401807840,2198.0,11,Top of Key 3s,3PT,3,18,0.16666666666666666,0.2608695652173913
401807841,526.0,1,At The Rim,Paint,11,25,0.44,0.38461538461538464
401807841,526.0,5,Unknown 2PT,Midrange,20,20,1.0,0.3076923076923077
401807841,526.0,11,Top of Key 3s,3PT,3,12,0.25,0.18461538461538463
401807841,2454.0,1,At The Rim,Paint,11,26,0.4230769230769231,0.34210526315789475
401807841,2454.0,5,Unknown 2PT,Midrange,6,12,0.5,0.15789473684210525
401807841,2454.0,11,Top of Key 3s,3PT,6,26,0.23076923076923078,0.34210526315789475
401807842,91.0,1,At The Rim,Paint,10,25,0.4,0.3968253968253968
401807842,91.0,5,Unknown 2PT,Midrange,5,7,0.7142857142857143,0.1111111111111111
401807842,91.0,11,Top of Key 3s,3PT,5,20,0.25,0.31746031746031744
401807842,288.0,1,At The Rim,Paint,11,19,0.5789473684210527,0.2676056338028169
401807842,288.0,5,Unknown 2PT,Midrange,14,14,1.0,0.19718309859154928
401807842,288.0,11,Top of Key 3s,3PT,13,36,0.3611111111111111,0.5070422535211268
401807843,2453.0,1,At The Rim,Paint,16,26,0.6153846153846154,0.35135135135135137
401807843,2453.0,5,Unknown 2PT,Midrange,9,11,0.8181818181818182,0.14864864864864866
401807843,2453.0,11,Top of Key 3s,3PT,7,25,0.28,0.33783783783783783
401807843,2698.0,1,At The Rim,Paint,12,29,0.41379310344827586,0.3717948717948718
401807843,2698.0,5,Unknown 2PT,Midrange,17,17,1.0,0.21794871794871795
401807843,2698.0,11,Top of Key 3s,3PT,6,22,0.2727272727272727,0.28205128205128205
401807844,2046.0,1,At The Rim,Paint,15,23,0.6521739130434783,0.30666666666666664
401807844,2046.0,5,Unknown 2PT,Midrange,17,19,0.8947368421052632,0.25333333333333335
401807844,2046.0,11,Top of Key 3s,3PT,9,19,0.47368421052631576,0.25333333333333335
401807844,2511.0,1,At The Rim,Paint,6,18,0.3333333333333333,0.3157894736842105
401807844,2511.0,5,Unknown 2PT,Midrange,10,12,0.8333333333333334,0.21052631578947367
401807844,2511.0,11,Top of Key 3s,3PT,8,18,0.4444444444444444,0.3157894736842105
401807845,56.0,1,At The Rim,Paint,15,30,0.5,0.38461538461538464
401807845,56.0,5,Unknown 2PT,Midrange,20,20,1.0,0.2564102564102564
401807845,56.0,11,Top of Key 3s,3PT,8,24,0.3333333333333333,0.3076923076923077
401807845,294.0,1,At The Rim,Paint,9,20,0.45,0.2247191011235955
401807845,294.0,5,Unknown 2PT,Midrange,29,29,1.0,0.3258426966292135
401807845,294.0,11,Top of Key 3s,3PT,8,21,0.38095238095238093,0.23595505617977527
401807887,2545.0,1,At The Rim,Paint,7,14,0.5,0.19718309859154928
401807887,2545.0,5,Unknown 2PT,Midrange,20,23,0.8695652173913043,0.323943661971831
401807887,2545.0,11,Top of Key 3s,3PT,5,18,0.2777777777777778,0.2535211267605634
401807887,2837.0,1,At The Rim,Paint,13,22,0.5909090909090909,0.28205128205128205
401807887,2837.0,5,Unknown 2PT,Midrange,14,15,0.9333333333333333,0.19230769230769232
401807887,2837.0,11,Top of Key 3s,3PT,8,26,0.3076923076923077,0.3333333333333333
401807908,292.0,1,At The Rim,Paint,19,30,0.6333333333333333,0.46875
401807908,292.0,5,Unknown 2PT,Midrange,17,17,1.0,0.265625
401807908,292.0,11,Top of Key 3s,3PT,7,11,0.6363636363636364,0.171875
401807908,2320.0,1,At The Rim,Paint,12,22,0.5454545454545454,0.29333333333333333
401807908,2320.0,5,Unknown 2PT,Midrange,19,20,0.95,0.26666666666666666
401807908,2320.0,11,Top of Key 3s,3PT,2,20,0.1,0.26666666666666666
401807934,2377.0,1,At The Rim,Paint,11,15,0.7333333333333333,0.20270270270270271
401807934,2377.0,5,Unknown 2PT,Midrange,13,14,0.9285714285714286,0.1891891891891892
401807934,2377.0,11,Top of Key 3s,3PT,6,15,0.4,0.20270270270270271
401807934,2466.0,1,At The Rim,Paint,8,19,0.42105263157894735,0.3114754098360656
401807934,2466.0,5,Unknown 2PT,Midrange,5,8,0.625,0.13114754098360656
401807934,2466.0,11,Top of Key 3s,3PT,9,17,0.5294117647058824,0.2786885245901639
401807959,2443.0,1,At The Rim,Paint,21,36,0.5833333333333334,0.3829787234042553
401807959,2443.0,5,Unknown 2PT,Midrange,20,22,0.9090909090909091,0.23404255319148937
401807959,2443.0,11,Top of Key 3s,3PT,3,15,0.2,0.1595744680851064
401807959,2916.0,1,At The Rim,Paint,14,31,0.45161290322580644,0.34831460674157305
401807959,2916.0,5,Unknown 2PT,Midrange,21,22,0.9545454545454546,0.24719101123595505
401807959,2916.0,11,Top of Key 3s,3PT,9,29,0.3103448275862069,0.3258426966292135
401808000,357.0,1,At The Rim,Paint,12,27,0.4444444444444444,0.3375
401808000,357.0,5,Unknown 2PT,Midrange,15,17,0.8823529411764706,0.2125
401808000,357.0,11,Top of Key 3s,3PT,5,23,0.21739130434782608,0.2875
401808000,2617.0,1,At The Rim,Paint,19,27,0.7037037037037037,0.3333333333333333
401808000,2617.0,5,Unknown 2PT,Midrange,25,25,1.0,0.30864197530864196
401808000,2617.0,11,Top of Key 3s,3PT,11,25,0.44,0.30864197530864196
401808040,304.0,1,At The Rim,Paint,13,21,0.6190476190476191,0.25301204819277107
401808040,304.0,5,Unknown 2PT,Midrange,18,23,0.782608695652174,0.27710843373493976
401808040,304.0,11,Top of Key 3s,3PT,6,20,0.3,0.24096385542168675
401808040,331.0,1,At The Rim,Paint,7,15,0.4666666666666667,0.2112676056338028
401808040,331.0,5,Unknown 2PT,Midrange,19,22,0.8636363636363636,0.30985915492957744
401808040,331.0,11,Top of Key 3s,3PT,8,24,0.3333333333333333,0.3380281690140845
401808070,70.0,1,At The Rim,Paint,20,36,0.5555555555555556,0.46153846153846156
401808070,70.0,5,Unknown 2PT,Midrange,14,14,1.0,0.1794871794871795
401808070,70.0,11,Top of Key 3s,3PT,8,17,0.47058823529411764,0.21794871794871795
401808070,2692.0,1,At The Rim,Paint,10,22,0.45454545454545453,0.3333333333333333
401808070,2692.0,5,Unknown 2PT,Midrange,9,10,0.9,0.15151515151515152
401808070,2692.0,11,Top of Key 3s,3PT,12,27,0.4444444444444444,0.4090909090909091
401808097,2464.0,1,At The Rim,Paint,14,32,0.4375,0.3137254901960784
401808097,2464.0,5,Unknown 2PT,Midrange,30,32,0.9375,0.3137254901960784
401808097,2464.0,11,Top of Key 3s,3PT,6,15,0.4,0.14705882352941177
401808097,2502.0,1,At The Rim,Paint,11,20,0.55,0.21052631578947367
401808097,2502.0,5,Unknown 2PT,Midrange,23,24,0.9583333333333334,0.25263157894736843
401808097,2502.0,11,Top of Key 3s,3PT,4,18,0.2222222222222222,0.18947368421052632
401808565,16.0,1,At The Rim,Paint,5,17,0.29411764705882354,0.2833333333333333
401808565,16.0,5,Unknown 2PT,Midrange,9,10,0.9,0.16666666666666666
401808565,16.0,11,Top of Key 3s,3PT,10,24,0.4166666666666667,0.4
401808565,2458.0,1,At The Rim,Paint,8,22,0.36363636363636365,0.28205128205128205
401808565,2458.0,5,Unknown 2PT,Midrange,18,23,0.782608695652174,0.2948717948717949
401808565,2458.0,11,Top of Key 3s,3PT,9,16,0.5625,0.20512820512820512
401808744,256.0,1,At The Rim,Paint,13,22,0.5909090909090909,0.3283582089552239
401808744,256.0,5,Unknown 2PT,Midrange,19,19,1.0,0.2835820895522388
401808744,256.0,11,Top of Key 3s,3PT,3,13,0.23076923076923078,0.19402985074626866
401808744,2026.0,1,At The Rim,Paint,11,28,0.39285714285714285,0.3888888888888889
401808744,2026.0,5,Unknown 2PT,Midrange,15,18,0.8333333333333334,0.25
401808744,2026.0,11,Top of Key 3s,3PT,7,20,0.35,0.2777777777777778
401808776,295.0,1,At The Rim,Paint,13,29,0.4482758620689655,0.3333333333333333
401808776,295.0,5,Unknown 2PT,Midrange,17,17,1.0,0.19540229885057472
401808776,295.0,11,Top of Key 3s,3PT,3,21,0.14285714285714285,0.2413793103448276
401808776,324.0,1,At The Rim,Paint,15,24,0.625,0.3
401808776,324.0,5,Unknown 2PT,Midrange,18,19,0.9473684210526315,0.2375
401808776,324.0,11,Top of Key 3s,3PT,7,24,0.2916666666666667,0.3
401808803,276.0,1,At The Rim,Paint,13,23,0.5652173913043478,0.3108108108108108
401808803,276.0,5,Unknown 2PT,Midrange,19,21,0.9047619047619048,0.28378378378378377
401808803,276.0,11,Top of Key 3s,3PT,10,26,0.38461538461538464,0.35135135135135137
401808803,2247.0,1,At The Rim,Paint,14,26,0.5384615384615384,0.35135135135135137
401808803,2247.0,5,Unknown 2PT,Midrange,8,8,1.0,0.10810810810810811
401808803,2247.0,11,Top of Key 3s,3PT,5,16,0.3125,0.21621621621621623
401808824,309.0,1,At The Rim,Paint,20,31,0.6451612903225806,0.3875
401808824,309.0,5,Unknown 2PT,Midrange,11,12,0.9166666666666666,0.15
401808824,309.0,11,Top of Key 3s,3PT,1,14,0.07142857142857142,0.175
401808824,2653.0,1,At The Rim,Paint,15,28,0.5357142857142857,0.3218390804597701
401808824,2653.0,5,Unknown 2PT,Midrange,19,19,1.0,0.21839080459770116
401808824,2653.0,11,Top of Key 3s,3PT,7,25,0.28,0.28735632183908044
401808833,2433.0,1,At The Rim,Paint,19,31,0.6129032258064516,0.3875
401808833,2433.0,5,Unknown 2PT,Midrange,11,12,0.9166666666666666,0.15
401808833,2433.0,11,Top of Key 3s,3PT,10,21,0.47619047619047616,0.2625
401808833,2572.0,1,At The Rim,Paint,12,17,0.7058823529411765,0.22077922077922077
401808833,2572.0,5,Unknown 2PT,Midrange,13,13,1.0,0.16883116883116883
401808833,2572.0,11,Top of Key 3s,3PT,5,22,0.22727272727272727,0.2857142857142857
401808847,6.0,1,At The Rim,Paint,14,26,0.5384615384615384,0.32098765432098764
401808847,6.0,5,Unknown 2PT,Midrange,12,13,0.9230769230769231,0.16049382716049382
401808847,6.0,11,Top of Key 3s,3PT,8,31,0.25806451612903225,0.38271604938271603
401808847,326.0,1,At The Rim,Paint,17,28,0.6071428571428571,0.37333333333333335
401808847,326.0,5,Unknown 2PT,Midrange,13,13,1.0,0.17333333333333334
401808847,326.0,11,Top of Key 3s,3PT,3,12,0.25,0.16
401809068,2277.0,1,At The Rim,Paint,7,14,0.5,0.22580645161290322
401809068,2277.0,5,Unknown 2PT,Midrange,12,13,0.9230769230769231,0.20967741935483872
401809068,2277.0,11,Top of Key 3s,3PT,5,20,0.25,0.3225806451612903
401809068,2447.0,1,At The Rim,Paint,13,23,0.5652173913043478,0.323943661971831
401809068,2447.0,5,Unknown 2PT,Midrange,10,10,1.0,0.14084507042253522
401809068,2447.0,11,Top of Key 3s,3PT,6,18,0.3333333333333333,0.2535211267605634
401812226,261.0,1,At The Rim,Paint,6,14,0.42857142857142855,0.2222222222222222
401812226,261.0,5,Unknown 2PT,Midrange,12,12,1.0,0.19047619047619047
401812226,261.0,11,Top of Key 3s,3PT,8,21,0.38095238095238093,0.3333333333333333
401812226,2066.0,1,At The Rim,Paint,12,25,0.48,0.3968253968253968
401812226,2066.0,5,Unknown 2PT,Midrange,11,13,0.8461538461538461,0.20634920634920634
401812226,2066.0,11,Top of Key 3s,3PT,5,15,0.3333333333333333,0.23809523809523808
401812227,311.0,1,At The Rim,Paint,6,17,0.35294117647058826,0.265625
401812227,311.0,5,Unknown 2PT,Midrange,15,16,0.9375,0.25
401812227,311.0,11,Top of Key 3s,3PT,7,18,0.3888888888888889,0.28125
401812227,2378.0,1,At The Rim,Paint,8,20,0.4,0.2777777777777778
401812227,2378.0,5,Unknown 2PT,Midrange,14,14,1.0,0.19444444444444445
401812227,2378.0,11,Top of Key 3s,3PT,2,9,0.2222222222222222,0.125
401812228,2349.0,1,At The Rim,Paint,4,11,0.36363636363636365,0.16176470588235295
401812228,2349.0,5,Unknown 2PT,Midrange,13,18,0.7222222222222222,0.2647058823529412
401812228,2349.0,11,Top of Key 3s,3PT,2,27,0.07407407407407407,0.39705882352941174
401812228,2803.0,1,At The Rim,Paint,19,34,0.5588235294117647,0.4594594594594595
401812228,2803.0,5,Unknown 2PT,Midrange,7,7,1.0,0.0945945945945946
401812228,2803.0,11,Top of Key 3s,3PT,10,22,0.45454545454545453,0.2972972972972973
401812229,160.0,1,At The Rim,Paint,16,33,0.48484848484848486,0.5409836065573771
401812229,160.0,5,Unknown 2PT,Midrange,4,5,0.8,0.08196721311475409
401812229,160.0,11,Top of Key 3s,3PT,3,14,0.21428571428571427,0.22950819672131148
401812229,2885.0,1,At The Rim,Paint,10,27,0.37037037037037035,0.375
401812229,2885.0,5,Unknown 2PT,Midrange,10,14,0.7142857142857143,0.19444444444444445
401812229,2885.0,11,Top of Key 3s,3PT,6,23,0.2608695652173913,0.3194444444444444
401812871,62.0,1,At The Rim,Paint,12,23,0.5217391304347826,0.3150684931506849
401812871,62.0,5,Unknown 2PT,Midrange,29,29,1.0,0.3972602739726027
401812871,62.0,11,Top of Key 3s,3PT,2,12,0.16666666666666666,0.1643835616438356
401812871,2934.0,1,At The Rim,Paint,9,22,0.4090909090909091,0.2972972972972973
401812871,2934.0,5,Unknown 2PT,Midrange,17,19,0.8947368421052632,0.25675675675675674
401812871,2934.0,11,Top of Key 3s,3PT,6,19,0.3157894736842105,0.25675675675675674
401812872,27.0,1,At The Rim,Paint,5,8,0.625,0.10666666666666667
401812872,27.0,5,Unknown 2PT,Midrange,17,18,0.9444444444444444,0.24
401812872,27.0,11,Top of Key 3s,3PT,10,27,0.37037037037037035,0.36
401812872,2540.0,1,At The Rim,Paint,10,17,0.5882352941176471,0.2361111111111111
401812872,2540.0,5,Unknown 2PT,Midrange,22,23,0.9565217391304348,0.3194444444444444
401812872,2540.0,11,Top of Key 3s,3PT,4,19,0.21052631578947367,0.2638888888888889
401812873,28.0,1,At The Rim,Paint,22,38,0.5789473684210527,0.41304347826086957
401812873,28.0,5,Unknown 2PT,Midrange,18,18,1.0,0.1956521739130435
401812873,28.0,11,Top of Key 3s,3PT,5,23,0.21739130434782608,0.25
401812873,302.0,1,At The Rim,Paint,10,38,0.2631578947368421,0.36893203883495146
401812873,302.0,5,Unknown 2PT,Midrange,23,25,0.92,0.24271844660194175
401812873,302.0,11,Top of Key 3s,3PT,16,36,0.4444444444444444,0.34951456310679613
401812874,299.0,1,At The Rim,Paint,11,17,0.6470588235294118,0.2328767123287671
401812874,299.0,5,Unknown 2PT,Midrange,28,29,0.9655172413793104,0.3972602739726027
401812874,299.0,11,Top of Key 3s,3PT,5,20,0.25,0.273972602739726
401812874,2239.0,1,At The Rim,Paint,17,36,0.4722222222222222,0.35294117647058826
401812874,2239.0,5,Unknown 2PT,Midrange,32,32,1.0,0.3137254901960784
401812874,2239.0,11,Top of Key 3s,3PT,1,12,0.08333333333333333,0.11764705882352941
401812875,13.0,1,At The Rim,Paint,8,19,0.42105263157894735,0.3220338983050847
401812875,13.0,5,Unknown 2PT,Midrange,10,10,1.0,0.1694915254237288
401812875,13.0,11,Top of Key 3s,3PT,3,14,0.21428571428571427,0.23728813559322035
401812875,300.0,1,At The Rim,Paint,11,21,0.5238095238095238,0.2625
401812875,300.0,5,Unknown 2PT,Midrange,12,14,0.8571428571428571,0.175
401812875,300.0,11,Top of Key 3s,3PT,14,32,0.4375,0.4
401813214,189.0,1,At The Rim,Paint,7,20,0.35,0.24691358024691357
401813214,189.0,5,Unknown 2PT,Midrange,27,27,1.0,0.3333333333333333
401813214,189.0,11,Top of Key 3s,3PT,11,23,0.4782608695652174,0.2839506172839506
401813214,2084.0,1,At The Rim,Paint,20,44,0.45454545454545453,0.55
401813214,2084.0,5,Unknown 2PT,Midrange,17,17,1.0,0.2125
401813214,2084.0,11,Top of Key 3s,3PT,2,9,0.2222222222222222,0.1125
401813240,195.0,1,At The Rim,Paint,9,25,0.36,0.30864197530864196
401813240,195.0,5,Unknown 2PT,Midrange,29,29,1.0,0.35802469135802467
401813240,195.0,11,Top of Key 3s,3PT,11,24,0.4583333333333333,0.2962962962962963
401813240,2649.0,1,At The Rim,Paint,13,24,0.5416666666666666,0.3157894736842105
401813240,2649.0,5,Unknown 2PT,Midrange,14,17,0.8235294117647058,0.2236842105263158
401813240,2649.0,11,Top of Key 3s,3PT,8,27,0.2962962962962963,0.35526315789473684
401813781,2520.0,1,At The Rim,Paint,10,18,0.5555555555555556,0.2571428571428571
401813781,2520.0,5,Unknown 2PT,Midrange,11,13,0.8461538461538461,0.18571428571428572
401813781,2520.0,11,Top of Key 3s,3PT,4,31,0.12903225806451613,0.44285714285714284
401813781,2612.0,1,At The Rim,Paint,7,19,0.3684210526315789,0.2878787878787879
401813781,2612.0,5,Unknown 2PT,Midrange,23,24,0.9583333333333334,0.36363636363636365
401813781,2612.0,11,Top of Key 3s,3PT,5,21,0.23809523809523808,0.3181818181818182
401813843,315.0,1,At The Rim,Paint,8,26,0.3076923076923077,0.37142857142857144
401813843,315.0,5,Unknown 2PT,Midrange,9,15,0.6,0.21428571428571427
401813843,315.0,11,Top of Key 3s,3PT,2,12,0.16666666666666666,0.17142857142857143
401813843,2363.0,1,At The Rim,Paint,12,30,0.4,0.4225352112676056
401813843,2363.0,5,Unknown 2PT,Midrange,18,20,0.9,0.28169014084507044
401813843,2363.0,11,Top of Key 3s,3PT,5,11,0.45454545454545453,0.15492957746478872
401813888,314.0,1,At The Rim,Paint,9,32,0.28125,0.3950617283950617
401813888,314.0,5,Unknown 2PT,Midrange,17,20,0.85,0.24691358024691357
401813888,314.0,11,Top of Key 3s,3PT,5,20,0.25,0.24691358024691357
401813888,2099.0,1,At The Rim,Paint,10,26,0.38461538461538464,0.36619718309859156
401813888,2099.0,5,Unknown 2PT,Midrange,16,16,1.0,0.22535211267605634
401813888,2099.0,11,Top of Key 3s,3PT,3,16,0.1875,0.22535211267605634
401813927,2514.0,1,At The Rim,Paint,10,23,0.43478260869565216,0.30666666666666664
401813927,2514.0,5,Unknown 2PT,Midrange,12,13,0.9230769230769231,0.17333333333333334
401813927,2514.0,11,Top of Key 3s,3PT,5,17,0.29411764705882354,0.22666666666666666
401813927,2561.0,1,At The Rim,Paint,10,25,0.4,0.390625
401813927,2561.0,5,Unknown 2PT,Midrange,7,11,0.6363636363636364,0.171875
401813927,2561.0,11,Top of Key 3s,3PT,0,11,0.0,0.171875
401813937,2368.0,1,At The Rim,Paint,8,20,0.4,0.2777777777777778
401813937,2368.0,5,Unknown 2PT,Midrange,15,18,0.8333333333333334,0.25
401813937,2368.0,11,Top of Key 3s,3PT,10,20,0.5,0.2777777777777778
401813937,2771.0,1,At The Rim,Paint,19,34,0.5588235294117647,0.3695652173913043
401813937,2771.0,5,Unknown 2PT,Midrange,16,16,1.0,0.17391304347826086
401813937,2771.0,11,Top of Key 3s,3PT,4,26,0.15384615384615385,0.2826086956521739
401813940,116.0,1,At The Rim,Paint,13,21,0.6190476190476191,0.3442622950819672
401813940,116.0,5,Unknown 2PT,Midrange,15,20,0.75,0.32786885245901637
401813940,116.0,11,Top of Key 3s,3PT,1,10,0.1,0.16393442622950818
401813940,2217.0,1,At The Rim,Paint,8,20,0.4,0.29411764705882354
401813940,2217.0,5,Unknown 2PT,Midrange,7,9,0.7777777777777778,0.1323529411764706
401813940,2217.0,11,Top of Key 3s,3PT,16,32,0.5,0.47058823529411764
401814653,2050.0,1,At The Rim,Paint,17,25,0.68,0.2840909090909091
401814653,2050.0,5,Unknown 2PT,Midrange,17,17,1.0,0.19318181818181818
401814653,2050.0,11,Top of Key 3s,3PT,4,17,0.23529411764705882,0.19318181818181818
401814653,2199.0,1,At The Rim,Paint,8,11,0.7272727272727273,0.14473684210526316
401814653,2199.0,5,Unknown 2PT,Midrange,12,14,0.8571428571428571,0.18421052631578946
401814653,2199.0,11,Top of Key 3s,3PT,11,33,0.3333333333333333,0.4342105263157895
401814654,193.0,1,At The Rim,Paint,12,25,0.48,0.3125
401814654,193.0,5,Unknown 2PT,Midrange,27,29,0.9310344827586207,0.3625
401814654,193.0,11,Top of Key 3s,3PT,4,20,0.2,0.25
401814654,2711.0,1,At The Rim,Paint,11,26,0.4230769230769231,0.3880597014925373
401814654,2711.0,5,Unknown 2PT,Midrange,16,17,0.9411764705882353,0.2537313432835821
401814654,2711.0,11,Top of Key 3s,3PT,6,20,0.3,0.29850746268656714
401814655,113.0,1,At The Rim,Paint,19,28,0.6785714285714286,0.3888888888888889
401814655,113.0,5,Unknown 2PT,Midrange,11,11,1.0,0.1527777777777778
401814655,113.0,11,Top of Key 3s,3PT,7,22,0.3181818181818182,0.3055555555555556
401814655,2459.0,1,At The Rim,Paint,16,30,0.5333333333333333,0.4
401814655,2459.0,5,Unknown 2PT,Midrange,20,21,0.9523809523809523,0.28
401814655,2459.0,9,Wing 3s,3PT,0,2,0.0,0.02666666666666667
401814655,2459.0,11,Top of Key 3s,3PT,1,15,0.06666666666666667,0.2
401814656,2006.0,1,At The Rim,Paint,19,28,0.6785714285714286,0.36363636363636365
401814656,2006.0,5,Unknown 2PT,Midrange,15,17,0.8823529411764706,0.22077922077922077
401814656,2006.0,11,Top of Key 3s,3PT,5,20,0.25,0.2597402597402597
401814656,2117.0,1,At The Rim,Paint,12,19,0.631578947368421,0.19387755102040816
401814656,2117.0,5,Unknown 2PT,Midrange,45,48,0.9375,0.4897959183673469
401814656,2117.0,11,Top of Key 3s,3PT,3,11,0.2727272727272727,0.11224489795918367
401817320,2193.0,1,At The Rim,Paint,11,28,0.39285714285714285,0.3888888888888889
401817320,2193.0,5,Unknown 2PT,Midrange,13,14,0.9285714285714286,0.19444444444444445
401817320,2193.0,11,Top of Key 3s,3PT,4,16,0.25,0.2222222222222222
401817320,2382.0,1,At The Rim,Paint,10,18,0.5555555555555556,0.29508196721311475
401817320,2382.0,5,Unknown 2PT,Midrange,15,15,1.0,0.2459016393442623
401817320,2382.0,11,Top of Key 3s,3PT,4,15,0.26666666666666666,0.2459016393442623
401817362,231.0,1,At The Rim,Paint,9,18,0.5,0.2647058823529412
401817362,231.0,5,Unknown 2PT,Midrange,17,17,1.0,0.25
401817362,231.0,11,Top of Key 3s,3PT,7,18,0.3888888888888889,0.2647058823529412
401817362,2717.0,1,At The Rim,Paint,8,21,0.38095238095238093,0.3181818181818182
401817362,2717.0,5,Unknown 2PT,Midrange,13,14,0.9285714285714286,0.21212121212121213
401817362,2717.0,11,Top of Key 3s,3PT,4,15,0.26666666666666666,0.22727272727272727
401817363,2430.0,1,At The Rim,Paint,7,20,0.35,0.2702702702702703
401817363,2430.0,5,Unknown 2PT,Midrange,7,8,0.875,0.10810810810810811
401817363,2430.0,11,Top of Key 3s,3PT,1,15,0.06666666666666667,0.20270270270270271
401817363,2747.0,1,At The Rim,Paint,10,13,0.7692307692307693,0.22033898305084745
401817363,2747.0,5,Unknown 2PT,Midrange,9,9,1.0,0.15254237288135594
401817363,2747.0,11,Top of Key 3s,3PT,4,14,0.2857142857142857,0.23728813559322035
401817771,325.0,1,At The Rim,Paint,15,25,0.6,0.30120481927710846
401817771,325.0,5,Unknown 2PT,Midrange,24,25,0.96,0.30120481927710846
401817771,325.0,11,Top of Key 3s,3PT,8,23,0.34782608695652173,0.27710843373493976
401817771,2739.0,1,At The Rim,Paint,8,13,0.6153846153846154,0.15476190476190477
401817771,2739.0,5,Unknown 2PT,Midrange,16,16,1.0,0.19047619047619047
401817771,2739.0,11,Top of Key 3s,3PT,10,27,0.37037037037037035,0.32142857142857145
401817772,85.0,1,At The Rim,Paint,9,19,0.47368421052631576,0.2159090909090909
401817772,85.0,5,Unknown 2PT,Midrange,34,38,0.8947368421052632,0.4318181818181818
401817772,85.0,11,Top of Key 3s,3PT,5,20,0.25,0.22727272727272727
401817772,2473.0,1,At The Rim,Paint,15,29,0.5172413793103449,0.43283582089552236
401817772,2473.0,5,Unknown 2PT,Midrange,12,12,1.0,0.1791044776119403
401817772,2473.0,11,Top of Key 3s,3PT,3,10,0.3,0.14925373134328357
401817773,2523.0,1,At The Rim,Paint,12,24,0.5,0.3076923076923077
401817773,2523.0,5,Unknown 2PT,Midrange,15,21,0.7142857142857143,0.2692307692307692
401817773,2523.0,11,Top of Key 3s,3PT,4,15,0.26666666666666666,0.19230769230769232
401817773,2754.0,1,At The Rim,Paint,12,25,0.48,0.26881720430107525
401817773,2754.0,5,Unknown 2PT,Midrange,32,32,1.0,0.34408602150537637
401817773,2754.0,11,Top of Key 3s,3PT,2,16,0.125,0.17204301075268819
401817774,94.0,1,At The Rim,Paint,10,24,0.4166666666666667,0.2891566265060241
401817774,94.0,5,Unknown 2PT,Midrange,25,25,1.0,0.30120481927710846
401817774,94.0,11,Top of Key 3s,3PT,5,26,0.19230769230769232,0.3132530120481928
401817774,270.0,1,At The Rim,Paint,17,31,0.5483870967741935,0.4246575342465753
401817774,270.0,5,Unknown 2PT,Midrange,12,12,1.0,0.1643835616438356
401817774,270.0,11,Top of Key 3s,3PT,5,22,0.22727272727272727,0.3013698630136986
401817775,2174.0,1,At The Rim,Paint,19,29,0.6551724137931034,0.3972602739726027
401817775,2174.0,5,Unknown 2PT,Midrange,10,11,0.9090909090909091,0.1506849315068493
401817775,2174.0,11,Top of Key 3s,3PT,3,19,0.15789473684210525,0.2602739726027397
401817775,2750.0,1,At The Rim,Paint,8,24,0.3333333333333333,0.3
401817775,2750.0,5,Unknown 2PT,Midrange,17,18,0.9444444444444444,0.225
401817775,2750.0,11,Top of Key 3s,3PT,13,23,0.5652173913043478,0.2875
401818488,2172.0,1,At The Rim,Paint,10,20,0.5,0.273972602739726
401818488,2172.0,5,Unknown 2PT,Midrange,20,21,0.9523809523809523,0.2876712328767123
401818488,2172.0,11,Top of Key 3s,3PT,6,18,0.3333333333333333,0.2465753424657534
401818488,2437.0,1,At The Rim,Paint,8,19,0.42105263157894735,0.30158730158730157
401818488,2437.0,5,Unknown 2PT,Midrange,14,14,1.0,0.2222222222222222
401818488,2437.0,11,Top of Key 3s,3PT,12,25,0.48,0.3968253968253968
401818489,198.0,1,At The Rim,Paint,19,37,0.5135135135135135,0.43529411764705883
401818489,198.0,5,Unknown 2PT,Midrange,16,17,0.9411764705882353,0.2
401818489,198.0,11,Top of Key 3s,3PT,4,19,0.21052631578947367,0.2235294117647059
401818489,2900.0,1,At The Rim,Paint,17,31,0.5483870967741935,0.4246575342465753
401818489,2900.0,5,Unknown 2PT,Midrange,15,16,0.9375,0.2191780821917808
401818489,2900.0,11,Top of Key 3s,3PT,9,25,0.36,0.3424657534246575
401818490,155.0,1,At The Rim,Paint,8,18,0.4444444444444444,0.2647058823529412
401818490,155.0,5,Unknown 2PT,Midrange,13,16,0.8125,0.23529411764705882
401818490,155.0,11,Top of Key 3s,3PT,6,26,0.23076923076923078,0.38235294117647056
401818490,2571.0,1,At The Rim,Paint,16,23,0.6956521739130435,0.25842696629213485
401818490,2571.0,5,Unknown 2PT,Midrange,26,26,1.0,0.29213483146067415
401818490,2571.0,11,Top of Key 3s,3PT,9,21,0.42857142857142855,0.23595505617977527
401818491,140.0,1,At The Rim,Paint,11,23,0.4782608695652174,0.2948717948717949
401818491,140.0,5,Unknown 2PT,Midrange,12,12,1.0,0.15384615384615385
401818491,140.0,11,Top of Key 3s,3PT,3,12,0.25,0.15384615384615385
401818491,233.0,1,At The Rim,Paint,15,37,0.40540540540540543,0.40217391304347827
401818491,233.0,5,Unknown 2PT,Midrange,29,30,0.9666666666666667,0.32608695652173914
401818491,233.0,11,Top of Key 3s,3PT,4,11,0.36363636363636365,0.11956521739130435
401819598,59.0,1,At The Rim,Paint,16,30,0.5333333333333333,0.375
401819598,59.0,5,Unknown 2PT,Midrange,8,8,1.0,0.1
401819598,59.0,11,Top of Key 3s,3PT,5,27,0.18518518518518517,0.3375
401819598,228.0,1,At The Rim,Paint,9,28,0.32142857142857145,0.28
401819598,228.0,5,Unknown 2PT,Midrange,28,28,1.0,0.28
401819598,228.0,11,Top of Key 3s,3PT,7,25,0.28,0.25
401819625,24.0,1,At The Rim,Paint,9,24,0.375,0.3037974683544304
401819625,24.0,5,Unknown 2PT,Midrange,13,13,1.0,0.16455696202531644
401819625,24.0,11,Top of Key 3s,3PT,7,24,0.2916666666666667,0.3037974683544304
401819625,259.0,1,At The Rim,Paint,16,27,0.5925925925925926,0.34177215189873417
401819625,259.0,5,Unknown 2PT,Midrange,9,11,0.8181818181818182,0.13924050632911392
401819625,259.0,11,Top of Key 3s,3PT,8,15,0.5333333333333333,0.189873417721519
401819708,52.0,1,At The Rim,Paint,16,25,0.64,0.30120481927710846
401819708,52.0,5,Unknown 2PT,Midrange,24,26,0.9230769230769231,0.3132530120481928
401819708,52.0,11,Top of Key 3s,3PT,9,23,0.391304347826087,0.27710843373493976
401819708,103.0,1,At The Rim,Paint,18,37,0.4864864864864865,0.3854166666666667
401819708,103.0,5,Unknown 2PT,Midrange,21,22,0.9545454545454546,0.22916666666666666
401819708,103.0,11,Top of Key 3s,3PT,4,15,0.26666666666666666,0.15625
401819709,153.0,1,At The Rim,Paint,23,33,0.696969696969697,0.44594594594594594
401819709,153.0,5,Unknown 2PT,Midrange,8,9,0.8888888888888888,0.12162162162162163
401819709,153.0,11,Top of Key 3s,3PT,12,26,0.46153846153846156,0.35135135135135137
401819709,2567.0,1,At The Rim,Paint,8,25,0.32,0.3424657534246575
401819709,2567.0,5,Unknown 2PT,Midrange,20,21,0.9523809523809523,0.2876712328767123
401819709,2567.0,11,Top of Key 3s,3PT,2,15,0.13333333333333333,0.2054794520547945
401819710,183.0,1,At The Rim,Paint,11,11,1.0,0.1506849315068493
401819710,183.0,5,Unknown 2PT,Midrange,7,8,0.875,0.1095890410958904
401819710,183.0,11,Top of Key 3s,3PT,12,24,0.5,0.3287671232876712
401819710,221.0,1,At The Rim,Paint,10,19,0.5263157894736842,0.296875
401819710,221.0,5,Unknown 2PT,Midrange,13,14,0.9285714285714286,0.21875
401819710,221.0,11,Top of Key 3s,3PT,2,9,0.2222222222222222,0.140625
401819711,25.0,1,At The Rim,Paint,10,22,0.45454545454545453,0.3142857142857143
401819711,25.0,5,Unknown 2PT,Midrange,14,14,1.0,0.2
401819711,25.0,11,Top of Key 3s,3PT,7,24,0.2916666666666667,0.34285714285714286
401819711,258.0,1,At The Rim,Paint,12,25,0.48,0.3424657534246575
401819711,258.0,5,Unknown 2PT,Midrange,15,15,1.0,0.2054794520547945
401819711,258.0,11,Top of Key 3s,3PT,2,13,0.15384615384615385,0.1780821917808219
401819712,97.0,1,At The Rim,Paint,10,16,0.625,0.21052631578947367
401819712,97.0,5,Unknown 2PT,Midrange,9,10,0.9,0.13157894736842105
401819712,97.0,11,Top of Key 3s,3PT,11,25,0.44,0.32894736842105265
401819712,154.0,1,At The Rim,Paint,15,18,0.8333333333333334,0.27692307692307694
401819712,154.0,5,Unknown 2PT,Midrange,11,13,0.8461538461538461,0.2
401819712,154.0,11,Top of Key 3s,3PT,8,18,0.4444444444444444,0.27692307692307694
401820536,2427.0,1,At The Rim,Paint,9,15,0.6,0.22727272727272727
401820536,2427.0,5,Unknown 2PT,Midrange,12,15,0.8,0.22727272727272727
401820536,2427.0,11,Top of Key 3s,3PT,3,16,0.1875,0.24242424242424243
401820536,2515.0,1,At The Rim,Paint,17,24,0.7083333333333334,0.36363636363636365
401820536,2515.0,5,Unknown 2PT,Midrange,12,12,1.0,0.18181818181818182
401820536,2515.0,11,Top of Key 3s,3PT,5,17,0.29411764705882354,0.25757575757575757
401822302,2154.0,1,At The Rim,Paint,13,26,0.5,0.2857142857142857
401822302,2154.0,5,Unknown 2PT,Midrange,21,21,1.0,0.23076923076923078
401822302,2154.0,11,Top of Key 3s,3PT,6,27,0.2222222222222222,0.2967032967032967
401822302,2569.0,1,At The Rim,Paint,8,23,0.34782608695652173,0.32857142857142857
401822302,2569.0,5,Unknown 2PT,Midrange,12,12,1.0,0.17142857142857143
401822302,2569.0,11,Top of Key 3s,3PT,2,13,0.15384615384615385,0.18571428571428572
401823078,2083.0,1,At The Rim,Paint,11,27,0.4074074074074074,0.4153846153846154
401823078,2083.0,5,Unknown 2PT,Midrange,9,10,0.9,0.15384615384615385
401823078,2083.0,11,Top of Key 3s,3PT,3,15,0.2,0.23076923076923078
401823078,2426.0,1,At The Rim,Paint,13,20,0.65,0.26666666666666666
401823078,2426.0,5,Unknown 2PT,Midrange,18,20,0.9,0.26666666666666666
401823078,2426.0,11,Top of Key 3s,3PT,4,15,0.26666666666666666,0.2
401823102,322.0,1,At The Rim,Paint,11,20,0.55,0.2857142857142857
401823102,322.0,5,Unknown 2PT,Midrange,19,20,0.95,0.2857142857142857
401823102,322.0,11,Top of Key 3s,3PT,5,19,0.2631578947368421,0.2714285714285714
401823102,2352.0,1,At The Rim,Paint,12,31,0.3870967741935484,0.41333333333333333
401823102,2352.0,5,Unknown 2PT,Midrange,15,17,0.8823529411764706,0.22666666666666666
401823102,2352.0,11,Top of Key 3s,3PT,9,16,0.5625,0.21333333333333335
401823124,107.0,1,At The Rim,Paint,17,24,0.7083333333333334,0.2962962962962963
401823124,107.0,5,Unknown 2PT,Midrange,22,24,0.9166666666666666,0.2962962962962963
401823124,107.0,11,Top of Key 3s,3PT,4,14,0.2857142857142857,0.1728395061728395
401823124,2142.0,1,At The Rim,Paint,8,22,0.36363636363636365,0.34375
401823124,2142.0,5,Unknown 2PT,Midrange,4,6,0.6666666666666666,0.09375
401823124,2142.0,11,Top of Key 3s,3PT,7,15,0.4666666666666667,0.234375
401823145,159.0,1,At The Rim,Paint,5,20,0.25,0.2857142857142857
401823145,159.0,5,Unknown 2PT,Midrange,14,18,0.7777777777777778,0.2571428571428571
401823145,159.0,11,Top of Key 3s,3PT,9,23,0.391304347826087,0.32857142857142857
401823145,225.0,1,At The Rim,Paint,9,33,0.2727272727272727,0.4520547945205479
401823145,225.0,5,Unknown 2PT,Midrange,11,13,0.8461538461538461,0.1780821917808219
401823145,225.0,11,Top of Key 3s,3PT,9,24,0.375,0.3287671232876712
401823208,163.0,1,At The Rim,Paint,8,21,0.38095238095238093,0.3333333333333333
401823208,163.0,5,Unknown 2PT,Midrange,8,8,1.0,0.12698412698412698
401823208,163.0,11,Top of Key 3s,3PT,3,10,0.3,0.15873015873015872
401823208,171.0,1,At The Rim,Paint,13,27,0.48148148148148145,0.35526315789473684
401823208,171.0,5,Unknown 2PT,Midrange,20,22,0.9090909090909091,0.2894736842105263
401823208,171.0,11,Top of Key 3s,3PT,7,17,0.4117647058823529,0.2236842105263158
401823250,172.0,1,At The Rim,Paint,9,22,0.4090909090909091,0.2894736842105263
401823250,172.0,5,Unknown 2PT,Midrange,11,12,0.9166666666666666,0.15789473684210525
401823250,172.0,11,Top of Key 3s,3PT,8,23,0.34782608695652173,0.3026315789473684
401823250,219.0,1,At The Rim,Paint,15,27,0.5555555555555556,0.3375
401823250,219.0,5,Unknown 2PT,Midrange,12,13,0.9230769230769231,0.1625
401823250,219.0,11,Top of Key 3s,3PT,5,24,0.20833333333333334,0.3
401824003,2127.0,1,At The Rim,Paint,6,14,0.42857142857142855,0.2153846153846154
401824003,2127.0,5,Unknown 2PT,Midrange,9,12,0.75,0.18461538461538463
401824003,2127.0,11,Top of Key 3s,3PT,7,29,0.2413793103448276,0.4461538461538462
401824003,2241.0,1,At The Rim,Paint,7,15,0.4666666666666667,0.22388059701492538
401824003,2241.0,5,Unknown 2PT,Midrange,6,11,0.5454545454545454,0.16417910447761194
401824003,2241.0,11,Top of Key 3s,3PT,10,27,0.37037037037037035,0.40298507462686567
401824004,2272.0,1,At The Rim,Paint,13,26,0.5,0.3132530120481928
401824004,2272.0,5,Unknown 2PT,Midrange,16,18,0.8888888888888888,0.21686746987951808
401824004,2272.0,11,Top of Key 3s,3PT,11,26,0.4230769230769231,0.3132530120481928
401824004,2344.0,1,At The Rim,Paint,19,35,0.5428571428571428,0.3684210526315789
401824004,2344.0,5,Unknown 2PT,Midrange,23,24,0.9583333333333334,0.25263157894736843
401824004,2344.0,11,Top of Key 3s,3PT,5,21,0.23809523809523808,0.22105263157894736
401824005,2737.0,1,At The Rim,Paint,15,25,0.6,0.3048780487804878
401824005,2737.0,5,Unknown 2PT,Midrange,18,19,0.9473684210526315,0.23170731707317074
401824005,2737.0,11,Top of Key 3s,3PT,4,21,0.19047619047619047,0.25609756097560976
401824005,2908.0,1,At The Rim,Paint,10,20,0.5,0.29411764705882354
401824005,2908.0,5,Unknown 2PT,Midrange,15,19,0.7894736842105263,0.27941176470588236
401824005,2908.0,11,Top of Key 3s,3PT,9,17,0.5294117647058824,0.25
401824084,43.0,1,At The Rim,Paint,11,14,0.7857142857142857,0.21212121212121213
401824084,43.0,5,Unknown 2PT,Midrange,22,23,0.9565217391304348,0.3484848484848485
401824084,43.0,11,Top of Key 3s,3PT,3,6,0.5,0.09090909090909091
401824084,108.0,1,At The Rim,Paint,23,35,0.6571428571428571,0.4861111111111111
401824084,108.0,5,Unknown 2PT,Midrange,13,17,0.7647058823529411,0.2361111111111111
401824084,108.0,11,Top of Key 3s,3PT,4,15,0.26666666666666666,0.20833333333333334
401824273,2010.0,1,At The Rim,Paint,17,29,0.5862068965517241,0.3411764705882353
401824273,2010.0,5,Unknown 2PT,Midrange,25,25,1.0,0.29411764705882354
401824273,2010.0,11,Top of Key 3s,3PT,8,15,0.5333333333333333,0.17647058823529413
401824273,2029.0,1,At The Rim,Paint,12,21,0.5714285714285714,0.3387096774193548
401824273,2029.0,5,Unknown 2PT,Midrange,15,16,0.9375,0.25806451612903225
401824273,2029.0,11,Top of Key 3s,3PT,5,13,0.38461538461538464,0.20967741935483872
401824296,2011.0,1,At The Rim,Paint,23,40,0.575,0.37735849056603776
401824296,2011.0,5,Unknown 2PT,Midrange,31,32,0.96875,0.3018867924528302
401824296,2011.0,11,Top of Key 3s,3PT,4,15,0.26666666666666666,0.14150943396226415
401824296,2400.0,1,At The Rim,Paint,10,17,0.5882352941176471,0.20987654320987653
401824296,2400.0,5,Unknown 2PT,Midrange,31,31,1.0,0.38271604938271603
401824296,2400.0,11,Top of Key 3s,3PT,6,20,0.3,0.24691358024691357
401824348,2582.0,1,At The Rim,Paint,11,25,0.44,0.3048780487804878
401824348,2582.0,5,Unknown 2PT,Midrange,22,22,1.0,0.2682926829268293
401824348,2582.0,11,Top of Key 3s,3PT,7,13,0.5384615384615384,0.15853658536585366
401824348,2640.0,1,At The Rim,Paint,14,20,0.7,0.26666666666666666
401824348,2640.0,5,Unknown 2PT,Midrange,21,22,0.9545454545454546,0.29333333333333333
401824348,2640.0,11,Top of Key 3s,3PT,2,20,0.1,0.26666666666666666
401824402,2504.0,1,At The Rim,Paint,11,18,0.6111111111111112,0.22784810126582278
401824402,2504.0,5,Unknown 2PT,Midrange,26,26,1.0,0.3291139240506329
401824402,2504.0,11,Top of Key 3s,3PT,4,16,0.25,0.20253164556962025
401824402,2755.0,1,At The Rim,Paint,22,38,0.5789473684210527,0.4
401824402,2755.0,5,Unknown 2PT,Midrange,14,14,1.0,0.14736842105263157
401824402,2755.0,11,Top of Key 3s,3PT,1,18,0.05555555555555555,0.18947368421052632
401824423,2065.0,1,At The Rim,Paint,8,22,0.36363636363636365,0.3384615384615385
401824423,2065.0,5,Unknown 2PT,Midrange,15,16,0.9375,0.24615384615384617
401824423,2065.0,11,Top of Key 3s,3PT,6,14,0.42857142857142855,0.2153846153846154
401824423,2296.0,1,At The Rim,Paint,10,23,0.43478260869565216,0.3194444444444444
401824423,2296.0,5,Unknown 2PT,Midrange,22,22,1.0,0.3055555555555556
401824423,2296.0,11,Top of Key 3s,3PT,3,15,0.2,0.20833333333333334
401824534,2405.0,1,At The Rim,Paint,15,29,0.5172413793103449,0.3815789473684211
401824534,2405.0,5,Unknown 2PT,Midrange,17,18,0.9444444444444444,0.23684210526315788
401824534,2405.0,11,Top of Key 3s,3PT,5,21,0.23809523809523808,0.27631578947368424
401824534,2619.0,1,At The Rim,Paint,11,17,0.6470588235294118,0.26153846153846155
401824534,2619.0,5,Unknown 2PT,Midrange,11,15,0.7333333333333333,0.23076923076923078
401824534,2619.0,11,Top of Key 3s,3PT,9,22,0.4090909090909091,0.3384615384615385
401824535,119.0,1,At The Rim,Paint,11,14,0.7857142857142857,0.1794871794871795
401824535,119.0,5,Unknown 2PT,Midrange,15,17,0.8823529411764706,0.21794871794871795
401824535,119.0,11,Top of Key 3s,3PT,7,25,0.28,0.32051282051282054
401824535,2261.0,1,At The Rim,Paint,9,16,0.5625,0.20253164556962025
401824535,2261.0,5,Unknown 2PT,Midrange,19,20,0.95,0.25316455696202533
401824535,2261.0,11,Top of Key 3s,3PT,1,15,0.06666666666666667,0.189873417721519
401824536,2182.0,1,At The Rim,Paint,12,19,0.631578947368421,0.30158730158730157
401824536,2182.0,5,Unknown 2PT,Midrange,20,22,0.9090909090909091,0.3492063492063492
401824536,2182.0,11,Top of Key 3s,3PT,7,11,0.6363636363636364,0.1746031746031746
401824536,2210.0,1,At The Rim,Paint,12,20,0.6,0.28169014084507044
401824536,2210.0,5,Unknown 2PT,Midrange,12,13,0.9230769230769231,0.18309859154929578
401824536,2210.0,11,Top of Key 3s,3PT,5,21,0.23809523809523808,0.29577464788732394
401824537,111.0,1,At The Rim,Paint,7,23,0.30434782608695654,0.323943661971831
401824537,111.0,5,Unknown 2PT,Midrange,10,11,0.9090909090909091,0.15492957746478872
401824537,111.0,11,Top of Key 3s,3PT,4,18,0.2222222222222222,0.2535211267605634
401824537,232.0,1,At The Rim,Paint,14,22,0.6363636363636364,0.2894736842105263
401824537,232.0,5,Unknown 2PT,Midrange,15,16,0.9375,0.21052631578947367
401824537,232.0,11,Top of Key 3s,3PT,6,22,0.2727272727272727,0.2894736842105263
401824572,2097.0,1,At The Rim,Paint,9,16,0.5625,0.25396825396825395
401824572,2097.0,5,Unknown 2PT,Midrange,11,12,0.9166666666666666,0.19047619047619047
401824572,2097.0,11,Top of Key 3s,3PT,7,17,0.4117647058823529,0.2698412698412698
401824572,2275.0,1,At The Rim,Paint,11,22,0.5,0.3235294117647059
401824572,2275.0,5,Unknown 2PT,Midrange,10,11,0.9090909090909091,0.16176470588235295
401824572,2275.0,11,Top of Key 3s,3PT,5,16,0.3125,0.23529411764705882
401824573,350.0,1,At The Rim,Paint,9,13,0.6923076923076923,0.16666666666666666
401824573,350.0,5,Unknown 2PT,Midrange,27,27,1.0,0.34615384615384615
401824573,350.0,11,Top of Key 3s,3PT,7,17,0.4117647058823529,0.21794871794871795
401824573,2448.0,1,At The Rim,Paint,12,17,0.7058823529411765,0.2125
401824573,2448.0,5,Unknown 2PT,Midrange,19,19,1.0,0.2375
401824573,2448.0,11,Top of Key 3s,3PT,8,24,0.3333333333333333,0.3
401825335,275.0,1,At The Rim,Paint,15,27,0.5555555555555556,0.35064935064935066
401825335,275.0,5,Unknown 2PT,Midrange,12,12,1.0,0.15584415584415584
401825335,275.0,11,Top of Key 3s,3PT,5,23,0.21739130434782608,0.2987012987012987
401825335,356.0,1,At The Rim,Paint,16,29,0.5517241379310345,0.3918918918918919
401825335,356.0,5,Unknown 2PT,Midrange,12,12,1.0,0.16216216216216217
401825335,356.0,11,Top of Key 3s,3PT,11,17,0.6470588235294118,0.22972972972972974
401825336,26.0,1,At The Rim,Paint,23,31,0.7419354838709677,0.40789473684210525
401825336,26.0,5,Unknown 2PT,Midrange,15,17,0.8823529411764706,0.2236842105263158
401825336,26.0,11,Top of Key 3s,3PT,7,18,0.3888888888888889,0.23684210526315788
401825336,127.0,1,At The Rim,Paint,9,25,0.36,0.29069767441860467
401825336,127.0,5,Unknown 2PT,Midrange,18,18,1.0,0.20930232558139536
401825336,127.0,11,Top of Key 3s,3PT,9,26,0.34615384615384615,0.3023255813953488
401825337,264.0,1,At The Rim,Paint,15,18,0.8333333333333334,0.3157894736842105
401825337,264.0,5,Unknown 2PT,Midrange,2,6,0.3333333333333333,0.10526315789473684
401825337,264.0,11,Top of Key 3s,3PT,4,21,0.19047619047619047,0.3684210526315789
401825337,2294.0,1,At The Rim,Paint,11,18,0.6111111111111112,0.2647058823529412
401825337,2294.0,5,Unknown 2PT,Midrange,15,16,0.9375,0.23529411764705882
401825337,2294.0,11,Top of Key 3s,3PT,6,12,0.5,0.17647058823529413
401825338,30.0,1,At The Rim,Paint,16,27,0.5925925925925926,0.27
401825338,30.0,5,Unknown 2PT,Midrange,35,37,0.9459459459459459,0.37
401825338,30.0,11,Top of Key 3s,3PT,3,19,0.15789473684210525,0.19
401825338,84.0,1,At The Rim,Paint,12,20,0.6,0.2777777777777778
401825338,84.0,5,Unknown 2PT,Midrange,18,24,0.75,0.3333333333333333
401825338,84.0,11,Top of Key 3s,3PT,8,19,0.42105263157894735,0.2638888888888889
401825339,77.0,1,At The Rim,Paint,10,15,0.6666666666666666,0.22727272727272727
401825339,77.0,5,Unknown 2PT,Midrange,21,21,1.0,0.3181818181818182
401825339,77.0,11,Top of Key 3s,3PT,6,14,0.42857142857142855,0.21212121212121213
401825339,130.0,1,At The Rim,Paint,24,38,0.631578947368421,0.4810126582278481
401825339,130.0,5,Unknown 2PT,Midrange,9,11,0.8181818181818182,0.13924050632911392
401825339,130.0,11,Top of Key 3s,3PT,2,12,0.16666666666666666,0.1518987341772152
401825340,120.0,1,At The Rim,Paint,13,19,0.6842105263157895,0.2111111111111111
401825340,120.0,5,Unknown 2PT,Midrange,17,18,0.9444444444444444,0.2
401825340,120.0,11,Top of Key 3s,3PT,7,25,0.28,0.2777777777777778
401825340,213.0,1,At The Rim,Paint,11,22,0.5,0.3142857142857143
401825340,213.0,5,Unknown 2PT,Midrange,10,11,0.9090909090909091,0.15714285714285714
401825340,213.0,11,Top of Key 3s,3PT,6,21,0.2857142857142857,0.3
401825341,135.0,1,At The Rim,Paint,23,31,0.7419354838709677,0.38271604938271603
401825341,135.0,5,Unknown 2PT,Midrange,22,25,0.88,0.30864197530864196
401825341,135.0,11,Top of Key 3s,3PT,4,14,0.2857142857142857,0.1728395061728395
401825341,158.0,1,At The Rim,Paint,10,16,0.625,0.22857142857142856
401825341,158.0,5,Unknown 2PT,Midrange,12,13,0.9230769230769231,0.18571428571428572
401825341,158.0,11,Top of Key 3s,3PT,9,26,0.34615384615384615,0.37142857142857144
401825677,305.0,1,At The Rim,Paint,16,28,0.5714285714285714,0.3373493975903614
401825677,305.0,5,Unknown 2PT,Midrange,16,17,0.9411764705882353,0.20481927710843373
401825677,305.0,11,Top of Key 3s,3PT,4,20,0.2,0.24096385542168675
401825677,2599.0,1,At The Rim,Paint,13,22,0.5909090909090909,0.3188405797101449
401825677,2599.0,5,Unknown 2PT,Midrange,11,13,0.8461538461538461,0.18840579710144928
401825677,2599.0,11,Top of Key 3s,3PT,6,20,0.3,0.2898550724637681
401825678,2086.0,1,At The Rim,Paint,15,22,0.6818181818181818,0.2894736842105263
401825678,2086.0,5,Unknown 2PT,Midrange,20,23,0.8695652173913043,0.3026315789473684
401825678,2086.0,11,Top of Key 3s,3PT,4,16,0.25,0.21052631578947367
401825678,2507.0,1,At The Rim,Paint,13,22,0.5909090909090909,0.3055555555555556
401825678,2507.0,5,Unknown 2PT,Midrange,21,21,1.0,0.2916666666666667
401825678,2507.0,11,Top of Key 3s,3PT,4,12,0.3333333333333333,0.16666666666666666
401825679,41.0,1,At The Rim,Paint,11,15,0.7333333333333333,0.2054794520547945
401825679,41.0,5,Unknown 2PT,Midrange,12,13,0.9230769230769231,0.1780821917808219
401825679,41.0,11,Top of Key 3s,3PT,14,26,0.5384615384615384,0.3561643835616438
401825679,156.0,1,At The Rim,Paint,1,11,0.09090909090909091,0.15714285714285714
401825679,156.0,5,Unknown 2PT,Midrange,7,11,0.6363636363636364,0.15714285714285714
401825679,156.0,11,Top of Key 3s,3PT,10,38,0.2631578947368421,0.5428571428571428
401825680,269.0,1,At The Rim,Paint,14,24,0.5833333333333334,0.35294117647058826
401825680,269.0,5,Unknown 2PT,Midrange,9,10,0.9,0.14705882352941177
401825680,269.0,11,Top of Key 3s,3PT,5,24,0.20833333333333334,0.35294117647058826
401825680,2550.0,1,At The Rim,Paint,10,25,0.4,0.31645569620253167
401825680,2550.0,5,Unknown 2PT,Midrange,14,17,0.8235294117647058,0.21518987341772153
401825680,2550.0,11,Top of Key 3s,3PT,9,23,0.391304347826087,0.2911392405063291
401825681,222.0,1,At The Rim,Paint,17,23,0.7391304347826086,0.3026315789473684
401825681,222.0,5,Unknown 2PT,Midrange,4,4,1.0,0.05263157894736842
401825681,222.0,11,Top of Key 3s,3PT,11,33,0.3333333333333333,0.4342105263157895
401825681,2752.0,1,At The Rim,Paint,4,10,0.4,0.18181818181818182
401825681,2752.0,5,Unknown 2PT,Midrange,6,8,0.75,0.14545454545454545
401825681,2752.0,11,Top of Key 3s,3PT,7,27,0.25925925925925924,0.4909090909090909
401827386,66.0,1,At The Rim,Paint,8,18,0.4444444444444444,0.23076923076923078
401827386,66.0,5,Unknown 2PT,Midrange,16,18,0.8888888888888888,0.23076923076923078
401827386,66.0,11,Top of Key 3s,3PT,10,25,0.4,0.32051282051282054
401827386,252.0,1,At The Rim,Paint,15,22,0.6818181818181818,0.30985915492957744
401827386,252.0,5,Unknown 2PT,Midrange,9,9,1.0,0.1267605633802817
401827386,252.0,11,Top of Key 3s,3PT,10,27,0.37037037037037035,0.38028169014084506
401827387,12.0,1,At The Rim,Paint,13,26,0.5,0.3466666666666667
401827387,12.0,5,Unknown 2PT,Midrange,19,19,1.0,0.25333333333333335
401827387,12.0,11,Top of Key 3s,3PT,2,10,0.2,0.13333333333333333
401827387,2132.0,1,At The Rim,Paint,13,22,0.5909090909090909,0.24719101123595505
401827387,2132.0,5,Unknown 2PT,Midrange,20,21,0.9523809523809523,0.23595505617977527
401827387,2132.0,11,Top of Key 3s,3PT,7,21,0.3333333333333333,0.23595505617977527
401827388,197.0,1,At The Rim,Paint,16,25,0.64,0.33783783783783783
401827388,197.0,5,Unknown 2PT,Midrange,22,23,0.9565217391304348,0.3108108108108108
401827388,197.0,11,Top of Key 3s,3PT,4,16,0.25,0.21621621621621623
401827388,2306.0,1,At The Rim,Paint,20,29,0.6896551724137931,0.3972602739726027
401827388,2306.0,5,Unknown 2PT,Midrange,20,25,0.8,0.3424657534246575
401827388,2306.0,11,Top of Key 3s,3PT,4,8,0.5,0.1095890410958904
401827389,2305.0,1,At The Rim,Paint,12,23,0.5217391304347826,0.3333333333333333
401827389,2305.0,5,Unknown 2PT,Midrange,25,25,1.0,0.36231884057971014
401827389,2305.0,11,Top of Key 3s,3PT,4,11,0.36363636363636365,0.15942028985507245
401827389,2641.0,1,At The Rim,Paint,11,21,0.5238095238095238,0.23863636363636365
401827389,2641.0,5,Unknown 2PT,Midrange,28,29,0.9655172413793104,0.32954545454545453
401827389,2641.0,11,Top of Key 3s,3PT,6,27,0.2222222222222222,0.3068181818181818
401827390,9.0,1,At The Rim,Paint,10,22,0.45454545454545453,0.3142857142857143
401827390,9.0,5,Unknown 2PT,Midrange,15,16,0.9375,0.22857142857142856
401827390,9.0,11,Top of Key 3s,3PT,7,13,0.5384615384615384,0.18571428571428572
401827390,254.0,1,At The Rim,Paint,12,19,0.631578947368421,0.2676056338028169
401827390,254.0,5,Unknown 2PT,Midrange,20,23,0.8695652173913043,0.323943661971831
401827390,254.0,11,Top of Key 3s,3PT,6,25,0.24,0.352112676056338
401827391,38.0,1,At The Rim,Paint,23,33,0.696969696969697,0.38823529411764707
401827391,38.0,5,Unknown 2PT,Midrange,16,18,0.8888888888888888,0.21176470588235294
401827391,38.0,11,Top of Key 3s,3PT,1,10,0.1,0.11764705882352941
401827391,248.0,1,At The Rim,Paint,10,21,0.47619047619047616,0.2876712328767123
401827391,248.0,5,Unknown 2PT,Midrange,18,18,1.0,0.2465753424657534
401827391,248.0,11,Top of Key 3s,3PT,6,20,0.3,0.273972602739726
401827392,277.0,1,At The Rim,Paint,33,51,0.6470588235294118,0.5604395604395604
401827392,277.0,5,Unknown 2PT,Midrange,12,12,1.0,0.13186813186813187
401827392,277.0,11,Top of Key 3s,3PT,7,17,0.4117647058823529,0.18681318681318682
401827392,2116.0,1,At The Rim,Paint,13,24,0.5416666666666666,0.36363636363636365
401827392,2116.0,5,Unknown 2PT,Midrange,9,10,0.9,0.15151515151515152
401827392,2116.0,11,Top of Key 3s,3PT,4,13,0.3076923076923077,0.19696969696969696
401827393,239.0,1,At The Rim,Paint,1,2,0.5,0.0273972602739726
401827393,239.0,5,Unknown 2PT,Midrange,16,16,1.0,0.2191780821917808
401827393,239.0,11,Top of Key 3s,3PT,7,25,0.28,0.3424657534246575
401827393,2628.0,1,At The Rim,Paint,4,4,1.0,0.05405405405405406
401827393,2628.0,5,Unknown 2PT,Midrange,11,11,1.0,0.14864864864864866
401827393,2628.0,11,Top of Key 3s,3PT,15,29,0.5172413793103449,0.3918918918918919
401827584,2005.0,1,At The Rim,Paint,7,20,0.35,0.24691358024691357
401827584,2005.0,5,Unknown 2PT,Midrange,27,29,0.9310344827586207,0.35802469135802467
401827584,2005.0,11,Top of Key 3s,3PT,4,17,0.23529411764705882,0.20987654320987653
401827584,2440.0,1,At The Rim,Paint,17,26,0.6538461538461539,0.3466666666666667
401827584,2440.0,5,Unknown 2PT,Midrange,16,16,1.0,0.21333333333333335
401827584,2440.0,11,Top of Key 3s,3PT,8,20,0.4,0.26666666666666666
401827774,2379.0,1,At The Rim,Paint,9,18,0.5,0.23684210526315788
401827774,2379.0,5,Unknown 2PT,Midrange,15,15,1.0,0.19736842105263158
401827774,2379.0,11,Top of Key 3s,3PT,3,18,0.16666666666666666,0.23684210526315788
401827774,2450.0,1,At The Rim,Paint,11,30,0.36666666666666664,0.36585365853658536
401827774,2450.0,5,Unknown 2PT,Midrange,22,23,0.9565217391304348,0.2804878048780488
401827774,2450.0,11,Top of Key 3s,3PT,2,18,0.1111111111111111,0.21951219512195122
401827848,47.0,1,At The Rim,Paint,15,31,0.4838709677419355,0.45588235294117646
401827848,47.0,5,Unknown 2PT,Midrange,19,19,1.0,0.27941176470588236
401827848,47.0,11,Top of Key 3s,3PT,5,8,0.625,0.11764705882352941
401827848,2169.0,1,At The Rim,Paint,14,21,0.6666666666666666,0.3181818181818182
401827848,2169.0,5,Unknown 2PT,Midrange,13,13,1.0,0.19696969696969696
401827848,2169.0,11,Top of Key 3s,3PT,4,20,0.2,0.30303030303030304
401827862,104.0,1,At The Rim,Paint,11,18,0.6111111111111112,0.3103448275862069
401827862,104.0,5,Unknown 2PT,Midrange,16,18,0.8888888888888888,0.3103448275862069
401827862,104.0,11,Top of Key 3s,3PT,9,17,0.5294117647058824,0.29310344827586204
401827862,349.0,1,At The Rim,Paint,9,15,0.6,0.2054794520547945
401827862,349.0,5,Unknown 2PT,Midrange,17,19,0.8947368421052632,0.2602739726027397
401827862,349.0,11,Top of Key 3s,3PT,9,21,0.42857142857142855,0.2876712328767123
401827871,44.0,1,At The Rim,Paint,8,20,0.4,0.3225806451612903
401827871,44.0,5,Unknown 2PT,Midrange,15,17,0.8823529411764706,0.27419354838709675
401827871,44.0,11,Top of Key 3s,3PT,3,11,0.2727272727272727,0.1774193548387097
401827871,2329.0,1,At The Rim,Paint,12,18,0.6666666666666666,0.2608695652173913
401827871,2329.0,5,Unknown 2PT,Midrange,14,15,0.9333333333333333,0.21739130434782608
401827871,2329.0,11,Top of Key 3s,3PT,14,32,0.4375,0.463768115942029
401828103,5.0,1,At The Rim,Paint,8,16,0.5,0.25
401828103,5.0,5,Unknown 2PT,Midrange,7,8,0.875,0.125
401828103,5.0,11,Top of Key 3s,3PT,11,29,0.3793103448275862,0.453125
401828103,235.0,1,At The Rim,Paint,14,29,0.4827586206896552,0.3972602739726027
401828103,235.0,5,Unknown 2PT,Midrange,8,8,1.0,0.1095890410958904
401828103,235.0,11,Top of Key 3s,3PT,5,18,0.2777777777777778,0.2465753424657534
401828104,151.0,1,At The Rim,Paint,11,17,0.6470588235294118,0.22972972972972974
401828104,151.0,5,Unknown 2PT,Midrange,19,19,1.0,0.25675675675675674
401828104,151.0,11,Top of Key 3s,3PT,6,18,0.3333333333333333,0.24324324324324326
401828104,2655.0,1,At The Rim,Paint,10,25,0.4,0.3424657534246575
401828104,2655.0,5,Unknown 2PT,Midrange,16,18,0.8888888888888888,0.2465753424657534
401828104,2655.0,11,Top of Key 3s,3PT,7,19,0.3684210526315789,0.2602739726027397
401828105,2226.0,1,At The Rim,Paint,16,20,0.8,0.25
401828105,2226.0,5,Unknown 2PT,Midrange,24,24,1.0,0.3
401828105,2226.0,11,Top of Key 3s,3PT,5,17,0.29411764705882354,0.2125
401828105,2724.0,1,At The Rim,Paint,21,42,0.5,0.44680851063829785
401828105,2724.0,5,Unknown 2PT,Midrange,22,22,1.0,0.23404255319148937
401828105,2724.0,11,Top of Key 3s,3PT,3,15,0.2,0.1595744680851064
401828106,242.0,1,At The Rim,Paint,7,10,0.7,0.12048192771084337
401828106,242.0,5,Unknown 2PT,Midrange,26,27,0.9629629629629629,0.3253012048192771
401828106,242.0,11,Top of Key 3s,3PT,9,21,0.42857142857142855,0.25301204819277107
401828106,249.0,1,At The Rim,Paint,9,13,0.6923076923076923,0.1625
401828106,249.0,5,Unknown 2PT,Midrange,19,20,0.95,0.25
401828106,249.0,11,Top of Key 3s,3PT,1,10,0.1,0.125
401828107,218.0,1,At The Rim,Paint,7,19,0.3684210526315789,0.2878787878787879
401828107,218.0,5,Unknown 2PT,Midrange,12,14,0.8571428571428571,0.21212121212121213
401828107,218.0,11,Top of Key 3s,3PT,4,13,0.3076923076923077,0.19696969696969696
401828107,2636.0,1,At The Rim,Paint,9,12,0.75,0.1875
401828107,2636.0,5,Unknown 2PT,Midrange,9,11,0.8181818181818182,0.171875
401828107,2636.0,11,Top of Key 3s,3PT,1,15,0.06666666666666667,0.234375
401828108,58.0,1,At The Rim,Paint,13,26,0.5,0.2988505747126437
401828108,58.0,5,Unknown 2PT,Midrange,22,26,0.8461538461538461,0.2988505747126437
401828108,58.0,11,Top of Key 3s,3PT,5,16,0.3125,0.1839080459770115
401828108,202.0,1,At The Rim,Paint,10,21,0.47619047619047616,0.2727272727272727
401828108,202.0,5,Unknown 2PT,Midrange,19,21,0.9047619047619048,0.2727272727272727
401828108,202.0,11,Top of Key 3s,3PT,7,26,0.2692307692307692,0.33766233766233766
401828109,242.0,1,At The Rim,Paint,11,13,0.8461538461538461,0.1780821917808219
401828109,242.0,5,Unknown 2PT,Midrange,9,10,0.9,0.136986301369863
401828109,242.0,11,Top of Key 3s,3PT,11,24,0.4583333333333333,0.3287671232876712
401828109,2724.0,1,At The Rim,Paint,4,12,0.3333333333333333,0.1643835616438356
401828109,2724.0,5,Unknown 2PT,Midrange,12,14,0.8571428571428571,0.1917808219178082
401828109,2724.0,11,Top of Key 3s,3PT,2,13,0.15384615384615385,0.1780821917808219
401828866,301.0,1,At The Rim,Paint,9,16,0.5625,0.23529411764705882
401828866,301.0,5,Unknown 2PT,Midrange,16,17,0.9411764705882353,0.25
401828866,301.0,11,Top of Key 3s,3PT,2,18,0.1111111111111111,0.2647058823529412
401828866,2250.0,1,At The Rim,Paint,12,20,0.6,0.2702702702702703
401828866,2250.0,5,Unknown 2PT,Midrange,16,17,0.9411764705882353,0.22972972972972974
401828866,2250.0,11,Top of Key 3s,3PT,3,16,0.1875,0.21621621621621623
401828867,2351.0,1,At The Rim,Paint,12,23,0.5217391304347826,0.2804878048780488
401828867,2351.0,5,Unknown 2PT,Midrange,24,29,0.8275862068965517,0.35365853658536583
401828867,2351.0,11,Top of Key 3s,3PT,6,13,0.46153846153846156,0.15853658536585366
401828867,2492.0,1,At The Rim,Paint,15,26,0.5769230769230769,0.3939393939393939
401828867,2492.0,5,Unknown 2PT,Midrange,19,20,0.95,0.30303030303030304
401828867,2492.0,11,Top of Key 3s,3PT,5,14,0.35714285714285715,0.21212121212121213
401828868,204.0,1,At The Rim,Paint,15,33,0.45454545454545453,0.36666666666666664
401828868,204.0,5,Unknown 2PT,Midrange,18,19,0.9473684210526315,0.2111111111111111
401828868,204.0,11,Top of Key 3s,3PT,5,19,0.2631578947368421,0.2111111111111111
401828868,2541.0,1,At The Rim,Paint,6,12,0.5,0.12903225806451613
401828868,2541.0,5,Unknown 2PT,Midrange,17,18,0.9444444444444444,0.1935483870967742
401828868,2541.0,11,Top of Key 3s,3PT,14,40,0.35,0.43010752688172044
401828869,279.0,1,At The Rim,Paint,9,15,0.6,0.21739130434782608
401828869,279.0,5,Unknown 2PT,Midrange,13,13,1.0,0.18840579710144928
401828869,279.0,11,Top of Key 3s,3PT,7,27,0.25925925925925924,0.391304347826087
401828869,2608.0,1,At The Rim,Paint,13,24,0.5416666666666666,0.3582089552238806
401828869,2608.0,5,Unknown 2PT,Midrange,11,11,1.0,0.16417910447761194
401828869,2608.0,11,Top of Key 3s,3PT,2,15,0.13333333333333333,0.22388059701492538
401828870,265.0,1,At The Rim,Paint,15,22,0.6818181818181818,0.3728813559322034
401828870,265.0,5,Unknown 2PT,Midrange,16,16,1.0,0.2711864406779661
401828870,265.0,11,Top of Key 3s,3PT,4,12,0.3333333333333333,0.2033898305084746
401828870,2501.0,1,At The Rim,Paint,6,15,0.4,0.189873417721519
401828870,2501.0,5,Unknown 2PT,Midrange,21,23,0.9130434782608695,0.2911392405063291
401828870,2501.0,11,Top of Key 3s,3PT,10,23,0.43478260869565216,0.2911392405063291
401829124,139.0,1,At The Rim,Paint,12,30,0.4,0.45454545454545453
401829124,139.0,5,Unknown 2PT,Midrange,15,16,0.9375,0.24242424242424243
401829124,139.0,11,Top of Key 3s,3PT,1,12,0.08333333333333333,0.18181818181818182
401829124,2230.0,1,At The Rim,Paint,6,18,0.3333333333333333,0.23076923076923078
401829124,2230.0,5,Unknown 2PT,Midrange,23,25,0.92,0.32051282051282054
401829124,2230.0,11,Top of Key 3s,3PT,2,14,0.14285714285714285,0.1794871794871795
401829125,2168.0,1,At The Rim,Paint,13,20,0.65,0.31746031746031744
401829125,2168.0,5,Unknown 2PT,Midrange,13,13,1.0,0.20634920634920634
401829125,2168.0,11,Top of Key 3s,3PT,5,15,0.3333333333333333,0.23809523809523808
401829125,2244.0,1,At The Rim,Paint,5,13,0.38461538461538464,0.16049382716049382
401829125,2244.0,5,Unknown 2PT,Midrange,18,20,0.9,0.24691358024691357
401829125,2244.0,11,Top of Key 3s,3PT,11,22,0.5,0.2716049382716049
401829126,45.0,1,At The Rim,Paint,12,18,0.6666666666666666,0.2608695652173913
401829126,45.0,5,Unknown 2PT,Midrange,22,23,0.9565217391304348,0.3333333333333333
401829126,45.0,11,Top of Key 3s,3PT,5,12,0.4166666666666667,0.17391304347826086
401829126,2603.0,1,At The Rim,Paint,13,26,0.5,0.32098765432098764
401829126,2603.0,5,Unknown 2PT,Midrange,34,35,0.9714285714285714,0.43209876543209874
401829126,2603.0,11,Top of Key 3s,3PT,6,12,0.5,0.14814814814814814
401829127,2184.0,1,At The Rim,Paint,9,15,0.6,0.25
401829127,2184.0,5,Unknown 2PT,Midrange,14,15,0.9333333333333333,0.25
401829127,2184.0,11,Top of Key 3s,3PT,10,24,0.4166666666666667,0.4
401829127,2350.0,1,At The Rim,Paint,13,23,0.5652173913043478,0.3108108108108108
401829127,2350.0,5,Unknown 2PT,Midrange,14,16,0.875,0.21621621621621623
401829127,2350.0,11,Top of Key 3s,3PT,2,15,0.13333333333333333,0.20270270270270271
401829128,179.0,1,At The Rim,Paint,10,12,0.8333333333333334,0.19672131147540983
401829128,179.0,5,Unknown 2PT,Midrange,7,8,0.875,0.13114754098360656
401829128,179.0,11,Top of Key 3s,3PT,6,24,0.25,0.39344262295081966
401829128,257.0,1,At The Rim,Paint,13,28,0.4642857142857143,0.345679012345679
401829128,257.0,5,Unknown 2PT,Midrange,21,21,1.0,0.25925925925925924
401829128,257.0,11,Top of Key 3s,3PT,10,29,0.3448275862068966,0.35802469135802467
401829129,227.0,1,At The Rim,Paint,20,36,0.5555555555555556,0.4235294117647059
401829129,227.0,5,Unknown 2PT,Midrange,17,17,1.0,0.2
401829129,227.0,11,Top of Key 3s,3PT,8,22,0.36363636363636365,0.25882352941176473
401829129,2670.0,1,At The Rim,Paint,12,22,0.5454545454545454,0.2972972972972973
401829129,2670.0,5,Unknown 2PT,Midrange,11,11,1.0,0.14864864864864866
401829129,2670.0,11,Top of Key 3s,3PT,2,25,0.08,0.33783783783783783
401829595,68.0,1,At The Rim,Paint,7,13,0.5384615384615384,0.15476190476190477
401829595,68.0,5,Unknown 2PT,Midrange,18,18,1.0,0.21428571428571427
401829595,68.0,11,Top of Key 3s,3PT,7,22,0.3181818181818182,0.2619047619047619
401829595,278.0,1,At The Rim,Paint,11,18,0.6111111111111112,0.20689655172413793
401829595,278.0,5,Unknown 2PT,Midrange,27,29,0.9310344827586207,0.3333333333333333
401829595,278.0,11,Top of Key 3s,3PT,7,19,0.3684210526315789,0.21839080459770116
401830082,2415.0,1,At The Rim,Paint,9,17,0.5294117647058824,0.20987654320987653
401830082,2415.0,5,Unknown 2PT,Midrange,21,23,0.9130434782608695,0.2839506172839506
401830082,2415.0,11,Top of Key 3s,3PT,7,18,0.3888888888888889,0.2222222222222222
401830082,2428.0,1,At The Rim,Paint,17,31,0.5483870967741935,0.3563218390804598
401830082,2428.0,5,Unknown 2PT,Midrange,27,28,0.9642857142857143,0.3218390804597701
401830082,2428.0,11,Top of Key 3s,3PT,4,18,0.2222222222222222,0.20689655172413793
401830441,21.0,1,At The Rim,Paint,4,5,0.8,0.07575757575757576
401830441,21.0,5,Unknown 2PT,Midrange,15,15,1.0,0.22727272727272727
401830441,21.0,11,Top of Key 3s,3PT,7,19,0.3684210526315789,0.2878787878787879
401830441,36.0,1,At The Rim,Paint,9,17,0.5294117647058824,0.2328767123287671
401830441,36.0,5,Unknown 2PT,Midrange,20,20,1.0,0.273972602739726
401830441,36.0,11,Top of Key 3s,3PT,5,19,0.2631578947368421,0.2602739726027397
401830466,50.0,1,At The Rim,Paint,7,18,0.3888888888888889,0.23076923076923078
401830466,50.0,5,Unknown 2PT,Midrange,23,24,0.9583333333333334,0.3076923076923077
401830466,50.0,11,Top of Key 3s,3PT,3,9,0.3333333333333333,0.11538461538461539
401830466,2016.0,1,At The Rim,Paint,15,23,0.6521739130434783,0.3026315789473684
401830466,2016.0,5,Unknown 2PT,Midrange,17,18,0.9444444444444444,0.23684210526315788
401830466,2016.0,11,Top of Key 3s,3PT,4,20,0.2,0.2631578947368421
401831144,282.0,1,At The Rim,Paint,9,18,0.5,0.1935483870967742
401831144,282.0,5,Unknown 2PT,Midrange,22,25,0.88,0.26881720430107525
401831144,282.0,11,Top of Key 3s,3PT,10,27,0.37037037037037035,0.2903225806451613
401831144,2460.0,1,At The Rim,Paint,14,24,0.5833333333333334,0.27906976744186046
401831144,2460.0,5,Unknown 2PT,Midrange,23,23,1.0,0.26744186046511625
401831144,2460.0,11,Top of Key 3s,3PT,13,30,0.43333333333333335,0.3488372093023256
401831145,82.0,1,At The Rim,Paint,9,24,0.375,0.3157894736842105
401831145,82.0,5,Unknown 2PT,Midrange,12,15,0.8,0.19736842105263158
401831145,82.0,11,Top of Key 3s,3PT,2,12,0.16666666666666666,0.15789473684210525
401831145,2057.0,1,At The Rim,Paint,12,25,0.48,0.36764705882352944
401831145,2057.0,5,Unknown 2PT,Midrange,8,11,0.7272727272727273,0.16176470588235295
401831145,2057.0,11,Top of Key 3s,3PT,11,20,0.55,0.29411764705882354
401831146,71.0,1,At The Rim,Paint,12,27,0.4444444444444444,0.3103448275862069
401831146,71.0,5,Unknown 2PT,Midrange,22,22,1.0,0.25287356321839083
401831146,71.0,11,Top of Key 3s,3PT,10,27,0.37037037037037035,0.3103448275862069
401831146,339.0,1,At The Rim,Paint,15,25,0.6,0.373134328358209
401831146,339.0,5,Unknown 2PT,Midrange,9,10,0.9,0.14925373134328357
401831146,339.0,11,Top of Key 3s,3PT,6,19,0.3157894736842105,0.2835820895522388
401831147,79.0,1,At The Rim,Paint,7,18,0.3888888888888889,0.23376623376623376
401831147,79.0,5,Unknown 2PT,Midrange,12,12,1.0,0.15584415584415584
401831147,79.0,11,Top of Key 3s,3PT,12,20,0.6,0.2597402597402597
401831147,2287.0,1,At The Rim,Paint,11,23,0.4782608695652174,0.3194444444444444
401831147,2287.0,5,Unknown 2PT,Midrange,13,13,1.0,0.18055555555555555
401831147,2287.0,11,Top of Key 3s,3PT,6,18,0.3333333333333333,0.25
401831148,93.0,1,At The Rim,Paint,20,33,0.6060606060606061,0.3473684210526316
401831148,93.0,5,Unknown 2PT,Midrange,19,19,1.0,0.2
401831148,93.0,11,Top of Key 3s,3PT,11,29,0.3793103448275862,0.30526315789473685
401831148,2674.0,1,At The Rim,Paint,16,29,0.5517241379310345,0.4027777777777778
401831148,2674.0,5,Unknown 2PT,Midrange,3,3,1.0,0.041666666666666664
401831148,2674.0,11,Top of Key 3s,3PT,7,24,0.2916666666666667,0.3333333333333333
401831329,23.0,1,At The Rim,Paint,7,16,0.4375,0.23880597014925373
401831329,23.0,5,Unknown 2PT,Midrange,18,21,0.8571428571428571,0.31343283582089554
401831329,23.0,11,Top of Key 3s,3PT,9,19,0.47368421052631576,0.2835820895522388
401831329,167.0,1,At The Rim,Paint,7,11,0.6363636363636364,0.13095238095238096
401831329,167.0,5,Unknown 2PT,Midrange,12,14,0.8571428571428571,0.16666666666666666
401831329,167.0,11,Top of Key 3s,3PT,11,37,0.2972972972972973,0.44047619047619047
401831330,2439.0,1,At The Rim,Paint,10,21,0.47619047619047616,0.28
401831330,2439.0,5,Unknown 2PT,Midrange,18,19,0.9473684210526315,0.25333333333333335
401831330,2439.0,11,Top of Key 3s,3PT,6,19,0.3157894736842105,0.25333333333333335
401831330,2751.0,1,At The Rim,Paint,5,9,0.5555555555555556,0.125
401831330,2751.0,5,Unknown 2PT,Midrange,13,13,1.0,0.18055555555555555
401831330,2751.0,11,Top of Key 3s,3PT,16,36,0.4444444444444444,0.5
401858743,2169.0,1,At The Rim,Paint,8,21,0.38095238095238093,0.3
401858743,2169.0,5,Unknown 2PT,Midrange,16,17,0.9411764705882353,0.24285714285714285
401858743,2169.0,11,Top of Key 3s,3PT,3,12,0.25,0.17142857142857143
401858743,2428.0,1,At The Rim,Paint,10,29,0.3448275862068966,0.3625
401858743,2428.0,5,Unknown 2PT,Midrange,25,27,0.9259259259259259,0.3375
401858743,2428.0,11,Top of Key 3s,3PT,5,14,0.35714285714285715,0.175
401858823,290.0,1,At The Rim,Paint,15,27,0.5555555555555556,0.38571428571428573
401858823,290.0,5,Unknown 2PT,Midrange,19,19,1.0,0.2714285714285714
401858823,290.0,11,Top of Key 3s,3PT,5,12,0.4166666666666667,0.17142857142857143
401858823,2032.0,1,At The Rim,Paint,13,41,0.3170731707317073,0.47126436781609193
401858823,2032.0,5,Unknown 2PT,Midrange,19,22,0.8636363636363636,0.25287356321839083
401858823,2032.0,11,Top of Key 3s,3PT,7,21,0.3333333333333333,0.2413793103448276
401805041,2229.0,1,At The Rim,Paint,18,24,0.75,0.36923076923076925
401805041,2229.0,5,Unknown 2PT,Midrange,18,19,0.9473684210526315,0.2923076923076923
401805041,2229.0,11,Top of Key 3s,3PT,2,10,0.2,0.15384615384615385
401805041,2534.0,1,At The Rim,Paint,13,24,0.5416666666666666,0.36363636363636365
401805041,2534.0,5,Unknown 2PT,Midrange,16,17,0.9411764705882353,0.25757575757575757
401805041,2534.0,11,Top of Key 3s,3PT,6,13,0.46153846153846156,0.19696969696969696
401805042,55.0,1,At The Rim,Paint,1,9,0.1111111111111111,0.15
401805042,55.0,5,Unknown 2PT,Midrange,12,13,0.9230769230769231,0.21666666666666667
401805042,55.0,11,Top of Key 3s,3PT,9,31,0.2903225806451613,0.5166666666666667
401805042,98.0,1,At The Rim,Paint,15,29,0.5172413793103449,0.47540983606557374
401805042,98.0,5,Unknown 2PT,Midrange,6,8,0.75,0.13114754098360656
401805042,98.0,11,Top of Key 3s,3PT,4,16,0.25,0.26229508196721313
401805043,338.0,1,At The Rim,Paint,13,19,0.6842105263157895,0.34545454545454546
401805043,338.0,5,Unknown 2PT,Midrange,8,8,1.0,0.14545454545454545
401805043,338.0,11,Top of Key 3s,3PT,1,8,0.125,0.14545454545454545
401805043,2393.0,1,At The Rim,Paint,8,12,0.6666666666666666,0.16666666666666666
401805043,2393.0,5,Unknown 2PT,Midrange,16,18,0.8888888888888888,0.25
401805043,2393.0,11,Top of Key 3s,3PT,11,25,0.44,0.3472222222222222
401805044,2348.0,1,At The Rim,Paint,13,28,0.4642857142857143,0.4057971014492754
401805044,2348.0,5,Unknown 2PT,Midrange,11,13,0.8461538461538461,0.18840579710144928
401805044,2348.0,11,Top of Key 3s,3PT,10,23,0.43478260869565216,0.3333333333333333
401805044,2623.0,1,At The Rim,Paint,18,22,0.8181818181818182,0.34375
401805044,2623.0,5,Unknown 2PT,Midrange,6,7,0.8571428571428571,0.109375
401805044,2623.0,11,Top of Key 3s,3PT,5,16,0.3125,0.25
401805045,166.0,1,At The Rim,Paint,12,29,0.41379310344827586,0.4142857142857143
401805045,166.0,5,Unknown 2PT,Midrange,14,14,1.0,0.2
401805045,166.0,11,Top of Key 3s,3PT,1,11,0.09090909090909091,0.15714285714285714
401805045,2335.0,1,At The Rim,Paint,16,33,0.48484848484848486,0.4583333333333333
401805045,2335.0,5,Unknown 2PT,Midrange,11,13,0.8461538461538461,0.18055555555555555
401805045,2335.0,11,Top of Key 3s,3PT,6,18,0.3333333333333333,0.25
401805046,48.0,1,At The Rim,Paint,8,16,0.5,0.23529411764705882
401805046,48.0,5,Unknown 2PT,Midrange,19,19,1.0,0.27941176470588236
401805046,48.0,11,Top of Key 3s,3PT,10,21,0.47619047619047616,0.3088235294117647
401805046,2638.0,1,At The Rim,Paint,24,38,0.631578947368421,0.4935064935064935
401805046,2638.0,5,Unknown 2PT,Midrange,12,13,0.9230769230769231,0.16883116883116883
401805046,2638.0,11,Top of Key 3s,3PT,5,13,0.38461538461538464,0.16883116883116883
401805131,2000.0,1,At The Rim,Paint,9,21,0.42857142857142855,0.28378378378378377
401805131,2000.0,5,Unknown 2PT,Midrange,24,25,0.96,0.33783783783783783
401805131,2000.0,11,Top of Key 3s,3PT,9,21,0.42857142857142855,0.28378378378378377
401805131,2627.0,1,At The Rim,Paint,13,24,0.5416666666666666,0.34285714285714286
401805131,2627.0,5,Unknown 2PT,Midrange,19,19,1.0,0.2714285714285714
401805131,2627.0,11,Top of Key 3s,3PT,6,18,0.3333333333333333,0.2571428571428571
401805132,250.0,1,At The Rim,Paint,20,35,0.5714285714285714,0.4430379746835443
401805132,250.0,5,Unknown 2PT,Midrange,22,23,0.9565217391304348,0.2911392405063291
401805132,250.0,11,Top of Key 3s,3PT,0,5,0.0,0.06329113924050633
401805132,253.0,1,At The Rim,Paint,15,24,0.625,0.3037974683544304
401805132,253.0,5,Unknown 2PT,Midrange,27,27,1.0,0.34177215189873417
401805132,253.0,11,Top of Key 3s,3PT,6,15,0.4,0.189873417721519
401805133,2856.0,1,At The Rim,Paint,18,35,0.5142857142857142,0.3977272727272727
401805133,2856.0,5,Unknown 2PT,Midrange,13,13,1.0,0.14772727272727273
401805133,2856.0,11,Top of Key 3s,3PT,11,34,0.3235294117647059,0.38636363636363635
401805133,3101.0,1,At The Rim,Paint,17,30,0.5666666666666667,0.3614457831325301
401805133,3101.0,5,Unknown 2PT,Midrange,23,26,0.8846153846153846,0.3132530120481928
401805133,3101.0,11,Top of Key 3s,3PT,5,20,0.25,0.24096385542168675
401806596,2031.0,1,At The Rim,Paint,16,28,0.5714285714285714,0.3684210526315789
401806596,2031.0,5,Unknown 2PT,Midrange,11,11,1.0,0.14473684210526316
401806596,2031.0,11,Top of Key 3s,3PT,8,16,0.5,0.21052631578947367
401806596,2197.0,1,At The Rim,Paint,9,19,0.47368421052631576,0.24358974358974358
401806596,2197.0,5,Unknown 2PT,Midrange,26,27,0.9629629629629629,0.34615384615384615
401806596,2197.0,11,Top of Key 3s,3PT,4,24,0.16666666666666666,0.3076923076923077
401806597,2546.0,1,At The Rim,Paint,17,25,0.68,0.36764705882352944
401806597,2546.0,5,Unknown 2PT,Midrange,15,15,1.0,0.22058823529411764
401806597,2546.0,11,Top of Key 3s,3PT,6,18,0.3333333333333333,0.2647058823529412
401806597,2815.0,1,At The Rim,Paint,13,20,0.65,0.24691358024691357
401806597,2815.0,5,Unknown 2PT,Midrange,21,23,0.9130434782608695,0.2839506172839506
401806597,2815.0,11,Top of Key 3s,3PT,6,23,0.2608695652173913,0.2839506172839506
401806598,2413.0,1,At The Rim,Paint,11,30,0.36666666666666664,0.3448275862068966
401806598,2413.0,5,Unknown 2PT,Midrange,21,21,1.0,0.2413793103448276
401806598,2413.0,11,Top of Key 3s,3PT,12,33,0.36363636363636365,0.3793103448275862
401806598,2634.0,1,At The Rim,Paint,8,20,0.4,0.2857142857142857
401806598,2634.0,5,Unknown 2PT,Midrange,22,24,0.9166666666666666,0.34285714285714286
401806598,2634.0,11,Top of Key 3s,3PT,3,15,0.2,0.21428571428571427
401806599,2565.0,1,At The Rim,Paint,11,20,0.55,0.2857142857142857
401806599,2565.0,5,Unknown 2PT,Midrange,11,11,1.0,0.15714285714285714
401806599,2565.0,11,Top of Key 3s,3PT,7,22,0.3181818181818182,0.3142857142857143
401806599,2630.0,1,At The Rim,Paint,5,10,0.5,0.1694915254237288
401806599,2630.0,5,Unknown 2PT,Midrange,10,10,1.0,0.1694915254237288
401806599,2630.0,11,Top of Key 3s,3PT,5,14,0.35714285714285715,0.23728813559322035
401806600,88.0,1,At The Rim,Paint,19,28,0.6785714285714286,0.2545454545454545
401806600,88.0,5,Unknown 2PT,Midrange,29,30,0.9666666666666667,0.2727272727272727
401806600,88.0,11,Top of Key 3s,3PT,3,21,0.14285714285714285,0.19090909090909092
401806600,2635.0,1,At The Rim,Paint,10,27,0.37037037037037035,0.2903225806451613
401806600,2635.0,5,Unknown 2PT,Midrange,21,23,0.9130434782608695,0.24731182795698925
401806600,2635.0,11,Top of Key 3s,3PT,11,25,0.44,0.26881720430107525
401807620,99.0,1,At The Rim,Paint,17,28,0.6071428571428571,0.3010752688172043
401807620,99.0,5,Unknown 2PT,Midrange,23,23,1.0,0.24731182795698925
401807620,99.0,11,Top of Key 3s,3PT,2,12,0.16666666666666666,0.12903225806451613
401807620,2579.0,1,At The Rim,Paint,19,36,0.5277777777777778,0.43373493975903615
401807620,2579.0,5,Unknown 2PT,Midrange,17,17,1.0,0.20481927710843373
401807620,2579.0,11,Top of Key 3s,3PT,8,17,0.47058823529411764,0.20481927710843373
401807846,91.0,1,At The Rim,Paint,4,16,0.25,0.26666666666666666
401807846,91.0,5,Unknown 2PT,Midrange,15,15,1.0,0.25
401807846,91.0,11,Top of Key 3s,3PT,6,18,0.3333333333333333,0.3
401807846,2110.0,1,At The Rim,Paint,12,15,0.8,0.19230769230769232
401807846,2110.0,5,Unknown 2PT,Midrange,9,11,0.8181818181818182,0.14102564102564102
401807846,2110.0,11,Top of Key 3s,3PT,13,36,0.3611111111111111,0.46153846153846156
401807847,56.0,1,At The Rim,Paint,12,17,0.7058823529411765,0.20987654320987653
401807847,56.0,5,Unknown 2PT,Midrange,23,24,0.9583333333333334,0.2962962962962963
401807847,56.0,11,Top of Key 3s,3PT,4,32,0.125,0.3950617283950617
401807847,526.0,1,At The Rim,Paint,6,13,0.46153846153846156,0.19402985074626866
401807847,526.0,5,Unknown 2PT,Midrange,17,18,0.9444444444444444,0.26865671641791045
401807847,526.0,11,Top of Key 3s,3PT,8,22,0.36363636363636365,0.3283582089552239
401807848,294.0,1,At The Rim,Paint,14,30,0.4666666666666667,0.37037037037037035
401807848,294.0,5,Unknown 2PT,Midrange,18,18,1.0,0.2222222222222222
401807848,294.0,11,Top of Key 3s,3PT,3,16,0.1875,0.19753086419753085
401807848,2454.0,1,At The Rim,Paint,11,23,0.4782608695652174,0.30666666666666664
401807848,2454.0,5,Unknown 2PT,Midrange,12,16,0.75,0.21333333333333335
401807848,2454.0,11,Top of Key 3s,3PT,6,25,0.24,0.3333333333333333
401807849,2198.0,1,At The Rim,Paint,12,21,0.5714285714285714,0.25301204819277107
401807849,2198.0,5,Unknown 2PT,Midrange,36,36,1.0,0.43373493975903615
401807849,2198.0,11,Top of Key 3s,3PT,7,23,0.30434782608695654,0.27710843373493976
401807849,2453.0,1,At The Rim,Paint,16,25,0.64,0.3424657534246575
401807849,2453.0,5,Unknown 2PT,Midrange,15,15,1.0,0.2054794520547945
401807849,2453.0,11,Top of Key 3s,3PT,3,18,0.16666666666666666,0.2465753424657534
401807850,288.0,1,At The Rim,Paint,12,31,0.3870967741935484,0.4189189189189189
401807850,288.0,5,Unknown 2PT,Midrange,21,21,1.0,0.28378378378378377
401807850,288.0,11,Top of Key 3s,3PT,6,18,0.3333333333333333,0.24324324324324326
401807850,2511.0,1,At The Rim,Paint,9,16,0.5625,0.20253164556962025
401807850,2511.0,5,Unknown 2PT,Midrange,19,23,0.8260869565217391,0.2911392405063291
401807850,2511.0,11,Top of Key 3s,3PT,10,22,0.45454545454545453,0.27848101265822783
401807851,2046.0,1,At The Rim,Paint,14,20,0.7,0.29850746268656714
401807851,2046.0,5,Unknown 2PT,Midrange,11,12,0.9166666666666666,0.1791044776119403
401807851,2046.0,11,Top of Key 3s,3PT,7,22,0.3181818181818182,0.3283582089552239
401807851,2698.0,1,At The Rim,Paint,15,21,0.7142857142857143,0.29577464788732394
401807851,2698.0,5,Unknown 2PT,Midrange,20,21,0.9523809523809523,0.29577464788732394
401807851,2698.0,11,Top of Key 3s,3PT,14,23,0.6086956521739131,0.323943661971831
401807888,2377.0,1,At The Rim,Paint,10,18,0.5555555555555556,0.21428571428571427
401807888,2377.0,5,Unknown 2PT,Midrange,25,28,0.8928571428571429,0.3333333333333333
401807888,2377.0,11,Top of Key 3s,3PT,3,11,0.2727272727272727,0.13095238095238096
401807888,2837.0,1,At The Rim,Paint,10,23,0.43478260869565216,0.36507936507936506
401807888,2837.0,5,Unknown 2PT,Midrange,20,23,0.8695652173913043,0.36507936507936506
401807888,2837.0,11,Top of Key 3s,3PT,7,13,0.5384615384615384,0.20634920634920634
401807909,357.0,1,At The Rim,Paint,8,20,0.4,0.3076923076923077
401807909,357.0,5,Unknown 2PT,Midrange,16,17,0.9411764705882353,0.26153846153846155
401807909,357.0,11,Top of Key 3s,3PT,6,18,0.3333333333333333,0.27692307692307694
401807909,2320.0,1,At The Rim,Paint,11,22,0.5,0.2619047619047619
401807909,2320.0,5,Unknown 2PT,Midrange,24,27,0.8888888888888888,0.32142857142857145
401807909,2320.0,11,Top of Key 3s,3PT,3,10,0.3,0.11904761904761904
401807960,2277.0,1,At The Rim,Paint,15,31,0.4838709677419355,0.4025974025974026
401807960,2277.0,5,Unknown 2PT,Midrange,20,22,0.9090909090909091,0.2857142857142857
401807960,2277.0,11,Top of Key 3s,3PT,5,13,0.38461538461538464,0.16883116883116883
401807960,2443.0,1,At The Rim,Paint,11,23,0.4782608695652174,0.2987012987012987
401807960,2443.0,5,Unknown 2PT,Midrange,20,22,0.9090909090909091,0.2857142857142857
401807960,2443.0,11,Top of Key 3s,3PT,3,13,0.23076923076923078,0.16883116883116883
401807981,2466.0,1,At The Rim,Paint,9,13,0.6923076923076923,0.21311475409836064
401807981,2466.0,5,Unknown 2PT,Midrange,11,11,1.0,0.18032786885245902
401807981,2466.0,11,Top of Key 3s,3PT,10,30,0.3333333333333333,0.4918032786885246
401807981,2545.0,1,At The Rim,Paint,7,13,0.5384615384615384,0.21311475409836064
401807981,2545.0,5,Unknown 2PT,Midrange,4,7,0.5714285714285714,0.11475409836065574
401807981,2545.0,11,Top of Key 3s,3PT,8,26,0.3076923076923077,0.4262295081967213
401808001,292.0,1,At The Rim,Paint,11,24,0.4583333333333333,0.3380281690140845
401808001,292.0,5,Unknown 2PT,Midrange,17,18,0.9444444444444444,0.2535211267605634
401808001,292.0,11,Top of Key 3s,3PT,9,17,0.5294117647058824,0.23943661971830985
401808001,2617.0,1,At The Rim,Paint,15,30,0.5,0.38961038961038963
401808001,2617.0,5,Unknown 2PT,Midrange,12,12,1.0,0.15584415584415584
401808001,2617.0,11,Top of Key 3s,3PT,11,30,0.36666666666666664,0.38961038961038963
401808041,331.0,1,At The Rim,Paint,11,30,0.36666666666666664,0.35714285714285715
401808041,331.0,5,Unknown 2PT,Midrange,17,17,1.0,0.20238095238095238
401808041,331.0,11,Top of Key 3s,3PT,9,25,0.36,0.2976190476190476
401808041,2692.0,1,At The Rim,Paint,13,29,0.4482758620689655,0.4264705882352941
401808041,2692.0,5,Unknown 2PT,Midrange,8,8,1.0,0.11764705882352941
401808041,2692.0,11,Top of Key 3s,3PT,13,23,0.5652173913043478,0.3382352941176471
401808071,70.0,1,At The Rim,Paint,11,23,0.4782608695652174,0.27058823529411763
401808071,70.0,5,Unknown 2PT,Midrange,18,23,0.782608695652174,0.27058823529411763
401808071,70.0,11,Top of Key 3s,3PT,7,27,0.25925925925925924,0.3176470588235294
401808071,304.0,1,At The Rim,Paint,9,18,0.5,0.2465753424657534
401808071,304.0,5,Unknown 2PT,Midrange,14,18,0.7777777777777778,0.2465753424657534
401808071,304.0,11,Top of Key 3s,3PT,1,9,0.1111111111111111,0.1232876712328767
401808098,2458.0,1,At The Rim,Paint,14,30,0.4666666666666667,0.410958904109589
401808098,2458.0,5,Unknown 2PT,Midrange,27,27,1.0,0.3698630136986301
401808098,2458.0,11,Top of Key 3s,3PT,6,13,0.46153846153846156,0.1780821917808219
401808098,2502.0,1,At The Rim,Paint,10,19,0.5263157894736842,0.2638888888888889
401808098,2502.0,5,Unknown 2PT,Midrange,25,26,0.9615384615384616,0.3611111111111111
401808098,2502.0,11,Top of Key 3s,3PT,2,13,0.15384615384615385,0.18055555555555555
401808451,147.0,1,At The Rim,Paint,16,26,0.6153846153846154,0.38235294117647056
401808451,147.0,5,Unknown 2PT,Midrange,10,10,1.0,0.14705882352941177
401808451,147.0,11,Top of Key 3s,3PT,9,22,0.4090909090909091,0.3235294117647059
401808451,149.0,1,At The Rim,Paint,8,21,0.38095238095238093,0.3620689655172414
401808451,149.0,5,Unknown 2PT,Midrange,7,7,1.0,0.1206896551724138
401808451,149.0,11,Top of Key 3s,3PT,9,24,0.375,0.41379310344827586
401808562,16.0,1,At The Rim,Paint,12,18,0.6666666666666666,0.2647058823529412
401808562,16.0,5,Unknown 2PT,Midrange,5,6,0.8333333333333334,0.08823529411764706
401808562,16.0,11,Top of Key 3s,3PT,6,29,0.20689655172413793,0.4264705882352941
401808562,2464.0,1,At The Rim,Paint,11,20,0.55,0.28169014084507044
401808562,2464.0,5,Unknown 2PT,Midrange,16,19,0.8421052631578947,0.2676056338028169
401808562,2464.0,11,Top of Key 3s,3PT,6,18,0.3333333333333333,0.2535211267605634
401808745,2026.0,1,At The Rim,Paint,18,28,0.6428571428571429,0.3684210526315789
401808745,2026.0,5,Unknown 2PT,Midrange,21,22,0.9545454545454546,0.2894736842105263
401808745,2026.0,11,Top of Key 3s,3PT,6,18,0.3333333333333333,0.23684210526315788
401808745,2247.0,1,At The Rim,Paint,11,24,0.4583333333333333,0.27906976744186046
401808745,2247.0,5,Unknown 2PT,Midrange,20,22,0.9090909090909091,0.2558139534883721
401808745,2247.0,11,Top of Key 3s,3PT,7,31,0.22580645161290322,0.36046511627906974
401808761,276.0,1,At The Rim,Paint,14,22,0.6363636363636364,0.3283582089552239
401808761,276.0,5,Unknown 2PT,Midrange,20,20,1.0,0.29850746268656714
401808761,276.0,11,Top of Key 3s,3PT,5,20,0.25,0.29850746268656714
401808761,2032.0,1,At The Rim,Paint,12,18,0.6666666666666666,0.21686746987951808
401808761,2032.0,5,Unknown 2PT,Midrange,9,9,1.0,0.10843373493975904
401808761,2032.0,11,Top of Key 3s,3PT,7,50,0.14,0.6024096385542169
401808777,290.0,1,At The Rim,Paint,10,16,0.625,0.26229508196721313
401808777,290.0,5,Unknown 2PT,Midrange,15,15,1.0,0.2459016393442623
401808777,290.0,11,Top of Key 3s,3PT,10,20,0.5,0.32786885245901637
401808777,324.0,1,At The Rim,Paint,8,28,0.2857142857142857,0.3684210526315789
401808777,324.0,5,Unknown 2PT,Midrange,17,19,0.8947368421052632,0.25
401808777,324.0,11,Top of Key 3s,3PT,7,17,0.4117647058823529,0.2236842105263158
401808814,256.0,1,At The Rim,Paint,21,43,0.4883720930232558,0.5119047619047619
401808814,256.0,5,Unknown 2PT,Midrange,17,17,1.0,0.20238095238095238
401808814,256.0,11,Top of Key 3s,3PT,8,14,0.5714285714285714,0.16666666666666666
401808814,295.0,1,At The Rim,Paint,10,23,0.43478260869565216,0.3150684931506849
401808814,295.0,5,Unknown 2PT,Midrange,11,11,1.0,0.1506849315068493
401808814,295.0,11,Top of Key 3s,3PT,2,12,0.16666666666666666,0.1643835616438356
401808825,6.0,1,At The Rim,Paint,11,20,0.55,0.2857142857142857
401808825,6.0,5,Unknown 2PT,Midrange,16,16,1.0,0.22857142857142856
401808825,6.0,11,Top of Key 3s,3PT,4,22,0.18181818181818182,0.3142857142857143
401808825,309.0,1,At The Rim,Paint,5,11,0.45454545454545453,0.1506849315068493
401808825,309.0,5,Unknown 2PT,Midrange,12,12,1.0,0.1643835616438356
401808825,309.0,11,Top of Key 3s,3PT,5,14,0.35714285714285715,0.1917808219178082
401808834,2433.0,1,At The Rim,Paint,11,27,0.4074074074074074,0.313953488372093
401808834,2433.0,5,Unknown 2PT,Midrange,18,18,1.0,0.20930232558139536
401808834,2433.0,11,Top of Key 3s,3PT,14,32,0.4375,0.37209302325581395
401808834,2653.0,1,At The Rim,Paint,13,28,0.4642857142857143,0.3373493975903614
401808834,2653.0,5,Unknown 2PT,Midrange,20,20,1.0,0.24096385542168675
401808834,2653.0,11,Top of Key 3s,3PT,8,20,0.4,0.24096385542168675
401808855,326.0,1,At The Rim,Paint,19,33,0.5757575757575758,0.39759036144578314
401808855,326.0,5,Unknown 2PT,Midrange,22,22,1.0,0.26506024096385544
401808855,326.0,11,Top of Key 3s,3PT,2,10,0.2,0.12048192771084337
401808855,2572.0,1,At The Rim,Paint,11,26,0.4230769230769231,0.2524271844660194
401808855,2572.0,5,Unknown 2PT,Midrange,40,40,1.0,0.3883495145631068
401808855,2572.0,11,Top of Key 3s,3PT,7,18,0.3888888888888889,0.17475728155339806
401809061,2447.0,1,At The Rim,Paint,17,35,0.4857142857142857,0.45454545454545453
401809061,2447.0,5,Unknown 2PT,Midrange,10,11,0.9090909090909091,0.14285714285714285
401809061,2447.0,11,Top of Key 3s,3PT,4,11,0.36363636363636365,0.14285714285714285
401809061,2916.0,1,At The Rim,Paint,8,12,0.6666666666666666,0.1791044776119403
401809061,2916.0,5,Unknown 2PT,Midrange,24,24,1.0,0.3582089552238806
401809061,2916.0,11,Top of Key 3s,3PT,11,24,0.4583333333333333,0.3582089552238806
401812230,399.0,1,At The Rim,Paint,8,14,0.5714285714285714,0.23333333333333334
401812230,399.0,5,Unknown 2PT,Midrange,22,23,0.9565217391304348,0.38333333333333336
401812230,399.0,11,Top of Key 3s,3PT,6,18,0.3333333333333333,0.3
401812230,2066.0,1,At The Rim,Paint,12,25,0.48,0.38461538461538464
401812230,2066.0,5,Unknown 2PT,Midrange,14,17,0.8235294117647058,0.26153846153846155
401812230,2066.0,11,Top of Key 3s,3PT,2,14,0.14285714285714285,0.2153846153846154
401812231,311.0,1,At The Rim,Paint,11,33,0.3333333333333333,0.4342105263157895
401812231,311.0,5,Unknown 2PT,Midrange,11,12,0.9166666666666666,0.15789473684210525
401812231,311.0,11,Top of Key 3s,3PT,2,21,0.09523809523809523,0.27631578947368424
401812231,2885.0,1,At The Rim,Paint,10,24,0.4166666666666667,0.3582089552238806
401812231,2885.0,5,Unknown 2PT,Midrange,9,11,0.8181818181818182,0.16417910447761194
401812231,2885.0,11,Top of Key 3s,3PT,9,23,0.391304347826087,0.34328358208955223
401812232,160.0,1,At The Rim,Paint,12,22,0.5454545454545454,0.39285714285714285
401812232,160.0,5,Unknown 2PT,Midrange,9,10,0.9,0.17857142857142858
401812232,160.0,11,Top of Key 3s,3PT,4,15,0.26666666666666666,0.26785714285714285
401812232,2378.0,1,At The Rim,Paint,14,22,0.6363636363636364,0.3013698630136986
401812232,2378.0,5,Unknown 2PT,Midrange,20,24,0.8333333333333334,0.3287671232876712
401812232,2378.0,11,Top of Key 3s,3PT,2,13,0.15384615384615385,0.1780821917808219
401812233,261.0,1,At The Rim,Paint,14,23,0.6086956521739131,0.3484848484848485
401812233,261.0,5,Unknown 2PT,Midrange,17,17,1.0,0.25757575757575757
401812233,261.0,11,Top of Key 3s,3PT,3,14,0.21428571428571427,0.21212121212121213
401812233,2803.0,1,At The Rim,Paint,11,24,0.4583333333333333,0.36363636363636365
401812233,2803.0,5,Unknown 2PT,Midrange,5,6,0.8333333333333334,0.09090909090909091
401812233,2803.0,11,Top of Key 3s,3PT,4,22,0.18181818181818182,0.3333333333333333
401812443,161.0,1,At The Rim,Paint,9,13,0.6923076923076923,0.16666666666666666
401812443,161.0,5,Unknown 2PT,Midrange,17,20,0.85,0.2564102564102564
401812443,161.0,11,Top of Key 3s,3PT,14,35,0.4,0.44871794871794873
401812443,2115.0,1,At The Rim,Paint,5,17,0.29411764705882354,0.29310344827586204
401812443,2115.0,5,Unknown 2PT,Midrange,9,9,1.0,0.15517241379310345
401812443,2115.0,11,Top of Key 3s,3PT,0,5,0.0,0.08620689655172414
401812460,2441.0,1,At The Rim,Paint,15,34,0.4411764705882353,0.38636363636363635
401812460,2441.0,5,Unknown 2PT,Midrange,16,17,0.9411764705882353,0.19318181818181818
401812460,2441.0,11,Top of Key 3s,3PT,5,18,0.2777777777777778,0.20454545454545456
401812460,112358.0,1,At The Rim,Paint,17,25,0.68,0.29069767441860467
401812460,112358.0,5,Unknown 2PT,Midrange,26,26,1.0,0.3023255813953488
401812460,112358.0,11,Top of Key 3s,3PT,3,20,0.15,0.23255813953488372
401812506,2385.0,1,At The Rim,Paint,7,11,0.6363636363636364,0.12941176470588237
401812506,2385.0,5,Unknown 2PT,Midrange,17,17,1.0,0.2
401812506,2385.0,11,Top of Key 3s,3PT,18,47,0.3829787234042553,0.5529411764705883
401812506,2598.0,1,At The Rim,Paint,14,23,0.6086956521739131,0.3333333333333333
401812506,2598.0,5,Unknown 2PT,Midrange,12,12,1.0,0.17391304347826086
401812506,2598.0,11,Top of Key 3s,3PT,5,14,0.35714285714285715,0.2028985507246377
401812527,284.0,1,At The Rim,Paint,9,19,0.47368421052631576,0.3220338983050847
401812527,284.0,5,Unknown 2PT,Midrange,17,17,1.0,0.288135593220339
401812527,284.0,11,Top of Key 3s,3PT,5,12,0.4166666666666667,0.2033898305084746
401812527,2681.0,1,At The Rim,Paint,4,23,0.17391304347826086,0.34328358208955223
401812527,2681.0,5,Unknown 2PT,Midrange,17,17,1.0,0.2537313432835821
401812527,2681.0,11,Top of Key 3s,3PT,3,13,0.23076923076923078,0.19402985074626866
401812876,62.0,1,At The Rim,Paint,13,20,0.65,0.26666666666666666
401812876,62.0,5,Unknown 2PT,Midrange,28,28,1.0,0.37333333333333335
401812876,62.0,11,Top of Key 3s,3PT,3,16,0.1875,0.21333333333333335
401812876,2463.0,1,At The Rim,Paint,12,30,0.4,0.45454545454545453
401812876,2463.0,5,Unknown 2PT,Midrange,9,10,0.9,0.15151515151515152
401812876,2463.0,11,Top of Key 3s,3PT,5,18,0.2777777777777778,0.2727272727272727
401812878,299.0,1,At The Rim,Paint,11,28,0.39285714285714285,0.34146341463414637
401812878,299.0,5,Unknown 2PT,Midrange,21,22,0.9545454545454546,0.2682926829268293
401812878,299.0,11,Top of Key 3s,3PT,6,18,0.3333333333333333,0.21951219512195122
401812878,302.0,1,At The Rim,Paint,11,14,0.7857142857142857,0.18666666666666668
401812878,302.0,5,Unknown 2PT,Midrange,23,23,1.0,0.30666666666666664
401812878,302.0,11,Top of Key 3s,3PT,11,34,0.3235294117647059,0.4533333333333333
401812879,27.0,1,At The Rim,Paint,11,18,0.6111111111111112,0.24
401812879,27.0,5,Unknown 2PT,Midrange,23,25,0.92,0.3333333333333333
401812879,27.0,11,Top of Key 3s,3PT,7,21,0.3333333333333333,0.28
401812879,28.0,1,At The Rim,Paint,14,26,0.5384615384615384,0.3132530120481928
401812879,28.0,5,Unknown 2PT,Midrange,33,35,0.9428571428571428,0.42168674698795183
401812879,28.0,11,Top of Key 3s,3PT,7,11,0.6363636363636364,0.13253012048192772
401812880,13.0,1,At The Rim,Paint,4,14,0.2857142857142857,0.2
401812880,13.0,5,Unknown 2PT,Midrange,19,19,1.0,0.2714285714285714
401812880,13.0,11,Top of Key 3s,3PT,4,13,0.3076923076923077,0.18571428571428572
401812880,2540.0,1,At The Rim,Paint,10,14,0.7142857142857143,0.2028985507246377
401812880,2540.0,5,Unknown 2PT,Midrange,17,17,1.0,0.2463768115942029
401812880,2540.0,11,Top of Key 3s,3PT,9,28,0.32142857142857145,0.4057971014492754
401813215,189.0,1,At The Rim,Paint,13,35,0.37142857142857144,0.4268292682926829
401813215,189.0,5,Unknown 2PT,Midrange,13,13,1.0,0.15853658536585366
401813215,189.0,11,Top of Key 3s,3PT,8,23,0.34782608695652173,0.2804878048780488
401813215,2050.0,1,At The Rim,Paint,19,32,0.59375,0.4507042253521127
401813215,2050.0,5,Unknown 2PT,Midrange,10,11,0.9090909090909091,0.15492957746478872
401813215,2050.0,11,Top of Key 3s,3PT,11,22,0.5,0.30985915492957744
401813241,2199.0,1,At The Rim,Paint,16,28,0.5714285714285714,0.4117647058823529
401813241,2199.0,5,Unknown 2PT,Midrange,8,8,1.0,0.11764705882352941
401813241,2199.0,11,Top of Key 3s,3PT,3,20,0.15,0.29411764705882354
401813241,2649.0,1,At The Rim,Paint,19,39,0.48717948717948717,0.52
401813241,2649.0,5,Unknown 2PT,Midrange,18,19,0.9473684210526315,0.25333333333333335
401813241,2649.0,11,Top of Key 3s,3PT,1,7,0.14285714285714285,0.09333333333333334
401813782,2529.0,1,At The Rim,Paint,14,26,0.5384615384615384,0.3880597014925373
401813782,2529.0,5,Unknown 2PT,Midrange,4,4,1.0,0.05970149253731343
401813782,2529.0,11,Top of Key 3s,3PT,7,23,0.30434782608695654,0.34328358208955223
401813782,2612.0,1,At The Rim,Paint,9,19,0.47368421052631576,0.2835820895522388
401813782,2612.0,5,Unknown 2PT,Midrange,14,15,0.9333333333333333,0.22388059701492538
401813782,2612.0,11,Top of Key 3s,3PT,9,23,0.391304347826087,0.34328358208955223
401813844,2099.0,1,At The Rim,Paint,16,28,0.5714285714285714,0.39436619718309857
401813844,2099.0,5,Unknown 2PT,Midrange,12,13,0.9230769230769231,0.18309859154929578
401813844,2099.0,11,Top of Key 3s,3PT,4,20,0.2,0.28169014084507044
401813844,2363.0,1,At The Rim,Paint,14,26,0.5384615384615384,0.36619718309859156
401813844,2363.0,5,Unknown 2PT,Midrange,10,11,0.9090909090909091,0.15492957746478872
401813844,2363.0,11,Top of Key 3s,3PT,5,15,0.3333333333333333,0.2112676056338028
401813866,314.0,1,At The Rim,Paint,11,22,0.5,0.3055555555555556
401813866,314.0,5,Unknown 2PT,Midrange,12,13,0.9230769230769231,0.18055555555555555
401813866,314.0,11,Top of Key 3s,3PT,7,15,0.4666666666666667,0.20833333333333334
401813866,315.0,1,At The Rim,Paint,10,18,0.5555555555555556,0.2647058823529412
401813866,315.0,5,Unknown 2PT,Midrange,17,19,0.8947368421052632,0.27941176470588236
401813866,315.0,11,Top of Key 3s,3PT,5,17,0.29411764705882354,0.25
401813904,2368.0,1,At The Rim,Paint,7,15,0.4666666666666667,0.22727272727272727
401813904,2368.0,5,Unknown 2PT,Midrange,18,21,0.8571428571428571,0.3181818181818182
401813904,2368.0,11,Top of Key 3s,3PT,1,15,0.06666666666666667,0.22727272727272727
401813904,2520.0,1,At The Rim,Paint,10,21,0.47619047619047616,0.2916666666666667
401813904,2520.0,5,Unknown 2PT,Midrange,18,19,0.9473684210526315,0.2638888888888889
401813904,2520.0,11,Top of Key 3s,3PT,6,21,0.2857142857142857,0.2916666666666667
401813928,2217.0,1,At The Rim,Paint,18,26,0.6923076923076923,0.37142857142857144
401813928,2217.0,5,Unknown 2PT,Midrange,15,16,0.9375,0.22857142857142856
401813928,2217.0,11,Top of Key 3s,3PT,9,23,0.391304347826087,0.32857142857142857
401813928,2514.0,1,At The Rim,Paint,12,15,0.8,0.2542372881355932
401813928,2514.0,5,Unknown 2PT,Midrange,13,14,0.9285714285714286,0.23728813559322035
401813928,2514.0,11,Top of Key 3s,3PT,4,14,0.2857142857142857,0.23728813559322035
401814657,2006.0,1,At The Rim,Paint,14,25,0.56,0.2976190476190476
401814657,2006.0,5,Unknown 2PT,Midrange,19,20,0.95,0.23809523809523808
401814657,2006.0,11,Top of Key 3s,3PT,9,27,0.3333333333333333,0.32142857142857145
401814657,2459.0,1,At The Rim,Paint,14,33,0.42424242424242425,0.4125
401814657,2459.0,5,Unknown 2PT,Midrange,22,24,0.9166666666666666,0.3
401814657,2459.0,9,Wing 3s,3PT,1,2,0.5,0.025
401814657,2459.0,11,Top of Key 3s,3PT,4,12,0.3333333333333333,0.15
401814658,2117.0,1,At The Rim,Paint,13,34,0.38235294117647056,0.4594594594594595
401814658,2117.0,5,Unknown 2PT,Midrange,21,21,1.0,0.28378378378378377
401814658,2117.0,11,Top of Key 3s,3PT,5,9,0.5555555555555556,0.12162162162162163
401814658,2711.0,1,At The Rim,Paint,13,24,0.5416666666666666,0.36923076923076925
401814658,2711.0,5,Unknown 2PT,Midrange,11,12,0.9166666666666666,0.18461538461538463
401814658,2711.0,11,Top of Key 3s,3PT,10,25,0.4,0.38461538461538464
401814659,195.0,1,At The Rim,Paint,15,24,0.625,0.3116883116883117
401814659,195.0,5,Unknown 2PT,Midrange,6,7,0.8571428571428571,0.09090909090909091
401814659,195.0,11,Top of Key 3s,3PT,13,43,0.3023255813953488,0.5584415584415584
401814659,2309.0,1,At The Rim,Paint,14,30,0.4666666666666667,0.38461538461538464
401814659,2309.0,5,Unknown 2PT,Midrange,13,13,1.0,0.16666666666666666
401814659,2309.0,11,Top of Key 3s,3PT,7,25,0.28,0.32051282051282054
401814660,113.0,1,At The Rim,Paint,10,14,0.7142857142857143,0.208955223880597
401814660,113.0,5,Unknown 2PT,Midrange,12,13,0.9230769230769231,0.19402985074626866
401814660,113.0,11,Top of Key 3s,3PT,6,16,0.375,0.23880597014925373
401814660,193.0,1,At The Rim,Paint,16,29,0.5517241379310345,0.453125
401814660,193.0,5,Unknown 2PT,Midrange,12,12,1.0,0.1875
401814660,193.0,11,Top of Key 3s,3PT,5,16,0.3125,0.25
401817295,236.0,1,At The Rim,Paint,19,36,0.5277777777777778,0.375
401817295,236.0,5,Unknown 2PT,Midrange,26,27,0.9629629629629629,0.28125
401817295,236.0,11,Top of Key 3s,3PT,7,17,0.4117647058823529,0.17708333333333334
401817295,2193.0,1,At The Rim,Paint,22,35,0.6285714285714286,0.36082474226804123
401817295,2193.0,5,Unknown 2PT,Midrange,27,28,0.9642857142857143,0.28865979381443296
401817295,2193.0,11,Top of Key 3s,3PT,7,20,0.35,0.20618556701030927
401817347,2382.0,1,At The Rim,Paint,7,20,0.35,0.2702702702702703
401817347,2382.0,5,Unknown 2PT,Midrange,19,19,1.0,0.25675675675675674
401817347,2382.0,11,Top of Key 3s,3PT,5,17,0.29411764705882354,0.22972972972972974
401817347,2535.0,1,At The Rim,Paint,19,26,0.7307692307692307,0.41935483870967744
401817347,2535.0,5,Unknown 2PT,Midrange,4,11,0.36363636363636365,0.1774193548387097
401817347,2535.0,11,Top of Key 3s,3PT,8,16,0.5,0.25806451612903225
401817364,231.0,1,At The Rim,Paint,11,21,0.5238095238095238,0.2916666666666667
401817364,231.0,5,Unknown 2PT,Midrange,13,15,0.8666666666666667,0.20833333333333334
401817364,231.0,11,Top of Key 3s,3PT,5,14,0.35714285714285715,0.19444444444444445
401817364,2430.0,1,At The Rim,Paint,14,25,0.56,0.32051282051282054
401817364,2430.0,5,Unknown 2PT,Midrange,15,17,0.8823529411764706,0.21794871794871795
401817364,2430.0,11,Top of Key 3s,3PT,3,16,0.1875,0.20512820512820512
401817365,2717.0,1,At The Rim,Paint,11,19,0.5789473684210527,0.3392857142857143
401817365,2717.0,5,Unknown 2PT,Midrange,9,10,0.9,0.17857142857142858
401817365,2717.0,11,Top of Key 3s,3PT,5,18,0.2777777777777778,0.32142857142857145
401817365,2747.0,1,At The Rim,Paint,13,24,0.5416666666666666,0.35294117647058826
401817365,2747.0,5,Unknown 2PT,Midrange,9,9,1.0,0.1323529411764706
401817365,2747.0,11,Top of Key 3s,3PT,9,18,0.5,0.2647058823529412
401817776,2174.0,1,At The Rim,Paint,18,34,0.5294117647058824,0.44155844155844154
401817776,2174.0,5,Unknown 2PT,Midrange,14,16,0.875,0.2077922077922078
401817776,2174.0,11,Top of Key 3s,3PT,5,14,0.35714285714285715,0.18181818181818182
401817776,2870.0,1,At The Rim,Paint,23,40,0.575,0.4878048780487805
401817776,2870.0,5,Unknown 2PT,Midrange,15,17,0.8823529411764706,0.2073170731707317
401817776,2870.0,11,Top of Key 3s,3PT,7,22,0.3181818181818182,0.2682926829268293
401817777,94.0,1,At The Rim,Paint,10,15,0.6666666666666666,0.19230769230769232
401817777,94.0,5,Unknown 2PT,Midrange,14,14,1.0,0.1794871794871795
401817777,94.0,11,Top of Key 3s,3PT,9,31,0.2903225806451613,0.3974358974358974
401817777,2739.0,1,At The Rim,Paint,12,24,0.5,0.3287671232876712
401817777,2739.0,5,Unknown 2PT,Midrange,12,13,0.9230769230769231,0.1780821917808219
401817777,2739.0,11,Top of Key 3s,3PT,7,20,0.35,0.273972602739726
401817778,2473.0,1,At The Rim,Paint,6,21,0.2857142857142857,0.328125
401817778,2473.0,5,Unknown 2PT,Midrange,8,10,0.8,0.15625
401817778,2473.0,11,Top of Key 3s,3PT,6,21,0.2857142857142857,0.328125
401817778,2750.0,1,At The Rim,Paint,8,21,0.38095238095238093,0.2692307692307692
401817778,2750.0,5,Unknown 2PT,Midrange,15,16,0.9375,0.20512820512820512
401817778,2750.0,11,Top of Key 3s,3PT,8,23,0.34782608695652173,0.2948717948717949
401817779,325.0,1,At The Rim,Paint,13,25,0.52,0.3968253968253968
401817779,325.0,5,Unknown 2PT,Midrange,15,16,0.9375,0.25396825396825395
401817779,325.0,11,Top of Key 3s,3PT,4,15,0.26666666666666666,0.23809523809523808
401817779,2523.0,1,At The Rim,Paint,9,18,0.5,0.26865671641791045
401817779,2523.0,5,Unknown 2PT,Midrange,17,19,0.8947368421052632,0.2835820895522388
401817779,2523.0,11,Top of Key 3s,3PT,2,12,0.16666666666666666,0.1791044776119403
401818492,2437.0,1,At The Rim,Paint,10,25,0.4,0.390625
401818492,2437.0,5,Unknown 2PT,Midrange,15,20,0.75,0.3125
401818492,2437.0,11,Top of Key 3s,3PT,1,10,0.1,0.15625
401818492,2900.0,1,At The Rim,Paint,21,31,0.6774193548387096,0.4696969696969697
401818492,2900.0,5,Unknown 2PT,Midrange,13,15,0.8666666666666667,0.22727272727272727
401818492,2900.0,11,Top of Key 3s,3PT,6,15,0.4,0.22727272727272727
401818493,198.0,1,At The Rim,Paint,21,36,0.5833333333333334,0.5217391304347826
401818493,198.0,5,Unknown 2PT,Midrange,8,8,1.0,0.11594202898550725
401818493,198.0,11,Top of Key 3s,3PT,4,13,0.3076923076923077,0.18840579710144928
401818493,2172.0,1,At The Rim,Paint,11,23,0.4782608695652174,0.25842696629213485
401818493,2172.0,5,Unknown 2PT,Midrange,23,27,0.8518518518518519,0.30337078651685395
401818493,2172.0,11,Top of Key 3s,3PT,3,26,0.11538461538461539,0.29213483146067415
401818494,140.0,1,At The Rim,Paint,8,17,0.47058823529411764,0.25
401818494,140.0,5,Unknown 2PT,Midrange,12,15,0.8,0.22058823529411764
401818494,140.0,11,Top of Key 3s,3PT,3,9,0.3333333333333333,0.1323529411764706
401818494,2571.0,1,At The Rim,Paint,16,19,0.8421052631578947,0.2714285714285714
401818494,2571.0,5,Unknown 2PT,Midrange,13,13,1.0,0.18571428571428572
401818494,2571.0,11,Top of Key 3s,3PT,15,25,0.6,0.35714285714285715
401820537,2427.0,1,At The Rim,Paint,15,26,0.5769230769230769,0.3170731707317073
401820537,2427.0,5,Unknown 2PT,Midrange,27,28,0.9642857142857143,0.34146341463414637
401820537,2427.0,11,Top of Key 3s,3PT,2,15,0.13333333333333333,0.18292682926829268
401820537,2908.0,1,At The Rim,Paint,7,12,0.5833333333333334,0.21428571428571427
401820537,2908.0,5,Unknown 2PT,Midrange,16,19,0.8421052631578947,0.3392857142857143
401820537,2908.0,11,Top of Key 3s,3PT,7,12,0.5833333333333334,0.21428571428571427
401822303,2154.0,1,At The Rim,Paint,14,30,0.4666666666666667,0.37037037037037035
401822303,2154.0,5,Unknown 2PT,Midrange,19,21,0.9047619047619048,0.25925925925925924
401822303,2154.0,11,Top of Key 3s,3PT,9,24,0.375,0.2962962962962963
401822303,2428.0,1,At The Rim,Paint,7,23,0.30434782608695654,0.2875
401822303,2428.0,5,Unknown 2PT,Midrange,16,16,1.0,0.2
401822303,2428.0,11,Top of Key 3s,3PT,12,21,0.5714285714285714,0.2625
401823079,2142.0,1,At The Rim,Paint,7,18,0.3888888888888889,0.3050847457627119
401823079,2142.0,5,Unknown 2PT,Midrange,2,2,1.0,0.03389830508474576
401823079,2142.0,11,Top of Key 3s,3PT,4,17,0.23529411764705882,0.288135593220339
401823079,2426.0,1,At The Rim,Paint,10,16,0.625,0.23880597014925373
401823079,2426.0,5,Unknown 2PT,Midrange,3,4,0.75,0.05970149253731343
401823079,2426.0,11,Top of Key 3s,3PT,6,18,0.3333333333333333,0.26865671641791045
401823103,107.0,1,At The Rim,Paint,6,13,0.46153846153846156,0.24074074074074073
401823103,107.0,5,Unknown 2PT,Midrange,9,11,0.8181818181818182,0.2037037037037037
401823103,107.0,11,Top of Key 3s,3PT,7,23,0.30434782608695654,0.42592592592592593
401823103,2352.0,1,At The Rim,Paint,11,23,0.4782608695652174,0.36507936507936506
401823103,2352.0,5,Unknown 2PT,Midrange,8,10,0.8,0.15873015873015872
401823103,2352.0,11,Top of Key 3s,3PT,4,22,0.18181818181818182,0.3492063492063492
401823168,104.0,1,At The Rim,Paint,11,17,0.6470588235294118,0.2833333333333333
401823168,104.0,5,Unknown 2PT,Midrange,14,15,0.9333333333333333,0.25
401823168,104.0,11,Top of Key 3s,3PT,8,20,0.4,0.3333333333333333
401823168,2083.0,1,At The Rim,Paint,9,17,0.5294117647058824,0.2361111111111111
401823168,2083.0,5,Unknown 2PT,Midrange,19,20,0.95,0.2777777777777778
401823168,2083.0,11,Top of Key 3s,3PT,6,28,0.21428571428571427,0.3888888888888889
401823209,171.0,1,At The Rim,Paint,15,33,0.45454545454545453,0.4074074074074074
401823209,171.0,5,Unknown 2PT,Midrange,14,14,1.0,0.1728395061728395
401823209,171.0,11,Top of Key 3s,3PT,7,25,0.28,0.30864197530864196
401823209,219.0,1,At The Rim,Paint,9,22,0.4090909090909091,0.34375
401823209,219.0,5,Unknown 2PT,Midrange,14,18,0.7777777777777778,0.28125
401823209,219.0,11,Top of Key 3s,3PT,8,16,0.5,0.25
401823251,163.0,1,At The Rim,Paint,15,28,0.5357142857142857,0.3888888888888889
401823251,163.0,5,Unknown 2PT,Midrange,18,18,1.0,0.25
401823251,163.0,11,Top of Key 3s,3PT,3,12,0.25,0.16666666666666666
401823251,172.0,1,At The Rim,Paint,4,10,0.4,0.18181818181818182
401823251,172.0,5,Unknown 2PT,Midrange,12,14,0.8571428571428571,0.2545454545454545
401823251,172.0,11,Top of Key 3s,3PT,4,17,0.23529411764705882,0.3090909090909091
401824006,2127.0,1,At The Rim,Paint,4,11,0.36363636363636365,0.16176470588235295
401824006,2127.0,5,Unknown 2PT,Midrange,6,8,0.75,0.11764705882352941
401824006,2127.0,11,Top of Key 3s,3PT,9,31,0.2903225806451613,0.45588235294117646
401824006,2272.0,1,At The Rim,Paint,9,15,0.6,0.2054794520547945
401824006,2272.0,5,Unknown 2PT,Midrange,16,16,1.0,0.2191780821917808
401824006,2272.0,11,Top of Key 3s,3PT,6,27,0.2222222222222222,0.3698630136986301
401824007,2241.0,1,At The Rim,Paint,15,18,0.8333333333333334,0.27692307692307694
401824007,2241.0,5,Unknown 2PT,Midrange,20,21,0.9523809523809523,0.3230769230769231
401824007,2241.0,11,Top of Key 3s,3PT,4,15,0.26666666666666666,0.23076923076923078
401824007,2506.0,1,At The Rim,Paint,9,14,0.6428571428571429,0.2545454545454545
401824007,2506.0,5,Unknown 2PT,Midrange,20,24,0.8333333333333334,0.43636363636363634
401824007,2506.0,11,Top of Key 3s,3PT,4,12,0.3333333333333333,0.21818181818181817
401824008,2344.0,1,At The Rim,Paint,10,18,0.5555555555555556,0.23376623376623376
401824008,2344.0,5,Unknown 2PT,Midrange,16,16,1.0,0.2077922077922078
401824008,2344.0,11,Top of Key 3s,3PT,6,19,0.3157894736842105,0.24675324675324675
401824008,2737.0,1,At The Rim,Paint,13,22,0.5909090909090909,0.28205128205128205
401824008,2737.0,5,Unknown 2PT,Midrange,23,25,0.92,0.32051282051282054
401824008,2737.0,11,Top of Key 3s,3PT,2,7,0.2857142857142857,0.08974358974358974
401824107,43.0,1,At The Rim,Paint,10,17,0.5882352941176471,0.21518987341772153
401824107,43.0,5,Unknown 2PT,Midrange,10,14,0.7142857142857143,0.17721518987341772
401824107,43.0,11,Top of Key 3s,3PT,9,19,0.47368421052631576,0.24050632911392406
401824107,159.0,1,At The Rim,Paint,12,21,0.5714285714285714,0.2876712328767123
401824107,159.0,5,Unknown 2PT,Midrange,23,24,0.9583333333333334,0.3287671232876712
401824107,159.0,11,Top of Key 3s,3PT,4,20,0.2,0.273972602739726
401824244,2130.0,1,At The Rim,Paint,15,25,0.6,0.3048780487804878
401824244,2130.0,5,Unknown 2PT,Midrange,20,22,0.9090909090909091,0.2682926829268293
401824244,2130.0,11,Top of Key 3s,3PT,6,18,0.3333333333333333,0.21951219512195122
401824244,2330.0,1,At The Rim,Paint,13,22,0.5909090909090909,0.2857142857142857
401824244,2330.0,5,Unknown 2PT,Midrange,30,31,0.967741935483871,0.4025974025974026
401824244,2330.0,11,Top of Key 3s,3PT,7,18,0.3888888888888889,0.23376623376623376
401824274,2010.0,1,At The Rim,Paint,22,42,0.5238095238095238,0.4077669902912621
401824274,2010.0,5,Unknown 2PT,Midrange,27,27,1.0,0.2621359223300971
401824274,2010.0,11,Top of Key 3s,3PT,8,22,0.36363636363636365,0.21359223300970873
401824274,2400.0,1,At The Rim,Paint,6,18,0.3333333333333333,0.21428571428571427
401824274,2400.0,5,Unknown 2PT,Midrange,24,25,0.96,0.2976190476190476
401824274,2400.0,11,Top of Key 3s,3PT,5,22,0.22727272727272727,0.2619047619047619
401824297,2011.0,1,At The Rim,Paint,14,20,0.7,0.2597402597402597
401824297,2011.0,5,Unknown 2PT,Midrange,23,23,1.0,0.2987012987012987
401824297,2011.0,11,Top of Key 3s,3PT,6,20,0.3,0.2597402597402597
401824297,2029.0,1,At The Rim,Paint,16,32,0.5,0.32323232323232326
401824297,2029.0,5,Unknown 2PT,Midrange,26,26,1.0,0.26262626262626265
401824297,2029.0,11,Top of Key 3s,3PT,5,18,0.2777777777777778,0.18181818181818182
401824349,2640.0,1,At The Rim,Paint,8,20,0.4,0.25316455696202533
401824349,2640.0,5,Unknown 2PT,Midrange,30,32,0.9375,0.4050632911392405
401824349,2640.0,11,Top of Key 3s,3PT,2,12,0.16666666666666666,0.1518987341772152
401824349,2755.0,1,At The Rim,Paint,20,36,0.5555555555555556,0.391304347826087
401824349,2755.0,5,Unknown 2PT,Midrange,27,29,0.9310344827586207,0.31521739130434784
401824349,2755.0,11,Top of Key 3s,3PT,3,8,0.375,0.08695652173913043
401824403,2504.0,1,At The Rim,Paint,10,23,0.43478260869565216,0.32857142857142857
401824403,2504.0,5,Unknown 2PT,Midrange,10,12,0.8333333333333334,0.17142857142857143
401824403,2504.0,11,Top of Key 3s,3PT,3,19,0.15789473684210525,0.2714285714285714
401824403,2582.0,1,At The Rim,Paint,11,26,0.4230769230769231,0.3058823529411765
401824403,2582.0,5,Unknown 2PT,Midrange,30,30,1.0,0.35294117647058826
401824403,2582.0,11,Top of Key 3s,3PT,2,12,0.16666666666666666,0.1411764705882353
401824424,50.0,1,At The Rim,Paint,11,18,0.6111111111111112,0.25
401824424,50.0,5,Unknown 2PT,Midrange,15,16,0.9375,0.2222222222222222
401824424,50.0,11,Top of Key 3s,3PT,2,12,0.16666666666666666,0.16666666666666666
401824424,2296.0,1,At The Rim,Paint,11,29,0.3793103448275862,0.4027777777777778
401824424,2296.0,5,Unknown 2PT,Midrange,14,15,0.9333333333333333,0.20833333333333334
401824424,2296.0,11,Top of Key 3s,3PT,7,15,0.4666666666666667,0.20833333333333334
401825342,164.0,1,At The Rim,Paint,11,17,0.6470588235294118,0.2537313432835821
401825342,164.0,5,Unknown 2PT,Midrange,10,12,0.8333333333333334,0.1791044776119403
401825342,164.0,11,Top of Key 3s,3PT,5,18,0.2777777777777778,0.26865671641791045
401825342,2509.0,1,At The Rim,Paint,10,16,0.625,0.24242424242424243
401825342,2509.0,5,Unknown 2PT,Midrange,11,11,1.0,0.16666666666666666
401825342,2509.0,11,Top of Key 3s,3PT,11,27,0.4074074074074074,0.4090909090909091
401825682,41.0,1,At The Rim,Paint,21,31,0.6774193548387096,0.4246575342465753
401825682,41.0,5,Unknown 2PT,Midrange,8,11,0.7272727272727273,0.1506849315068493
401825682,41.0,11,Top of Key 3s,3PT,6,17,0.35294117647058826,0.2328767123287671
401825682,269.0,1,At The Rim,Paint,12,20,0.6,0.29411764705882354
401825682,269.0,5,Unknown 2PT,Midrange,10,14,0.7142857142857143,0.20588235294117646
401825682,269.0,11,Top of Key 3s,3PT,5,20,0.25,0.29411764705882354
401825683,305.0,1,At The Rim,Paint,16,38,0.42105263157894735,0.40425531914893614
401825683,305.0,5,Unknown 2PT,Midrange,8,9,0.8888888888888888,0.09574468085106383
401825683,305.0,11,Top of Key 3s,3PT,10,30,0.3333333333333333,0.3191489361702128
401825683,2550.0,1,At The Rim,Paint,26,39,0.6666666666666666,0.5492957746478874
401825683,2550.0,5,Unknown 2PT,Midrange,11,12,0.9166666666666666,0.16901408450704225
401825683,2550.0,11,Top of Key 3s,3PT,11,17,0.6470588235294118,0.23943661971830985
401825684,46.0,1,At The Rim,Paint,12,24,0.5,0.35294117647058826
401825684,46.0,5,Unknown 2PT,Midrange,12,12,1.0,0.17647058823529413
401825684,46.0,11,Top of Key 3s,3PT,6,17,0.35294117647058826,0.25
401825684,2507.0,1,At The Rim,Paint,14,25,0.56,0.32894736842105265
401825684,2507.0,5,Unknown 2PT,Midrange,17,18,0.9444444444444444,0.23684210526315788
401825684,2507.0,11,Top of Key 3s,3PT,4,18,0.2222222222222222,0.23684210526315788
401825685,2086.0,1,At The Rim,Paint,12,33,0.36363636363636365,0.44594594594594594
401825685,2086.0,5,Unknown 2PT,Midrange,10,10,1.0,0.13513513513513514
401825685,2086.0,11,Top of Key 3s,3PT,2,17,0.11764705882352941,0.22972972972972974
401825685,2599.0,1,At The Rim,Paint,9,13,0.6923076923076923,0.203125
401825685,2599.0,5,Unknown 2PT,Midrange,23,23,1.0,0.359375
401825685,2599.0,11,Top of Key 3s,3PT,5,15,0.3333333333333333,0.234375
401825769,2561.0,1,At The Rim,Paint,15,31,0.4838709677419355,0.3333333333333333
401825769,2561.0,5,Unknown 2PT,Midrange,20,22,0.9090909090909091,0.23655913978494625
401825769,2561.0,11,Top of Key 3s,3PT,1,16,0.0625,0.17204301075268819
401825769,2771.0,1,At The Rim,Paint,13,26,0.5,0.32098765432098764
401825769,2771.0,5,Unknown 2PT,Midrange,16,19,0.8421052631578947,0.2345679012345679
401825769,2771.0,11,Top of Key 3s,3PT,7,20,0.35,0.24691358024691357
401827394,9.0,1,At The Rim,Paint,12,20,0.6,0.25316455696202533
401827394,9.0,5,Unknown 2PT,Midrange,20,21,0.9523809523809523,0.26582278481012656
401827394,9.0,11,Top of Key 3s,3PT,8,22,0.36363636363636365,0.27848101265822783
401827394,12.0,1,At The Rim,Paint,15,28,0.5357142857142857,0.35443037974683544
401827394,12.0,5,Unknown 2PT,Midrange,17,17,1.0,0.21518987341772153
401827394,12.0,11,Top of Key 3s,3PT,3,19,0.15789473684210525,0.24050632911392406
401827395,38.0,1,At The Rim,Paint,18,33,0.5454545454545454,0.4074074074074074
401827395,38.0,5,Unknown 2PT,Midrange,21,21,1.0,0.25925925925925924
401827395,38.0,11,Top of Key 3s,3PT,5,17,0.29411764705882354,0.20987654320987653
401827395,252.0,1,At The Rim,Paint,14,28,0.5,0.4117647058823529
401827395,252.0,5,Unknown 2PT,Midrange,13,13,1.0,0.19117647058823528
401827395,252.0,11,Top of Key 3s,3PT,2,17,0.11764705882352941,0.25
401827396,248.0,1,At The Rim,Paint,10,22,0.45454545454545453,0.3055555555555556
401827396,248.0,5,Unknown 2PT,Midrange,12,14,0.8571428571428571,0.19444444444444445
401827396,248.0,11,Top of Key 3s,3PT,8,13,0.6153846153846154,0.18055555555555555
401827396,2305.0,1,At The Rim,Paint,25,37,0.6756756756756757,0.5068493150684932
401827396,2305.0,5,Unknown 2PT,Midrange,15,15,1.0,0.2054794520547945
401827396,2305.0,11,Top of Key 3s,3PT,6,13,0.46153846153846156,0.1780821917808219
401827397,197.0,1,At The Rim,Paint,16,29,0.5517241379310345,0.4027777777777778
401827397,197.0,5,Unknown 2PT,Midrange,18,20,0.9,0.2777777777777778
401827397,197.0,11,Top of Key 3s,3PT,8,16,0.5,0.2222222222222222
401827397,2641.0,1,At The Rim,Paint,15,25,0.6,0.3333333333333333
401827397,2641.0,5,Unknown 2PT,Midrange,19,19,1.0,0.25333333333333335
401827397,2641.0,11,Top of Key 3s,3PT,4,21,0.19047619047619047,0.28
401827398,254.0,1,At The Rim,Paint,15,27,0.5555555555555556,0.3698630136986301
401827398,254.0,5,Unknown 2PT,Midrange,14,15,0.9333333333333333,0.2054794520547945
401827398,254.0,11,Top of Key 3s,3PT,8,29,0.27586206896551724,0.3972602739726027
401827398,2132.0,1,At The Rim,Paint,11,19,0.5789473684210527,0.2375
401827398,2132.0,5,Unknown 2PT,Midrange,18,20,0.9,0.25
401827398,2132.0,11,Top of Key 3s,3PT,2,11,0.18181818181818182,0.1375
401827585,23.0,1,At The Rim,Paint,8,13,0.6153846153846154,0.19402985074626866
401827585,23.0,5,Unknown 2PT,Midrange,22,23,0.9565217391304348,0.34328358208955223
401827585,23.0,11,Top of Key 3s,3PT,9,22,0.4090909090909091,0.3283582089552239
401827585,2005.0,1,At The Rim,Paint,4,7,0.5714285714285714,0.07216494845360824
401827585,2005.0,5,Unknown 2PT,Midrange,34,36,0.9444444444444444,0.3711340206185567
401827585,2005.0,11,Top of Key 3s,3PT,7,27,0.25925925925925924,0.27835051546391754
401827815,47.0,1,At The Rim,Paint,10,22,0.45454545454545453,0.2894736842105263
401827815,47.0,5,Unknown 2PT,Midrange,24,25,0.96,0.32894736842105265
401827815,47.0,11,Top of Key 3s,3PT,5,12,0.4166666666666667,0.15789473684210525
401827815,2379.0,1,At The Rim,Paint,12,23,0.5217391304347826,0.3484848484848485
401827815,2379.0,5,Unknown 2PT,Midrange,20,21,0.9523809523809523,0.3181818181818182
401827815,2379.0,11,Top of Key 3s,3PT,2,18,0.1111111111111111,0.2727272727272727
401827833,2169.0,1,At The Rim,Paint,10,21,0.47619047619047616,0.3387096774193548
401827833,2169.0,5,Unknown 2PT,Midrange,13,13,1.0,0.20967741935483872
401827833,2169.0,11,Top of Key 3s,3PT,4,11,0.36363636363636365,0.1774193548387097
401827833,2450.0,1,At The Rim,Paint,15,23,0.6521739130434783,0.2987012987012987
401827833,2450.0,5,Unknown 2PT,Midrange,17,17,1.0,0.22077922077922077
401827833,2450.0,11,Top of Key 3s,3PT,12,24,0.5,0.3116883116883117
401827863,44.0,1,At The Rim,Paint,15,24,0.625,0.41379310344827586
401827863,44.0,5,Unknown 2PT,Midrange,13,14,0.9285714285714286,0.2413793103448276
401827863,44.0,11,Top of Key 3s,3PT,5,14,0.35714285714285715,0.2413793103448276
401827863,349.0,1,At The Rim,Paint,16,31,0.5161290322580645,0.40789473684210525
401827863,349.0,5,Unknown 2PT,Midrange,9,9,1.0,0.11842105263157894
401827863,349.0,11,Top of Key 3s,3PT,13,25,0.52,0.32894736842105265
401827886,322.0,1,At The Rim,Paint,10,15,0.6666666666666666,0.21428571428571427
401827886,322.0,5,Unknown 2PT,Midrange,20,21,0.9523809523809523,0.3
401827886,322.0,11,Top of Key 3s,3PT,8,20,0.4,0.2857142857142857
401827886,2329.0,1,At The Rim,Paint,9,16,0.5625,0.26666666666666666
401827886,2329.0,5,Unknown 2PT,Midrange,13,13,1.0,0.21666666666666667
401827886,2329.0,11,Top of Key 3s,3PT,10,26,0.38461538461538464,0.43333333333333335
401828110,235.0,1,At The Rim,Paint,11,24,0.4583333333333333,0.2891566265060241
401828110,235.0,5,Unknown 2PT,Midrange,20,20,1.0,0.24096385542168675
401828110,235.0,11,Top of Key 3s,3PT,3,14,0.21428571428571427,0.1686746987951807
401828110,2429.0,1,At The Rim,Paint,18,39,0.46153846153846156,0.48148148148148145
401828110,2429.0,5,Unknown 2PT,Midrange,15,15,1.0,0.18518518518518517
401828110,2429.0,11,Top of Key 3s,3PT,3,11,0.2727272727272727,0.13580246913580246
401828111,151.0,1,At The Rim,Paint,13,25,0.52,0.29411764705882354
401828111,151.0,5,Unknown 2PT,Midrange,24,24,1.0,0.2823529411764706
401828111,151.0,11,Top of Key 3s,3PT,6,19,0.3157894736842105,0.2235294117647059
401828111,218.0,1,At The Rim,Paint,16,24,0.6666666666666666,0.2962962962962963
401828111,218.0,5,Unknown 2PT,Midrange,19,20,0.95,0.24691358024691357
401828111,218.0,11,Top of Key 3s,3PT,4,17,0.23529411764705882,0.20987654320987653
401828112,202.0,1,At The Rim,Paint,11,27,0.4074074074074074,0.3698630136986301
401828112,202.0,5,Unknown 2PT,Midrange,17,18,0.9444444444444444,0.2465753424657534
401828112,202.0,11,Top of Key 3s,3PT,5,18,0.2777777777777778,0.2465753424657534
401828112,2226.0,1,At The Rim,Paint,12,34,0.35294117647058826,0.4
401828112,2226.0,5,Unknown 2PT,Midrange,24,24,1.0,0.2823529411764706
401828112,2226.0,11,Top of Key 3s,3PT,5,17,0.29411764705882354,0.2
401828113,249.0,1,At The Rim,Paint,10,17,0.5882352941176471,0.2328767123287671
401828113,249.0,5,Unknown 2PT,Midrange,11,14,0.7857142857142857,0.1917808219178082
401828113,249.0,11,Top of Key 3s,3PT,6,19,0.3157894736842105,0.2602739726027397
401828113,2655.0,1,At The Rim,Paint,7,12,0.5833333333333334,0.1791044776119403
401828113,2655.0,5,Unknown 2PT,Midrange,19,20,0.95,0.29850746268656714
401828113,2655.0,11,Top of Key 3s,3PT,3,19,0.15789473684210525,0.2835820895522388
401828114,58.0,1,At The Rim,Paint,18,24,0.75,0.3582089552238806
401828114,58.0,5,Unknown 2PT,Midrange,12,13,0.9230769230769231,0.19402985074626866
401828114,58.0,11,Top of Key 3s,3PT,3,15,0.2,0.22388059701492538
401828114,2636.0,1,At The Rim,Paint,13,22,0.5909090909090909,0.24175824175824176
401828114,2636.0,5,Unknown 2PT,Midrange,18,19,0.9473684210526315,0.2087912087912088
401828114,2636.0,11,Top of Key 3s,3PT,4,17,0.23529411764705882,0.18681318681318682
401828871,2250.0,1,At The Rim,Paint,11,19,0.5789473684210527,0.2878787878787879
401828871,2250.0,5,Unknown 2PT,Midrange,14,16,0.875,0.24242424242424243
401828871,2250.0,11,Top of Key 3s,3PT,7,17,0.4117647058823529,0.25757575757575757
401828871,2351.0,1,At The Rim,Paint,12,20,0.6,0.24390243902439024
401828871,2351.0,5,Unknown 2PT,Midrange,23,24,0.9583333333333334,0.2926829268292683
401828871,2351.0,11,Top of Key 3s,3PT,8,18,0.4444444444444444,0.21951219512195122
401828872,204.0,1,At The Rim,Paint,16,30,0.5333333333333333,0.38461538461538464
401828872,204.0,5,Unknown 2PT,Midrange,26,26,1.0,0.3333333333333333
401828872,204.0,11,Top of Key 3s,3PT,4,12,0.3333333333333333,0.15384615384615385
401828872,279.0,1,At The Rim,Paint,9,18,0.5,0.2571428571428571
401828872,279.0,5,Unknown 2PT,Midrange,12,13,0.9230769230769231,0.18571428571428572
401828872,279.0,11,Top of Key 3s,3PT,3,12,0.25,0.17142857142857143
401828873,2492.0,1,At The Rim,Paint,9,31,0.2903225806451613,0.31313131313131315
401828873,2492.0,5,Unknown 2PT,Midrange,30,31,0.967741935483871,0.31313131313131315
401828873,2492.0,11,Top of Key 3s,3PT,8,30,0.26666666666666666,0.30303030303030304
401828873,2539.0,1,At The Rim,Paint,19,24,0.7916666666666666,0.3333333333333333
401828873,2539.0,5,Unknown 2PT,Midrange,15,17,0.8823529411764706,0.2361111111111111
401828873,2539.0,11,Top of Key 3s,3PT,8,20,0.4,0.2777777777777778
401828874,2501.0,1,At The Rim,Paint,10,22,0.45454545454545453,0.3013698630136986
401828874,2501.0,5,Unknown 2PT,Midrange,12,14,0.8571428571428571,0.1917808219178082
401828874,2501.0,11,Top of Key 3s,3PT,8,20,0.4,0.273972602739726
401828874,2541.0,1,At The Rim,Paint,21,37,0.5675675675675675,0.44047619047619047
401828874,2541.0,5,Unknown 2PT,Midrange,19,19,1.0,0.2261904761904762
401828874,2541.0,11,Top of Key 3s,3PT,4,21,0.19047619047619047,0.25
401829130,2184.0,1,At The Rim,Paint,13,23,0.5652173913043478,0.27380952380952384
401829130,2184.0,5,Unknown 2PT,Midrange,20,23,0.8695652173913043,0.27380952380952384
401829130,2184.0,11,Top of Key 3s,3PT,10,24,0.4166666666666667,0.2857142857142857
401829130,2230.0,1,At The Rim,Paint,6,16,0.375,0.21052631578947367
401829130,2230.0,5,Unknown 2PT,Midrange,16,17,0.9411764705882353,0.2236842105263158
401829130,2230.0,11,Top of Key 3s,3PT,11,22,0.5,0.2894736842105263
401829131,45.0,1,At The Rim,Paint,11,25,0.44,0.32894736842105265
401829131,45.0,5,Unknown 2PT,Midrange,17,18,0.9444444444444444,0.23684210526315788
401829131,45.0,11,Top of Key 3s,3PT,5,19,0.2631578947368421,0.25
401829131,2325.0,1,At The Rim,Paint,20,32,0.625,0.3950617283950617
401829131,2325.0,5,Unknown 2PT,Midrange,22,22,1.0,0.2716049382716049
401829131,2325.0,11,Top of Key 3s,3PT,1,12,0.08333333333333333,0.14814814814814814
401829132,227.0,1,At The Rim,Paint,23,32,0.71875,0.4444444444444444
401829132,227.0,5,Unknown 2PT,Midrange,19,20,0.95,0.2777777777777778
401829132,227.0,11,Top of Key 3s,3PT,2,8,0.25,0.1111111111111111
401829132,2244.0,1,At The Rim,Paint,13,22,0.5909090909090909,0.23655913978494625
401829132,2244.0,5,Unknown 2PT,Midrange,20,21,0.9523809523809523,0.22580645161290322
401829132,2244.0,11,Top of Key 3s,3PT,1,9,0.1111111111111111,0.0967741935483871
401829133,257.0,1,At The Rim,Paint,10,19,0.5263157894736842,0.35185185185185186
401829133,257.0,5,Unknown 2PT,Midrange,4,5,0.8,0.09259259259259259
401829133,257.0,11,Top of Key 3s,3PT,12,24,0.5,0.4444444444444444
401829133,2166.0,1,At The Rim,Paint,10,20,0.5,0.37037037037037035
401829133,2166.0,5,Unknown 2PT,Midrange,5,5,1.0,0.09259259259259259
401829133,2166.0,11,Top of Key 3s,3PT,5,22,0.22727272727272727,0.4074074074074074
401829134,179.0,1,At The Rim,Paint,10,20,0.5,0.3076923076923077
401829134,179.0,5,Unknown 2PT,Midrange,6,8,0.75,0.12307692307692308
401829134,179.0,11,Top of Key 3s,3PT,7,18,0.3888888888888889,0.27692307692307694
401829134,2670.0,1,At The Rim,Paint,13,21,0.6190476190476191,0.3088235294117647
401829134,2670.0,5,Unknown 2PT,Midrange,9,10,0.9,0.14705882352941177
401829134,2670.0,11,Top of Key 3s,3PT,4,21,0.19047619047619047,0.3088235294117647
401829135,2350.0,1,At The Rim,Paint,12,24,0.5,0.3870967741935484
401829135,2350.0,5,Unknown 2PT,Midrange,12,13,0.9230769230769231,0.20967741935483872
401829135,2350.0,11,Top of Key 3s,3PT,3,12,0.25,0.1935483870967742
401829135,2603.0,1,At The Rim,Paint,20,29,0.6896551724137931,0.5
401829135,2603.0,5,Unknown 2PT,Midrange,9,12,0.75,0.20689655172413793
401829135,2603.0,11,Top of Key 3s,3PT,4,10,0.4,0.1724137931034483
401829136,139.0,1,At The Rim,Paint,15,26,0.5769230769230769,0.3466666666666667
401829136,139.0,5,Unknown 2PT,Midrange,12,13,0.9230769230769231,0.17333333333333334
401829136,139.0,11,Top of Key 3s,3PT,3,14,0.21428571428571427,0.18666666666666668
401829136,2168.0,1,At The Rim,Paint,19,29,0.6551724137931034,0.4142857142857143
401829136,2168.0,5,Unknown 2PT,Midrange,8,8,1.0,0.11428571428571428
401829136,2168.0,11,Top of Key 3s,3PT,5,20,0.25,0.2857142857142857
401829533,2016.0,1,At The Rim,Paint,12,21,0.5714285714285714,0.2727272727272727
401829533,2016.0,5,Unknown 2PT,Midrange,25,27,0.9259259259259259,0.35064935064935066
401829533,2016.0,11,Top of Key 3s,3PT,8,19,0.42105263157894735,0.24675324675324675
401829533,2065.0,1,At The Rim,Paint,6,10,0.6,0.16129032258064516
401829533,2065.0,5,Unknown 2PT,Midrange,15,16,0.9375,0.25806451612903225
401829533,2065.0,11,Top of Key 3s,3PT,6,16,0.375,0.25806451612903225
401829590,21.0,1,At The Rim,Paint,11,16,0.6875,0.2191780821917808
401829590,21.0,5,Unknown 2PT,Midrange,16,16,1.0,0.2191780821917808
401829590,21.0,11,Top of Key 3s,3PT,9,25,0.36,0.3424657534246575
401829590,2440.0,1,At The Rim,Paint,15,26,0.5769230769230769,0.3611111111111111
401829590,2440.0,5,Unknown 2PT,Midrange,13,13,1.0,0.18055555555555555
401829590,2440.0,11,Top of Key 3s,3PT,4,17,0.23529411764705882,0.2361111111111111
401829596,68.0,1,At The Rim,Paint,7,20,0.35,0.25316455696202533
401829596,68.0,5,Unknown 2PT,Midrange,17,18,0.9444444444444444,0.22784810126582278
401829596,68.0,11,Top of Key 3s,3PT,3,17,0.17647058823529413,0.21518987341772153
401829596,2751.0,1,At The Rim,Paint,8,18,0.4444444444444444,0.2727272727272727
401829596,2751.0,5,Unknown 2PT,Midrange,12,15,0.8,0.22727272727272727
401829596,2751.0,11,Top of Key 3s,3PT,7,25,0.28,0.3787878787878788
401829612,2253.0,1,At The Rim,Paint,12,21,0.5714285714285714,0.2692307692307692
401829612,2253.0,5,Unknown 2PT,Midrange,21,24,0.875,0.3076923076923077
401829612,2253.0,11,Top of Key 3s,3PT,8,24,0.3333333333333333,0.3076923076923077
401829612,2439.0,1,At The Rim,Paint,7,14,0.5,0.16091954022988506
401829612,2439.0,5,Unknown 2PT,Midrange,26,27,0.9629629629629629,0.3103448275862069
401829612,2439.0,11,Top of Key 3s,3PT,7,24,0.2916666666666667,0.27586206896551724
401831149,282.0,1,At The Rim,Paint,13,29,0.4482758620689655,0.29
401831149,282.0,5,Unknown 2PT,Midrange,25,25,1.0,0.25
401831149,282.0,11,Top of Key 3s,3PT,6,21,0.2857142857142857,0.21
401831149,2181.0,1,At The Rim,Paint,13,21,0.6190476190476191,0.23863636363636365
401831149,2181.0,5,Unknown 2PT,Midrange,26,26,1.0,0.29545454545454547
401831149,2181.0,11,Top of Key 3s,3PT,14,34,0.4117647058823529,0.38636363636363635
401831331,36.0,1,At The Rim,Paint,5,18,0.2777777777777778,0.2535211267605634
401831331,36.0,5,Unknown 2PT,Midrange,20,23,0.8695652173913043,0.323943661971831
401831331,36.0,11,Top of Key 3s,3PT,12,24,0.5,0.3380281690140845
401831331,167.0,1,At The Rim,Paint,10,20,0.5,0.28169014084507044
401831331,167.0,5,Unknown 2PT,Midrange,15,17,0.8823529411764706,0.23943661971830985
401831331,167.0,11,Top of Key 3s,3PT,2,20,0.1,0.28169014084507044
401805047,48.0,1,At The Rim,Paint,9,15,0.6,0.2727272727272727
401805047,48.0,5,Unknown 2PT,Midrange,7,7,1.0,0.12727272727272726
401805047,48.0,11,Top of Key 3s,3PT,3,24,0.125,0.43636363636363634
401805047,2229.0,1,At The Rim,Paint,15,41,0.36585365853658536,0.47674418604651164
401805047,2229.0,5,Unknown 2PT,Midrange,17,17,1.0,0.19767441860465115
401805047,2229.0,11,Top of Key 3s,3PT,4,14,0.2857142857142857,0.16279069767441862
401805048,2335.0,1,At The Rim,Paint,9,11,0.8181818181818182,0.15942028985507245
401805048,2335.0,5,Unknown 2PT,Midrange,19,19,1.0,0.2753623188405797
401805048,2335.0,11,Top of Key 3s,3PT,2,10,0.2,0.14492753623188406
401805048,2623.0,1,At The Rim,Paint,5,7,0.7142857142857143,0.10294117647058823
401805048,2623.0,5,Unknown 2PT,Midrange,16,17,0.9411764705882353,0.25
401805048,2623.0,11,Top of Key 3s,3PT,3,20,0.15,0.29411764705882354
401805049,55.0,1,At The Rim,Paint,12,21,0.5714285714285714,0.3333333333333333
401805049,55.0,5,Unknown 2PT,Midrange,14,15,0.9333333333333333,0.23809523809523808
401805049,55.0,11,Top of Key 3s,3PT,7,24,0.2916666666666667,0.38095238095238093
401805049,2348.0,1,At The Rim,Paint,19,35,0.5428571428571428,0.5645161290322581
401805049,2348.0,5,Unknown 2PT,Midrange,17,17,1.0,0.27419354838709675
401805049,2348.0,11,Top of Key 3s,3PT,2,7,0.2857142857142857,0.11290322580645161
401805050,338.0,1,At The Rim,Paint,18,27,0.6666666666666666,0.34615384615384615
401805050,338.0,5,Unknown 2PT,Midrange,21,23,0.9130434782608695,0.2948717948717949
401805050,338.0,11,Top of Key 3s,3PT,2,8,0.25,0.10256410256410256
401805050,2534.0,1,At The Rim,Paint,18,26,0.6923076923076923,0.28888888888888886
401805050,2534.0,5,Unknown 2PT,Midrange,31,33,0.9393939393939394,0.36666666666666664
401805050,2534.0,11,Top of Key 3s,3PT,2,14,0.14285714285714285,0.15555555555555556
401805051,48.0,1,At The Rim,Paint,7,7,1.0,0.09333333333333334
401805051,48.0,5,Unknown 2PT,Midrange,21,21,1.0,0.28
401805051,48.0,11,Top of Key 3s,3PT,5,22,0.22727272727272727,0.29333333333333333
401805051,2623.0,1,At The Rim,Paint,12,16,0.75,0.18604651162790697
401805051,2623.0,5,Unknown 2PT,Midrange,23,24,0.9583333333333334,0.27906976744186046
401805051,2623.0,11,Top of Key 3s,3PT,6,24,0.25,0.27906976744186046
401805052,2229.0,1,At The Rim,Paint,11,22,0.5,0.3055555555555556
401805052,2229.0,5,Unknown 2PT,Midrange,22,24,0.9166666666666666,0.3333333333333333
401805052,2229.0,11,Top of Key 3s,3PT,7,17,0.4117647058823529,0.2361111111111111
401805052,2335.0,1,At The Rim,Paint,10,26,0.38461538461538464,0.37681159420289856
401805052,2335.0,5,Unknown 2PT,Midrange,16,18,0.8888888888888888,0.2608695652173913
401805052,2335.0,11,Top of Key 3s,3PT,2,17,0.11764705882352941,0.2463768115942029
401805053,338.0,1,At The Rim,Paint,15,28,0.5357142857142857,0.4307692307692308
401805053,338.0,5,Unknown 2PT,Midrange,10,10,1.0,0.15384615384615385
401805053,338.0,11,Top of Key 3s,3PT,3,14,0.21428571428571427,0.2153846153846154
401805053,2348.0,1,At The Rim,Paint,12,25,0.48,0.31645569620253167
401805053,2348.0,5,Unknown 2PT,Midrange,16,20,0.8,0.25316455696202533
401805053,2348.0,11,Top of Key 3s,3PT,8,27,0.2962962962962963,0.34177215189873417
401805054,98.0,1,At The Rim,Paint,12,17,0.7058823529411765,0.22666666666666666
401805054,98.0,5,Unknown 2PT,Midrange,23,23,1.0,0.30666666666666664
401805054,98.0,11,Top of Key 3s,3PT,7,25,0.28,0.3333333333333333
401805054,2393.0,1,At The Rim,Paint,11,17,0.6470588235294118,0.2125
401805054,2393.0,5,Unknown 2PT,Midrange,24,26,0.9230769230769231,0.325
401805054,2393.0,11,Top of Key 3s,3PT,6,20,0.3,0.25
401805055,55.0,1,At The Rim,Paint,20,38,0.5263157894736842,0.475
401805055,55.0,5,Unknown 2PT,Midrange,14,15,0.9333333333333333,0.1875
401805055,55.0,11,Top of Key 3s,3PT,6,24,0.25,0.3
401805055,2534.0,1,At The Rim,Paint,19,38,0.5,0.4691358024691358
401805055,2534.0,5,Unknown 2PT,Midrange,17,17,1.0,0.20987654320987653
401805055,2534.0,11,Top of Key 3s,3PT,4,14,0.2857142857142857,0.1728395061728395
401805056,166.0,1,At The Rim,Paint,5,18,0.2777777777777778,0.24324324324324326
401805056,166.0,5,Unknown 2PT,Midrange,14,14,1.0,0.1891891891891892
401805056,166.0,11,Top of Key 3s,3PT,7,14,0.5,0.1891891891891892
401805056,2638.0,1,At The Rim,Paint,14,27,0.5185185185185185,0.38028169014084506
401805056,2638.0,5,Unknown 2PT,Midrange,17,19,0.8947368421052632,0.2676056338028169
401805056,2638.0,11,Top of Key 3s,3PT,5,17,0.29411764705882354,0.23943661971830985
401805134,253.0,1,At The Rim,Paint,16,29,0.5517241379310345,0.35365853658536583
401805134,253.0,5,Unknown 2PT,Midrange,26,26,1.0,0.3170731707317073
401805134,253.0,11,Top of Key 3s,3PT,5,12,0.4166666666666667,0.14634146341463414
401805134,2627.0,1,At The Rim,Paint,13,22,0.5909090909090909,0.29333333333333333
401805134,2627.0,5,Unknown 2PT,Midrange,13,13,1.0,0.17333333333333334
401805134,2627.0,11,Top of Key 3s,3PT,6,22,0.2727272727272727,0.29333333333333333
401805135,250.0,1,At The Rim,Paint,8,20,0.4,0.2631578947368421
401805135,250.0,5,Unknown 2PT,Midrange,18,23,0.782608695652174,0.3026315789473684
401805135,250.0,11,Top of Key 3s,3PT,2,10,0.2,0.13157894736842105
401805135,3101.0,1,At The Rim,Paint,7,15,0.4666666666666667,0.2112676056338028
401805135,3101.0,5,Unknown 2PT,Midrange,20,21,0.9523809523809523,0.29577464788732394
401805135,3101.0,11,Top of Key 3s,3PT,8,22,0.36363636363636365,0.30985915492957744
401805136,2856.0,1,At The Rim,Paint,13,21,0.6190476190476191,0.3333333333333333
401805136,2856.0,5,Unknown 2PT,Midrange,5,5,1.0,0.07936507936507936
401805136,2856.0,11,Top of Key 3s,3PT,10,31,0.3225806451612903,0.49206349206349204
401805136,3084.0,1,At The Rim,Paint,14,27,0.5185185185185185,0.391304347826087
401805136,3084.0,5,Unknown 2PT,Midrange,22,25,0.88,0.36231884057971014
401805136,3084.0,11,Top of Key 3s,3PT,5,14,0.35714285714285715,0.2028985507246377
401805137,2627.0,1,At The Rim,Paint,9,20,0.45,0.2702702702702703
401805137,2627.0,5,Unknown 2PT,Midrange,15,16,0.9375,0.21621621621621623
401805137,2627.0,11,Top of Key 3s,3PT,3,17,0.17647058823529413,0.22972972972972974
401805137,3101.0,1,At The Rim,Paint,11,25,0.44,0.2976190476190476
401805137,3101.0,5,Unknown 2PT,Midrange,20,23,0.8695652173913043,0.27380952380952384
401805137,3101.0,11,Top of Key 3s,3PT,11,30,0.36666666666666664,0.35714285714285715
401805138,250.0,1,At The Rim,Paint,14,29,0.4827586206896552,0.4393939393939394
401805138,250.0,5,Unknown 2PT,Midrange,15,15,1.0,0.22727272727272727
401805138,250.0,11,Top of Key 3s,3PT,6,13,0.46153846153846156,0.19696969696969696
401805138,3084.0,1,At The Rim,Paint,16,30,0.5333333333333333,0.375
401805138,3084.0,5,Unknown 2PT,Midrange,22,23,0.9565217391304348,0.2875
401805138,3084.0,11,Top of Key 3s,3PT,9,20,0.45,0.25
401806601,2546.0,1,At The Rim,Paint,10,19,0.5263157894736842,0.25675675675675674
401806601,2546.0,5,Unknown 2PT,Midrange,16,17,0.9411764705882353,0.22972972972972974
401806601,2546.0,11,Top of Key 3s,3PT,9,20,0.45,0.2702702702702703
401806601,2630.0,1,At The Rim,Paint,6,14,0.42857142857142855,0.2
401806601,2630.0,5,Unknown 2PT,Midrange,17,17,1.0,0.24285714285714285
401806601,2630.0,11,Top of Key 3s,3PT,6,15,0.4,0.21428571428571427
401806602,2197.0,1,At The Rim,Paint,4,12,0.3333333333333333,0.1518987341772152
401806602,2197.0,5,Unknown 2PT,Midrange,28,30,0.9333333333333333,0.379746835443038
401806602,2197.0,11,Top of Key 3s,3PT,8,18,0.4444444444444444,0.22784810126582278
401806602,2413.0,1,At The Rim,Paint,20,26,0.7692307692307693,0.3611111111111111
401806602,2413.0,5,Unknown 2PT,Midrange,22,22,1.0,0.3055555555555556
401806602,2413.0,11,Top of Key 3s,3PT,6,21,0.2857142857142857,0.2916666666666667
401806603,2634.0,1,At The Rim,Paint,21,34,0.6176470588235294,0.4657534246575342
401806603,2634.0,5,Unknown 2PT,Midrange,7,7,1.0,0.0958904109589041
401806603,2634.0,11,Top of Key 3s,3PT,5,18,0.2777777777777778,0.2465753424657534
401806603,2815.0,1,At The Rim,Paint,14,19,0.7368421052631579,0.25333333333333335
401806603,2815.0,5,Unknown 2PT,Midrange,15,15,1.0,0.2
401806603,2815.0,11,Top of Key 3s,3PT,7,23,0.30434782608695654,0.30666666666666664
401806604,2031.0,1,At The Rim,Paint,16,23,0.6956521739130435,0.3150684931506849
401806604,2031.0,5,Unknown 2PT,Midrange,13,13,1.0,0.1780821917808219
401806604,2031.0,11,Top of Key 3s,3PT,3,14,0.21428571428571427,0.1917808219178082
401806604,2630.0,1,At The Rim,Paint,12,20,0.6,0.24691358024691357
401806604,2630.0,5,Unknown 2PT,Midrange,23,25,0.92,0.30864197530864196
401806604,2630.0,11,Top of Key 3s,3PT,3,20,0.15,0.24691358024691357
401806605,2565.0,1,At The Rim,Paint,17,27,0.6296296296296297,0.38571428571428573
401806605,2565.0,5,Unknown 2PT,Midrange,14,17,0.8235294117647058,0.24285714285714285
401806605,2565.0,11,Top of Key 3s,3PT,7,16,0.4375,0.22857142857142856
401806605,2635.0,1,At The Rim,Paint,10,20,0.5,0.2631578947368421
401806605,2635.0,5,Unknown 2PT,Midrange,22,22,1.0,0.2894736842105263
401806605,2635.0,11,Top of Key 3s,3PT,3,14,0.21428571428571427,0.18421052631578946
401806606,88.0,1,At The Rim,Paint,5,20,0.25,0.28169014084507044
401806606,88.0,5,Unknown 2PT,Midrange,9,11,0.8181818181818182,0.15492957746478872
401806606,88.0,11,Top of Key 3s,3PT,2,17,0.11764705882352941,0.23943661971830985
401806606,2710.0,1,At The Rim,Paint,9,13,0.6923076923076923,0.17333333333333334
401806606,2710.0,5,Unknown 2PT,Midrange,24,24,1.0,0.32
401806606,2710.0,11,Top of Key 3s,3PT,5,19,0.2631578947368421,0.25333333333333335
401806607,88.0,1,At The Rim,Paint,17,34,0.5,0.4657534246575342
401806607,88.0,5,Unknown 2PT,Midrange,10,10,1.0,0.136986301369863
401806607,88.0,11,Top of Key 3s,3PT,6,17,0.35294117647058826,0.2328767123287671
401806607,2197.0,1,At The Rim,Paint,8,19,0.42105263157894735,0.25333333333333335
401806607,2197.0,5,Unknown 2PT,Midrange,13,15,0.8666666666666667,0.2
401806607,2197.0,11,Top of Key 3s,3PT,7,22,0.3181818181818182,0.29333333333333333
401806608,2635.0,1,At The Rim,Paint,11,25,0.44,0.32894736842105265
401806608,2635.0,5,Unknown 2PT,Midrange,18,18,1.0,0.23684210526315788
401806608,2635.0,11,Top of Key 3s,3PT,6,24,0.25,0.3157894736842105
401806608,2815.0,1,At The Rim,Paint,17,24,0.7083333333333334,0.375
401806608,2815.0,5,Unknown 2PT,Midrange,15,15,1.0,0.234375
401806608,2815.0,11,Top of Key 3s,3PT,3,14,0.21428571428571427,0.21875
401806609,2031.0,1,At The Rim,Paint,13,21,0.6190476190476191,0.25925925925925924
401806609,2031.0,5,Unknown 2PT,Midrange,19,19,1.0,0.2345679012345679
401806609,2031.0,11,Top of Key 3s,3PT,4,13,0.3076923076923077,0.16049382716049382
401806609,2546.0,1,At The Rim,Paint,18,25,0.72,0.3333333333333333
401806609,2546.0,5,Unknown 2PT,Midrange,19,22,0.8636363636363636,0.29333333333333333
401806609,2546.0,11,Top of Key 3s,3PT,1,10,0.1,0.13333333333333333
401806610,2413.0,1,At The Rim,Paint,11,16,0.6875,0.25806451612903225
401806610,2413.0,5,Unknown 2PT,Midrange,11,11,1.0,0.1774193548387097
401806610,2413.0,11,Top of Key 3s,3PT,7,26,0.2692307692307692,0.41935483870967744
401806610,2710.0,1,At The Rim,Paint,9,18,0.5,0.2222222222222222
401806610,2710.0,5,Unknown 2PT,Midrange,26,28,0.9285714285714286,0.345679012345679
401806610,2710.0,11,Top of Key 3s,3PT,7,16,0.4375,0.19753086419753085
401806611,2565.0,1,At The Rim,Paint,14,29,0.4827586206896552,0.3258426966292135
401806611,2565.0,5,Unknown 2PT,Midrange,13,13,1.0,0.14606741573033707
401806611,2565.0,11,Top of Key 3s,3PT,9,28,0.32142857142857145,0.3146067415730337
401806611,2634.0,1,At The Rim,Paint,14,25,0.56,0.31645569620253167
401806611,2634.0,5,Unknown 2PT,Midrange,15,15,1.0,0.189873417721519
401806611,2634.0,11,Top of Key 3s,3PT,4,16,0.25,0.20253164556962025
401807581,8.0,1,At The Rim,Paint,9,16,0.5625,0.2077922077922078
401807581,8.0,5,Unknown 2PT,Midrange,32,32,1.0,0.4155844155844156
401807581,8.0,11,Top of Key 3s,3PT,4,14,0.2857142857142857,0.18181818181818182
401807581,251.0,1,At The Rim,Paint,17,23,0.7391304347826086,0.26136363636363635
401807581,251.0,5,Unknown 2PT,Midrange,9,9,1.0,0.10227272727272728
401807581,251.0,11,Top of Key 3s,3PT,10,28,0.35714285714285715,0.3181818181818182
401807627,2.0,1,At The Rim,Paint,13,31,0.41935483870967744,0.36470588235294116
401807627,2.0,5,Unknown 2PT,Midrange,17,18,0.9444444444444444,0.21176470588235294
401807627,2.0,11,Top of Key 3s,3PT,8,23,0.34782608695652173,0.27058823529411763
401807627,142.0,1,At The Rim,Paint,12,14,0.8571428571428571,0.2641509433962264
401807627,142.0,5,Unknown 2PT,Midrange,18,18,1.0,0.33962264150943394
401807627,142.0,11,Top of Key 3s,3PT,6,17,0.35294117647058826,0.32075471698113206
401807628,57.0,1,At The Rim,Paint,17,22,0.7727272727272727,0.29333333333333333
401807628,57.0,5,Unknown 2PT,Midrange,19,19,1.0,0.25333333333333335
401807628,57.0,11,Top of Key 3s,3PT,4,18,0.2222222222222222,0.24
401807628,344.0,1,At The Rim,Paint,14,21,0.6666666666666666,0.2727272727272727
401807628,344.0,5,Unknown 2PT,Midrange,21,21,1.0,0.2727272727272727
401807628,344.0,11,Top of Key 3s,3PT,1,12,0.08333333333333333,0.15584415584415584
401807629,99.0,1,At The Rim,Paint,16,30,0.5333333333333333,0.37037037037037035
401807629,99.0,5,Unknown 2PT,Midrange,20,21,0.9523809523809523,0.25925925925925924
401807629,99.0,11,Top of Key 3s,3PT,4,12,0.3333333333333333,0.14814814814814814
401807629,145.0,1,At The Rim,Paint,9,26,0.34615384615384615,0.2857142857142857
401807629,145.0,5,Unknown 2PT,Midrange,25,28,0.8928571428571429,0.3076923076923077
401807629,145.0,11,Top of Key 3s,3PT,7,16,0.4375,0.17582417582417584
401807630,61.0,1,At The Rim,Paint,8,17,0.47058823529411764,0.22077922077922077
401807630,61.0,5,Unknown 2PT,Midrange,30,32,0.9375,0.4155844155844156
401807630,61.0,11,Top of Key 3s,3PT,2,15,0.13333333333333333,0.19480519480519481
401807630,201.0,1,At The Rim,Paint,11,23,0.4782608695652174,0.25274725274725274
401807630,201.0,5,Unknown 2PT,Midrange,22,29,0.7586206896551724,0.31868131868131866
401807630,201.0,11,Top of Key 3s,3PT,4,16,0.25,0.17582417582417584
401807631,333.0,1,At The Rim,Paint,9,18,0.5,0.29508196721311475
401807631,333.0,5,Unknown 2PT,Midrange,7,7,1.0,0.11475409836065574
401807631,333.0,11,Top of Key 3s,3PT,10,30,0.3333333333333333,0.4918032786885246
401807631,2579.0,1,At The Rim,Paint,18,23,0.782608695652174,0.2875
401807631,2579.0,5,Unknown 2PT,Midrange,18,19,0.9473684210526315,0.2375
401807631,2579.0,11,Top of Key 3s,3PT,4,18,0.2222222222222222,0.225
401807632,245.0,1,At The Rim,Paint,13,23,0.5652173913043478,0.323943661971831
401807632,245.0,5,Unknown 2PT,Midrange,11,12,0.9166666666666666,0.16901408450704225
401807632,245.0,11,Top of Key 3s,3PT,11,19,0.5789473684210527,0.2676056338028169
401807632,2633.0,1,At The Rim,Paint,10,15,0.6666666666666666,0.1875
401807632,2633.0,5,Unknown 2PT,Midrange,21,21,1.0,0.2625
401807632,2633.0,11,Top of Key 3s,3PT,10,29,0.3448275862068966,0.3625
401807852,2046.0,1,At The Rim,Paint,14,25,0.56,0.390625
401807852,2046.0,5,Unknown 2PT,Midrange,13,15,0.8666666666666667,0.234375
401807852,2046.0,11,Top of Key 3s,3PT,8,20,0.4,0.3125
401807852,2110.0,1,At The Rim,Paint,15,19,0.7894736842105263,0.2602739726027397
401807852,2110.0,5,Unknown 2PT,Midrange,23,23,1.0,0.3150684931506849
401807852,2110.0,11,Top of Key 3s,3PT,5,16,0.3125,0.2191780821917808
401807853,526.0,1,At The Rim,Paint,8,16,0.5,0.23529411764705882
401807853,526.0,5,Unknown 2PT,Midrange,25,25,1.0,0.36764705882352944
401807853,526.0,11,Top of Key 3s,3PT,9,17,0.5294117647058824,0.25
401807853,2198.0,1,At The Rim,Paint,10,26,0.38461538461538464,0.3466666666666667
401807853,2198.0,5,Unknown 2PT,Midrange,12,12,1.0,0.16
401807853,2198.0,11,Top of Key 3s,3PT,10,31,0.3225806451612903,0.41333333333333333
401807855,56.0,1,At The Rim,Paint,16,31,0.5161290322580645,0.3875
401807855,56.0,5,Unknown 2PT,Midrange,24,24,1.0,0.3
401807855,56.0,11,Top of Key 3s,3PT,7,17,0.4117647058823529,0.2125
401807855,2454.0,1,At The Rim,Paint,13,27,0.48148148148148145,0.36486486486486486
401807855,2454.0,5,Unknown 2PT,Midrange,14,15,0.9333333333333333,0.20270270270270271
401807855,2454.0,11,Top of Key 3s,3PT,7,24,0.2916666666666667,0.32432432432432434
401807856,294.0,1,At The Rim,Paint,14,26,0.5384615384615384,0.27956989247311825
401807856,294.0,5,Unknown 2PT,Midrange,36,36,1.0,0.3870967741935484
401807856,294.0,11,Top of Key 3s,3PT,4,12,0.3333333333333333,0.12903225806451613
401807856,2511.0,1,At The Rim,Paint,11,23,0.4782608695652174,0.3150684931506849
401807856,2511.0,5,Unknown 2PT,Midrange,11,13,0.8461538461538461,0.1780821917808219
401807856,2511.0,11,Top of Key 3s,3PT,3,23,0.13043478260869565,0.3150684931506849
401807857,288.0,1,At The Rim,Paint,9,19,0.47368421052631576,0.24675324675324675
401807857,288.0,5,Unknown 2PT,Midrange,16,17,0.9411764705882353,0.22077922077922077
401807857,288.0,11,Top of Key 3s,3PT,8,28,0.2857142857142857,0.36363636363636365
401807857,2698.0,1,At The Rim,Paint,14,30,0.4666666666666667,0.3614457831325301
401807857,2698.0,5,Unknown 2PT,Midrange,13,13,1.0,0.1566265060240964
401807857,2698.0,11,Top of Key 3s,3PT,9,32,0.28125,0.3855421686746988
401807858,91.0,1,At The Rim,Paint,6,13,0.46153846153846156,0.2708333333333333
401807858,91.0,5,Unknown 2PT,Midrange,8,9,0.8888888888888888,0.1875
401807858,91.0,11,Top of Key 3s,3PT,5,17,0.29411764705882354,0.3541666666666667
401807858,2046.0,1,At The Rim,Paint,17,30,0.5666666666666667,0.3488372093023256
401807858,2046.0,5,Unknown 2PT,Midrange,14,14,1.0,0.16279069767441862
401807858,2046.0,11,Top of Key 3s,3PT,11,32,0.34375,0.37209302325581395
401807859,2110.0,1,At The Rim,Paint,21,31,0.6774193548387096,0.36046511627906974
401807859,2110.0,5,Unknown 2PT,Midrange,14,16,0.875,0.18604651162790697
401807859,2110.0,11,Top of Key 3s,3PT,4,29,0.13793103448275862,0.3372093023255814
401807859,2698.0,1,At The Rim,Paint,10,20,0.5,0.26666666666666666
401807859,2698.0,5,Unknown 2PT,Midrange,24,24,1.0,0.32
401807859,2698.0,11,Top of Key 3s,3PT,6,24,0.25,0.32
401807860,56.0,1,At The Rim,Paint,11,22,0.5,0.34375
401807860,56.0,5,Unknown 2PT,Midrange,12,13,0.9230769230769231,0.203125
401807860,56.0,11,Top of Key 3s,3PT,6,15,0.4,0.234375
401807860,2198.0,1,At The Rim,Paint,8,19,0.42105263157894735,0.2638888888888889
401807860,2198.0,5,Unknown 2PT,Midrange,19,19,1.0,0.2638888888888889
401807860,2198.0,11,Top of Key 3s,3PT,7,22,0.3181818181818182,0.3055555555555556
401807861,294.0,1,At The Rim,Paint,12,20,0.6,0.2631578947368421
401807861,294.0,5,Unknown 2PT,Midrange,18,18,1.0,0.23684210526315788
401807861,294.0,11,Top of Key 3s,3PT,8,21,0.38095238095238093,0.27631578947368424
401807861,526.0,1,At The Rim,Paint,13,27,0.48148148148148145,0.3068181818181818
401807861,526.0,5,Unknown 2PT,Midrange,30,31,0.967741935483871,0.3522727272727273
401807861,526.0,11,Top of Key 3s,3PT,2,21,0.09523809523809523,0.23863636363636365
401807862,288.0,1,At The Rim,Paint,20,35,0.5714285714285714,0.4666666666666667
401807862,288.0,5,Unknown 2PT,Midrange,14,15,0.9333333333333333,0.2
401807862,288.0,11,Top of Key 3s,3PT,2,18,0.1111111111111111,0.24
401807862,2453.0,1,At The Rim,Paint,11,27,0.4074074074074074,0.3068181818181818
401807862,2453.0,5,Unknown 2PT,Midrange,18,18,1.0,0.20454545454545456
401807862,2453.0,11,Top of Key 3s,3PT,7,23,0.30434782608695654,0.26136363636363635
401807863,2454.0,1,At The Rim,Paint,20,32,0.625,0.4444444444444444
401807863,2454.0,5,Unknown 2PT,Midrange,17,17,1.0,0.2361111111111111
401807863,2454.0,11,Top of Key 3s,3PT,3,18,0.16666666666666666,0.25
401807863,2511.0,1,At The Rim,Paint,13,33,0.3939393939393939,0.44
401807863,2511.0,5,Unknown 2PT,Midrange,10,10,1.0,0.13333333333333333
401807863,2511.0,11,Top of Key 3s,3PT,4,20,0.2,0.26666666666666666
401807889,2277.0,1,At The Rim,Paint,16,33,0.48484848484848486,0.4230769230769231
401807889,2277.0,5,Unknown 2PT,Midrange,14,15,0.9333333333333333,0.19230769230769232
401807889,2277.0,11,Top of Key 3s,3PT,6,19,0.3157894736842105,0.24358974358974358
401807889,2837.0,1,At The Rim,Paint,10,24,0.4166666666666667,0.3380281690140845
401807889,2837.0,5,Unknown 2PT,Midrange,9,10,0.9,0.14084507042253522
401807889,2837.0,11,Top of Key 3s,3PT,6,27,0.2222222222222222,0.38028169014084506
401807890,2837.0,1,At The Rim,Paint,9,18,0.5,0.2857142857142857
401807890,2837.0,5,Unknown 2PT,Midrange,11,13,0.8461538461538461,0.20634920634920634
401807890,2837.0,11,Top of Key 3s,3PT,8,19,0.42105263157894735,0.30158730158730157
401807890,2916.0,1,At The Rim,Paint,9,18,0.5,0.24324324324324326
401807890,2916.0,5,Unknown 2PT,Midrange,11,12,0.9166666666666666,0.16216216216216217
401807890,2916.0,11,Top of Key 3s,3PT,7,23,0.30434782608695654,0.3108108108108108
401807910,2320.0,1,At The Rim,Paint,10,21,0.47619047619047616,0.25301204819277107
401807910,2320.0,5,Unknown 2PT,Midrange,23,24,0.9583333333333334,0.2891566265060241
401807910,2320.0,11,Top of Key 3s,3PT,6,19,0.3157894736842105,0.2289156626506024
401807910,2447.0,1,At The Rim,Paint,9,19,0.47368421052631576,0.23170731707317074
401807910,2447.0,5,Unknown 2PT,Midrange,17,17,1.0,0.2073170731707317
401807910,2447.0,11,Top of Key 3s,3PT,3,23,0.13043478260869565,0.2804878048780488
401807911,2320.0,1,At The Rim,Paint,18,27,0.6666666666666666,0.34615384615384615
401807911,2320.0,5,Unknown 2PT,Midrange,10,13,0.7692307692307693,0.16666666666666666
401807911,2320.0,11,Top of Key 3s,3PT,11,27,0.4074074074074074,0.34615384615384615
401807911,2443.0,1,At The Rim,Paint,14,24,0.5833333333333334,0.3870967741935484
401807911,2443.0,5,Unknown 2PT,Midrange,9,9,1.0,0.14516129032258066
401807911,2443.0,11,Top of Key 3s,3PT,5,21,0.23809523809523808,0.3387096774193548
401807935,292.0,1,At The Rim,Paint,10,19,0.5263157894736842,0.3064516129032258
401807935,292.0,5,Unknown 2PT,Midrange,15,15,1.0,0.24193548387096775
401807935,292.0,11,Top of Key 3s,3PT,5,13,0.38461538461538464,0.20967741935483872
401807935,2377.0,1,At The Rim,Paint,7,18,0.3888888888888889,0.2465753424657534
401807935,2377.0,5,Unknown 2PT,Midrange,16,17,0.9411764705882353,0.2328767123287671
401807935,2377.0,11,Top of Key 3s,3PT,4,14,0.2857142857142857,0.1917808219178082
401807936,357.0,1,At The Rim,Paint,10,19,0.5263157894736842,0.3220338983050847
401807936,357.0,5,Unknown 2PT,Midrange,19,20,0.95,0.3389830508474576
401807936,357.0,11,Top of Key 3s,3PT,6,16,0.375,0.2711864406779661
401807936,2377.0,1,At The Rim,Paint,14,22,0.6363636363636364,0.28205128205128205
401807936,2377.0,5,Unknown 2PT,Midrange,18,18,1.0,0.23076923076923078
401807936,2377.0,11,Top of Key 3s,3PT,6,15,0.4,0.19230769230769232
401807961,2443.0,1,At The Rim,Paint,13,34,0.38235294117647056,0.37362637362637363
401807961,2443.0,5,Unknown 2PT,Midrange,19,20,0.95,0.21978021978021978
401807961,2443.0,11,Top of Key 3s,3PT,4,15,0.26666666666666666,0.16483516483516483
401807961,2617.0,1,At The Rim,Paint,23,38,0.6052631578947368,0.3958333333333333
401807961,2617.0,5,Unknown 2PT,Midrange,19,19,1.0,0.19791666666666666
401807961,2617.0,11,Top of Key 3s,3PT,12,36,0.3333333333333333,0.375
401807982,357.0,1,At The Rim,Paint,8,13,0.6153846153846154,0.16455696202531644
401807982,357.0,5,Unknown 2PT,Midrange,29,29,1.0,0.3670886075949367
401807982,357.0,11,Top of Key 3s,3PT,9,25,0.36,0.31645569620253167
401807982,2545.0,1,At The Rim,Paint,8,13,0.6153846153846154,0.14444444444444443
401807982,2545.0,5,Unknown 2PT,Midrange,23,23,1.0,0.25555555555555554
401807982,2545.0,11,Top of Key 3s,3PT,7,31,0.22580645161290322,0.34444444444444444
401808002,2447.0,1,At The Rim,Paint,7,26,0.2692307692307692,0.3170731707317073
401808002,2447.0,5,Unknown 2PT,Midrange,21,22,0.9545454545454546,0.2682926829268293
401808002,2447.0,11,Top of Key 3s,3PT,4,16,0.25,0.1951219512195122
401808002,2617.0,1,At The Rim,Paint,17,32,0.53125,0.45714285714285713
401808002,2617.0,5,Unknown 2PT,Midrange,13,13,1.0,0.18571428571428572
401808002,2617.0,11,Top of Key 3s,3PT,8,19,0.42105263157894735,0.2714285714285714
401808013,292.0,1,At The Rim,Paint,14,21,0.6666666666666666,0.2916666666666667
401808013,292.0,5,Unknown 2PT,Midrange,9,9,1.0,0.125
401808013,292.0,11,Top of Key 3s,3PT,9,24,0.375,0.3333333333333333
401808013,2545.0,1,At The Rim,Paint,14,24,0.5833333333333334,0.3287671232876712
401808013,2545.0,5,Unknown 2PT,Midrange,12,12,1.0,0.1643835616438356
401808013,2545.0,11,Top of Key 3s,3PT,4,19,0.21052631578947367,0.2602739726027397
401808042,16.0,1,At The Rim,Paint,14,22,0.6363636363636364,0.30985915492957744
401808042,16.0,5,Unknown 2PT,Midrange,16,19,0.8421052631578947,0.2676056338028169
401808042,16.0,11,Top of Key 3s,3PT,6,16,0.375,0.22535211267605634
401808042,331.0,1,At The Rim,Paint,9,26,0.34615384615384615,0.3880597014925373
401808042,331.0,5,Unknown 2PT,Midrange,15,16,0.9375,0.23880597014925373
401808042,331.0,11,Top of Key 3s,3PT,7,15,0.4666666666666667,0.22388059701492538
401808043,331.0,1,At The Rim,Paint,20,37,0.5405405405405406,0.4157303370786517
401808043,331.0,5,Unknown 2PT,Midrange,17,18,0.9444444444444444,0.20224719101123595
401808043,331.0,11,Top of Key 3s,3PT,11,28,0.39285714285714285,0.3146067415730337
401808043,2502.0,1,At The Rim,Paint,17,32,0.53125,0.3950617283950617
401808043,2502.0,5,Unknown 2PT,Midrange,15,15,1.0,0.18518518518518517
401808043,2502.0,11,Top of Key 3s,3PT,8,23,0.34782608695652173,0.2839506172839506
401808072,70.0,1,At The Rim,Paint,22,39,0.5641025641025641,0.48148148148148145
401808072,70.0,5,Unknown 2PT,Midrange,16,16,1.0,0.19753086419753085
401808072,70.0,11,Top of Key 3s,3PT,6,17,0.35294117647058826,0.20987654320987653
401808072,2502.0,1,At The Rim,Paint,15,27,0.5555555555555556,0.375
401808072,2502.0,5,Unknown 2PT,Midrange,10,12,0.8333333333333334,0.16666666666666666
401808072,2502.0,11,Top of Key 3s,3PT,4,13,0.3076923076923077,0.18055555555555555
401808073,16.0,1,At The Rim,Paint,12,23,0.5217391304347826,0.2804878048780488
401808073,16.0,5,Unknown 2PT,Midrange,15,16,0.9375,0.1951219512195122
401808073,16.0,11,Top of Key 3s,3PT,7,31,0.22580645161290322,0.3780487804878049
401808073,70.0,1,At The Rim,Paint,12,32,0.375,0.4
401808073,70.0,5,Unknown 2PT,Midrange,19,19,1.0,0.2375
401808073,70.0,11,Top of Key 3s,3PT,7,13,0.5384615384615384,0.1625
401808113,147.0,1,At The Rim,Paint,15,26,0.5769230769230769,0.3058823529411765
401808113,147.0,5,Unknown 2PT,Midrange,11,13,0.8461538461538461,0.15294117647058825
401808113,147.0,11,Top of Key 3s,3PT,11,28,0.39285714285714285,0.32941176470588235
401808113,2692.0,1,At The Rim,Paint,7,19,0.3684210526315789,0.3220338983050847
401808113,2692.0,5,Unknown 2PT,Midrange,11,12,0.9166666666666666,0.2033898305084746
401808113,2692.0,11,Top of Key 3s,3PT,3,21,0.14285714285714285,0.3559322033898305
401808114,149.0,1,At The Rim,Paint,14,26,0.5384615384615384,0.32098765432098764
401808114,149.0,5,Unknown 2PT,Midrange,15,15,1.0,0.18518518518518517
401808114,149.0,11,Top of Key 3s,3PT,12,30,0.4,0.37037037037037035
401808114,2692.0,1,At The Rim,Paint,12,20,0.6,0.24691358024691357
401808114,2692.0,5,Unknown 2PT,Midrange,26,26,1.0,0.32098765432098764
401808114,2692.0,11,Top of Key 3s,3PT,13,29,0.4482758620689655,0.35802469135802467
401808443,149.0,1,At The Rim,Paint,15,31,0.4838709677419355,0.47692307692307695
401808443,149.0,5,Unknown 2PT,Midrange,13,13,1.0,0.2
401808443,149.0,11,Top of Key 3s,3PT,3,16,0.1875,0.24615384615384617
401808443,304.0,1,At The Rim,Paint,13,22,0.5909090909090909,0.3188405797101449
401808443,304.0,5,Unknown 2PT,Midrange,16,17,0.9411764705882353,0.2463768115942029
401808443,304.0,11,Top of Key 3s,3PT,5,12,0.4166666666666667,0.17391304347826086
401808444,147.0,1,At The Rim,Paint,12,23,0.5217391304347826,0.23711340206185566
401808444,147.0,5,Unknown 2PT,Midrange,34,36,0.9444444444444444,0.3711340206185567
401808444,147.0,11,Top of Key 3s,3PT,6,27,0.2222222222222222,0.27835051546391754
401808444,304.0,1,At The Rim,Paint,6,16,0.375,0.1951219512195122
401808444,304.0,5,Unknown 2PT,Midrange,30,32,0.9375,0.3902439024390244
401808444,304.0,11,Top of Key 3s,3PT,6,17,0.35294117647058826,0.2073170731707317
401808563,2458.0,1,At The Rim,Paint,18,30,0.6,0.36585365853658536
401808563,2458.0,5,Unknown 2PT,Midrange,16,19,0.8421052631578947,0.23170731707317074
401808563,2458.0,11,Top of Key 3s,3PT,6,20,0.3,0.24390243902439024
401808563,2464.0,1,At The Rim,Paint,10,19,0.5263157894736842,0.27941176470588236
401808563,2464.0,5,Unknown 2PT,Midrange,24,24,1.0,0.35294117647058826
401808563,2464.0,11,Top of Key 3s,3PT,2,6,0.3333333333333333,0.08823529411764706
401808746,324.0,1,At The Rim,Paint,8,22,0.36363636363636365,0.275
401808746,324.0,5,Unknown 2PT,Midrange,21,21,1.0,0.2625
401808746,324.0,11,Top of Key 3s,3PT,6,24,0.25,0.3
401808746,2026.0,1,At The Rim,Paint,9,18,0.5,0.23684210526315788
401808746,2026.0,5,Unknown 2PT,Midrange,20,20,1.0,0.2631578947368421
401808746,2026.0,11,Top of Key 3s,3PT,8,18,0.4444444444444444,0.23684210526315788
401808747,256.0,1,At The Rim,Paint,15,26,0.5769230769230769,0.35135135135135137
401808747,256.0,5,Unknown 2PT,Midrange,19,19,1.0,0.25675675675675674
401808747,256.0,11,Top of Key 3s,3PT,5,16,0.3125,0.21621621621621623
401808747,2026.0,1,At The Rim,Paint,7,11,0.6363636363636364,0.1896551724137931
401808747,2026.0,5,Unknown 2PT,Midrange,5,9,0.5555555555555556,0.15517241379310345
401808747,2026.0,11,Top of Key 3s,3PT,5,15,0.3333333333333333,0.25862068965517243
401808762,326.0,1,At The Rim,Paint,14,24,0.5833333333333334,0.34782608695652173
401808762,326.0,5,Unknown 2PT,Midrange,21,21,1.0,0.30434782608695654
401808762,326.0,11,Top of Key 3s,3PT,2,8,0.25,0.11594202898550725
401808762,2032.0,1,At The Rim,Paint,8,15,0.5333333333333333,0.19480519480519481
401808762,2032.0,5,Unknown 2PT,Midrange,10,11,0.9090909090909091,0.14285714285714285
401808762,2032.0,11,Top of Key 3s,3PT,14,39,0.358974358974359,0.5064935064935064
401808763,309.0,1,At The Rim,Paint,19,27,0.7037037037037037,0.313953488372093
401808763,309.0,5,Unknown 2PT,Midrange,25,26,0.9615384615384616,0.3023255813953488
401808763,309.0,11,Top of Key 3s,3PT,0,5,0.0,0.05813953488372093
401808763,2032.0,1,At The Rim,Paint,11,16,0.6875,0.1951219512195122
401808763,2032.0,5,Unknown 2PT,Midrange,13,13,1.0,0.15853658536585366
401808763,2032.0,11,Top of Key 3s,3PT,19,48,0.3958333333333333,0.5853658536585366
401808778,295.0,1,At The Rim,Paint,20,39,0.5128205128205128,0.40625
401808778,295.0,5,Unknown 2PT,Midrange,27,27,1.0,0.28125
401808778,295.0,11,Top of Key 3s,3PT,2,14,0.14285714285714285,0.14583333333333334
401808778,324.0,1,At The Rim,Paint,9,21,0.42857142857142855,0.22826086956521738
401808778,324.0,5,Unknown 2PT,Midrange,24,25,0.96,0.2717391304347826
401808778,324.0,11,Top of Key 3s,3PT,7,24,0.2916666666666667,0.2608695652173913
401808792,276.0,1,At The Rim,Paint,6,27,0.2222222222222222,0.4153846153846154
401808792,276.0,5,Unknown 2PT,Midrange,11,12,0.9166666666666666,0.18461538461538463
401808792,276.0,11,Top of Key 3s,3PT,6,16,0.375,0.24615384615384617
401808792,290.0,1,At The Rim,Paint,12,20,0.6,0.29411764705882354
401808792,290.0,5,Unknown 2PT,Midrange,13,13,1.0,0.19117647058823528
401808792,290.0,11,Top of Key 3s,3PT,8,21,0.38095238095238093,0.3088235294117647
401808793,290.0,1,At The Rim,Paint,12,20,0.6,0.273972602739726
401808793,290.0,5,Unknown 2PT,Midrange,17,17,1.0,0.2328767123287671
401808793,290.0,11,Top of Key 3s,3PT,7,19,0.3684210526315789,0.2602739726027397
401808793,2433.0,1,At The Rim,Paint,10,26,0.38461538461538464,0.33766233766233766
401808793,2433.0,5,Unknown 2PT,Midrange,18,19,0.9473684210526315,0.24675324675324675
401808793,2433.0,11,Top of Key 3s,3PT,1,11,0.09090909090909091,0.14285714285714285
401808804,295.0,1,At The Rim,Paint,20,33,0.6060606060606061,0.3626373626373626
401808804,295.0,5,Unknown 2PT,Midrange,28,30,0.9333333333333333,0.32967032967032966
401808804,295.0,11,Top of Key 3s,3PT,7,20,0.35,0.21978021978021978
401808804,2247.0,1,At The Rim,Paint,17,36,0.4722222222222222,0.3673469387755102
401808804,2247.0,5,Unknown 2PT,Midrange,32,35,0.9142857142857143,0.35714285714285715
401808804,2247.0,11,Top of Key 3s,3PT,6,20,0.3,0.20408163265306123
401808805,276.0,1,At The Rim,Paint,19,31,0.6129032258064516,0.34065934065934067
401808805,276.0,5,Unknown 2PT,Midrange,27,28,0.9642857142857143,0.3076923076923077
401808805,276.0,11,Top of Key 3s,3PT,8,29,0.27586206896551724,0.31868131868131866
401808805,2247.0,1,At The Rim,Paint,13,28,0.4642857142857143,0.3888888888888889
401808805,2247.0,5,Unknown 2PT,Midrange,13,16,0.8125,0.2222222222222222
401808805,2247.0,11,Top of Key 3s,3PT,8,15,0.5333333333333333,0.20833333333333334
401808826,309.0,1,At The Rim,Paint,16,25,0.64,0.30864197530864196
401808826,309.0,5,Unknown 2PT,Midrange,14,14,1.0,0.1728395061728395
401808826,309.0,11,Top of Key 3s,3PT,1,12,0.08333333333333333,0.14814814814814814
401808826,2572.0,1,At The Rim,Paint,7,14,0.5,0.18666666666666668
401808826,2572.0,5,Unknown 2PT,Midrange,12,12,1.0,0.16
401808826,2572.0,11,Top of Key 3s,3PT,13,26,0.5,0.3466666666666667
401808848,6.0,1,At The Rim,Paint,15,30,0.5,0.32967032967032966
401808848,6.0,5,Unknown 2PT,Midrange,17,17,1.0,0.18681318681318682
401808848,6.0,11,Top of Key 3s,3PT,5,27,0.18518518518518517,0.2967032967032967
401808848,2653.0,1,At The Rim,Paint,10,23,0.43478260869565216,0.26136363636363635
401808848,2653.0,5,Unknown 2PT,Midrange,22,23,0.9565217391304348,0.26136363636363635
401808848,2653.0,11,Top of Key 3s,3PT,11,27,0.4074074074074074,0.3068181818181818
401808849,6.0,1,At The Rim,Paint,13,21,0.6190476190476191,0.30434782608695654
401808849,6.0,5,Unknown 2PT,Midrange,13,14,0.9285714285714286,0.2028985507246377
401808849,6.0,11,Top of Key 3s,3PT,5,15,0.3333333333333333,0.21739130434782608
401808849,326.0,1,At The Rim,Paint,9,15,0.6,0.19480519480519481
401808849,326.0,5,Unknown 2PT,Midrange,24,24,1.0,0.3116883116883117
401808849,326.0,11,Top of Key 3s,3PT,5,20,0.25,0.2597402597402597
401808856,2572.0,1,At The Rim,Paint,13,28,0.4642857142857143,0.27184466019417475
401808856,2572.0,5,Unknown 2PT,Midrange,27,27,1.0,0.2621359223300971
401808856,2572.0,11,Top of Key 3s,3PT,7,31,0.22580645161290322,0.30097087378640774
401808856,2653.0,1,At The Rim,Paint,28,50,0.56,0.49019607843137253
401808856,2653.0,5,Unknown 2PT,Midrange,17,18,0.9444444444444444,0.17647058823529413
401808856,2653.0,11,Top of Key 3s,3PT,8,21,0.38095238095238093,0.20588235294117646
401809062,2466.0,1,At The Rim,Paint,8,23,0.34782608695652173,0.25274725274725274
401809062,2466.0,5,Unknown 2PT,Midrange,20,20,1.0,0.21978021978021978
401809062,2466.0,11,Top of Key 3s,3PT,9,29,0.3103448275862069,0.31868131868131866
401809062,2916.0,1,At The Rim,Paint,10,19,0.5263157894736842,0.2714285714285714
401809062,2916.0,5,Unknown 2PT,Midrange,19,20,0.95,0.2857142857142857
401809062,2916.0,11,Top of Key 3s,3PT,9,15,0.6,0.21428571428571427
401809071,2277.0,1,At The Rim,Paint,18,22,0.8181818181818182,0.29333333333333333
401809071,2277.0,5,Unknown 2PT,Midrange,22,22,1.0,0.29333333333333333
401809071,2277.0,11,Top of Key 3s,3PT,2,16,0.125,0.21333333333333335
401809071,2466.0,1,At The Rim,Paint,13,28,0.4642857142857143,0.3218390804597701
401809071,2466.0,5,Unknown 2PT,Midrange,26,27,0.9629629629629629,0.3103448275862069
401809071,2466.0,11,Top of Key 3s,3PT,6,20,0.3,0.22988505747126436
401812234,2066.0,1,At The Rim,Paint,16,27,0.5925925925925926,0.5294117647058824
401812234,2066.0,5,Unknown 2PT,Midrange,4,5,0.8,0.09803921568627451
401812234,2066.0,11,Top of Key 3s,3PT,8,15,0.5333333333333333,0.29411764705882354
401812234,2803.0,1,At The Rim,Paint,18,34,0.5294117647058824,0.5
401812234,2803.0,5,Unknown 2PT,Midrange,16,16,1.0,0.23529411764705882
401812234,2803.0,11,Top of Key 3s,3PT,4,12,0.3333333333333333,0.17647058823529413
401812235,261.0,1,At The Rim,Paint,7,17,0.4117647058823529,0.29310344827586204
401812235,261.0,5,Unknown 2PT,Midrange,12,13,0.9230769230769231,0.22413793103448276
401812235,261.0,11,Top of Key 3s,3PT,3,12,0.25,0.20689655172413793
401812235,2378.0,1,At The Rim,Paint,4,14,0.2857142857142857,0.23728813559322035
401812235,2378.0,5,Unknown 2PT,Midrange,6,7,0.8571428571428571,0.11864406779661017
401812235,2378.0,11,Top of Key 3s,3PT,5,19,0.2631578947368421,0.3220338983050847
401812236,160.0,1,At The Rim,Paint,17,32,0.53125,0.5
401812236,160.0,5,Unknown 2PT,Midrange,13,13,1.0,0.203125
401812236,160.0,11,Top of Key 3s,3PT,1,8,0.125,0.125
401812236,2349.0,1,At The Rim,Paint,5,13,0.38461538461538464,0.20967741935483872
401812236,2349.0,5,Unknown 2PT,Midrange,13,14,0.9285714285714286,0.22580645161290322
401812236,2349.0,11,Top of Key 3s,3PT,10,27,0.37037037037037035,0.43548387096774194
401812237,399.0,1,At The Rim,Paint,12,28,0.42857142857142855,0.4057971014492754
401812237,399.0,5,Unknown 2PT,Midrange,11,12,0.9166666666666666,0.17391304347826086
401812237,399.0,11,Top of Key 3s,3PT,9,18,0.5,0.2608695652173913
401812237,2885.0,1,At The Rim,Paint,13,19,0.6842105263157895,0.2878787878787879
401812237,2885.0,5,Unknown 2PT,Midrange,15,16,0.9375,0.24242424242424243
401812237,2885.0,11,Top of Key 3s,3PT,9,23,0.391304347826087,0.3484848484848485
401812238,399.0,1,At The Rim,Paint,14,25,0.56,0.30864197530864196
401812238,399.0,5,Unknown 2PT,Midrange,27,30,0.9,0.37037037037037035
401812238,399.0,11,Top of Key 3s,3PT,4,16,0.25,0.19753086419753085
401812238,2378.0,1,At The Rim,Paint,12,24,0.5,0.32432432432432434
401812238,2378.0,5,Unknown 2PT,Midrange,11,13,0.8461538461538461,0.17567567567567569
401812238,2378.0,11,Top of Key 3s,3PT,5,22,0.22727272727272727,0.2972972972972973
401812239,2066.0,1,At The Rim,Paint,15,28,0.5357142857142857,0.3783783783783784
401812239,2066.0,5,Unknown 2PT,Midrange,21,21,1.0,0.28378378378378377
401812239,2066.0,11,Top of Key 3s,3PT,6,13,0.46153846153846156,0.17567567567567569
401812239,2349.0,1,At The Rim,Paint,6,16,0.375,0.25396825396825395
401812239,2349.0,5,Unknown 2PT,Midrange,11,12,0.9166666666666666,0.19047619047619047
401812239,2349.0,11,Top of Key 3s,3PT,4,22,0.18181818181818182,0.3492063492063492
401812240,160.0,1,At The Rim,Paint,11,26,0.4230769230769231,0.4
401812240,160.0,5,Unknown 2PT,Midrange,14,17,0.8235294117647058,0.26153846153846155
401812240,160.0,11,Top of Key 3s,3PT,5,9,0.5555555555555556,0.13846153846153847
401812240,311.0,1,At The Rim,Paint,9,23,0.391304347826087,0.2948717948717949
401812240,311.0,5,Unknown 2PT,Midrange,19,19,1.0,0.24358974358974358
401812240,311.0,11,Top of Key 3s,3PT,8,23,0.34782608695652173,0.2948717948717949
401812241,261.0,1,At The Rim,Paint,10,23,0.43478260869565216,0.32857142857142857
401812241,261.0,5,Unknown 2PT,Midrange,8,10,0.8,0.14285714285714285
401812241,261.0,11,Top of Key 3s,3PT,5,14,0.35714285714285715,0.2
401812241,2885.0,1,At The Rim,Paint,12,28,0.42857142857142855,0.4745762711864407
401812241,2885.0,5,Unknown 2PT,Midrange,9,14,0.6428571428571429,0.23728813559322035
401812241,2885.0,11,Top of Key 3s,3PT,2,9,0.2222222222222222,0.15254237288135594
401812444,161.0,1,At The Rim,Paint,17,29,0.5862068965517241,0.3918918918918919
401812444,161.0,5,Unknown 2PT,Midrange,9,9,1.0,0.12162162162162163
401812444,161.0,11,Top of Key 3s,3PT,6,24,0.25,0.32432432432432434
401812444,2130.0,1,At The Rim,Paint,14,36,0.3888888888888889,0.5
401812444,2130.0,5,Unknown 2PT,Midrange,14,15,0.9333333333333333,0.20833333333333334
401812444,2130.0,11,Top of Key 3s,3PT,3,8,0.375,0.1111111111111111
401812445,161.0,1,At The Rim,Paint,9,16,0.5625,0.22857142857142856
401812445,161.0,5,Unknown 2PT,Midrange,10,10,1.0,0.14285714285714285
401812445,161.0,11,Top of Key 3s,3PT,13,31,0.41935483870967744,0.44285714285714284
401812445,2441.0,1,At The Rim,Paint,9,18,0.5,0.28125
401812445,2441.0,5,Unknown 2PT,Midrange,19,19,1.0,0.296875
401812445,2441.0,11,Top of Key 3s,3PT,4,13,0.3076923076923077,0.203125
401812461,2598.0,1,At The Rim,Paint,14,29,0.4827586206896552,0.3625
401812461,2598.0,5,Unknown 2PT,Midrange,16,18,0.8888888888888888,0.225
401812461,2598.0,11,Top of Key 3s,3PT,3,16,0.1875,0.2
401812461,112358.0,1,At The Rim,Paint,8,15,0.5333333333333333,0.19230769230769232
401812461,112358.0,5,Unknown 2PT,Midrange,29,33,0.8787878787878788,0.4230769230769231
401812461,112358.0,11,Top of Key 3s,3PT,6,19,0.3157894736842105,0.24358974358974358
401812462,2385.0,1,At The Rim,Paint,9,19,0.47368421052631576,0.2638888888888889
401812462,2385.0,5,Unknown 2PT,Midrange,18,19,0.9473684210526315,0.2638888888888889
401812462,2385.0,11,Top of Key 3s,3PT,9,31,0.2903225806451613,0.4305555555555556
401812462,112358.0,1,At The Rim,Paint,16,29,0.5517241379310345,0.38666666666666666
401812462,112358.0,5,Unknown 2PT,Midrange,15,16,0.9375,0.21333333333333335
401812462,112358.0,11,Top of Key 3s,3PT,2,17,0.11764705882352941,0.22666666666666666
401812507,2598.0,1,At The Rim,Paint,8,21,0.38095238095238093,0.25925925925925924
401812507,2598.0,5,Unknown 2PT,Midrange,21,22,0.9545454545454546,0.2716049382716049
401812507,2598.0,11,Top of Key 3s,3PT,4,26,0.15384615384615385,0.32098765432098764
401812507,2681.0,1,At The Rim,Paint,11,28,0.39285714285714285,0.345679012345679
401812507,2681.0,5,Unknown 2PT,Midrange,19,21,0.9047619047619048,0.25925925925925924
401812507,2681.0,11,Top of Key 3s,3PT,5,14,0.35714285714285715,0.1728395061728395
401812528,284.0,1,At The Rim,Paint,9,17,0.5294117647058824,0.27419354838709675
401812528,284.0,5,Unknown 2PT,Midrange,9,10,0.9,0.16129032258064516
401812528,284.0,11,Top of Key 3s,3PT,6,17,0.35294117647058826,0.27419354838709675
401812528,2441.0,1,At The Rim,Paint,9,13,0.6923076923076923,0.19117647058823528
401812528,2441.0,5,Unknown 2PT,Midrange,13,13,1.0,0.19117647058823528
401812528,2441.0,11,Top of Key 3s,3PT,5,15,0.3333333333333333,0.22058823529411764
401812529,284.0,1,At The Rim,Paint,11,14,0.7857142857142857,0.2028985507246377
401812529,284.0,5,Unknown 2PT,Midrange,10,11,0.9090909090909091,0.15942028985507245
401812529,284.0,11,Top of Key 3s,3PT,4,24,0.16666666666666666,0.34782608695652173
401812529,2330.0,1,At The Rim,Paint,10,17,0.5882352941176471,0.3148148148148148
401812529,2330.0,5,Unknown 2PT,Midrange,11,12,0.9166666666666666,0.2222222222222222
401812529,2330.0,11,Top of Key 3s,3PT,7,15,0.4666666666666667,0.2777777777777778
401812539,2385.0,1,At The Rim,Paint,12,27,0.4444444444444444,0.313953488372093
401812539,2385.0,5,Unknown 2PT,Midrange,32,34,0.9411764705882353,0.3953488372093023
401812539,2385.0,11,Top of Key 3s,3PT,8,23,0.34782608695652173,0.26744186046511625
401812539,2681.0,1,At The Rim,Paint,15,31,0.4838709677419355,0.4492753623188406
401812539,2681.0,5,Unknown 2PT,Midrange,12,12,1.0,0.17391304347826086
401812539,2681.0,11,Top of Key 3s,3PT,7,13,0.5384615384615384,0.18840579710144928
401812881,13.0,1,At The Rim,Paint,12,22,0.5454545454545454,0.34375
401812881,13.0,5,Unknown 2PT,Midrange,16,17,0.9411764705882353,0.265625
401812881,13.0,11,Top of Key 3s,3PT,3,10,0.3,0.15625
401812881,62.0,1,At The Rim,Paint,17,23,0.7391304347826086,0.323943661971831
401812881,62.0,5,Unknown 2PT,Midrange,15,18,0.8333333333333334,0.2535211267605634
401812881,62.0,11,Top of Key 3s,3PT,8,21,0.38095238095238093,0.29577464788732394
401812882,2463.0,1,At The Rim,Paint,10,17,0.5882352941176471,0.265625
401812882,2463.0,5,Unknown 2PT,Midrange,15,15,1.0,0.234375
401812882,2463.0,11,Top of Key 3s,3PT,4,16,0.25,0.25
401812882,2540.0,1,At The Rim,Paint,11,21,0.5238095238095238,0.28
401812882,2540.0,5,Unknown 2PT,Midrange,14,15,0.9333333333333333,0.2
401812882,2540.0,11,Top of Key 3s,3PT,12,32,0.375,0.4266666666666667
401812883,27.0,1,At The Rim,Paint,11,18,0.6111111111111112,0.24324324324324326
401812883,27.0,5,Unknown 2PT,Midrange,15,15,1.0,0.20270270270270271
401812883,27.0,11,Top of Key 3s,3PT,5,20,0.25,0.2702702702702703
401812883,2934.0,1,At The Rim,Paint,12,27,0.4444444444444444,0.34177215189873417
401812883,2934.0,5,Unknown 2PT,Midrange,19,20,0.95,0.25316455696202533
401812883,2934.0,11,Top of Key 3s,3PT,5,19,0.2631578947368421,0.24050632911392406
401812884,302.0,1,At The Rim,Paint,15,19,0.7894736842105263,0.30158730158730157
401812884,302.0,5,Unknown 2PT,Midrange,15,15,1.0,0.23809523809523808
401812884,302.0,11,Top of Key 3s,3PT,8,25,0.32,0.3968253968253968
401812884,2239.0,1,At The Rim,Paint,17,36,0.4722222222222222,0.45569620253164556
401812884,2239.0,5,Unknown 2PT,Midrange,15,15,1.0,0.189873417721519
401812884,2239.0,11,Top of Key 3s,3PT,4,11,0.36363636363636365,0.13924050632911392
401812885,299.0,1,At The Rim,Paint,7,10,0.7,0.14705882352941177
401812885,299.0,5,Unknown 2PT,Midrange,17,18,0.9444444444444444,0.2647058823529412
401812885,299.0,11,Top of Key 3s,3PT,5,22,0.22727272727272727,0.3235294117647059
401812885,300.0,1,At The Rim,Paint,11,17,0.6470588235294118,0.22077922077922077
401812885,300.0,5,Unknown 2PT,Midrange,18,18,1.0,0.23376623376623376
401812885,300.0,11,Top of Key 3s,3PT,9,24,0.375,0.3116883116883117
401812886,28.0,1,At The Rim,Paint,13,24,0.5416666666666666,0.3116883116883117
401812886,28.0,5,Unknown 2PT,Midrange,14,16,0.875,0.2077922077922078
401812886,28.0,11,Top of Key 3s,3PT,6,25,0.24,0.3246753246753247
401812886,300.0,1,At The Rim,Paint,10,22,0.45454545454545453,0.25287356321839083
401812886,300.0,5,Unknown 2PT,Midrange,35,36,0.9722222222222222,0.41379310344827586
401812886,300.0,11,Top of Key 3s,3PT,3,14,0.21428571428571427,0.16091954022988506
401812887,27.0,1,At The Rim,Paint,10,20,0.5,0.29850746268656714
401812887,27.0,5,Unknown 2PT,Midrange,7,7,1.0,0.1044776119402985
401812887,27.0,11,Top of Key 3s,3PT,5,25,0.2,0.373134328358209
401812887,302.0,1,At The Rim,Paint,12,29,0.41379310344827586,0.35802469135802467
401812887,302.0,5,Unknown 2PT,Midrange,20,21,0.9523809523809523,0.25925925925925924
401812887,302.0,11,Top of Key 3s,3PT,9,28,0.32142857142857145,0.345679012345679
401812888,62.0,1,At The Rim,Paint,9,17,0.5294117647058824,0.25
401812888,62.0,5,Unknown 2PT,Midrange,12,14,0.8571428571428571,0.20588235294117646
401812888,62.0,11,Top of Key 3s,3PT,7,19,0.3684210526315789,0.27941176470588236
401812888,2540.0,1,At The Rim,Paint,6,12,0.5,0.15584415584415584
401812888,2540.0,5,Unknown 2PT,Midrange,12,14,0.8571428571428571,0.18181818181818182
401812888,2540.0,11,Top of Key 3s,3PT,10,41,0.24390243902439024,0.5324675324675324
401812889,2239.0,1,At The Rim,Paint,15,31,0.4838709677419355,0.36046511627906974
401812889,2239.0,5,Unknown 2PT,Midrange,24,25,0.96,0.29069767441860467
401812889,2239.0,11,Top of Key 3s,3PT,3,9,0.3333333333333333,0.10465116279069768
401812889,2934.0,1,At The Rim,Paint,12,24,0.5,0.2962962962962963
401812889,2934.0,5,Unknown 2PT,Midrange,21,22,0.9545454545454546,0.2716049382716049
401812889,2934.0,11,Top of Key 3s,3PT,4,16,0.25,0.19753086419753085
401812890,299.0,1,At The Rim,Paint,16,24,0.6666666666666666,0.2926829268292683
401812890,299.0,5,Unknown 2PT,Midrange,38,38,1.0,0.4634146341463415
401812890,299.0,11,Top of Key 3s,3PT,2,14,0.14285714285714285,0.17073170731707318
401812890,2463.0,1,At The Rim,Paint,20,32,0.625,0.3950617283950617
401812890,2463.0,5,Unknown 2PT,Midrange,23,23,1.0,0.2839506172839506
401812890,2463.0,11,Top of Key 3s,3PT,7,16,0.4375,0.19753086419753085
401813216,189.0,1,At The Rim,Paint,14,29,0.4827586206896552,0.35802469135802467
401813216,189.0,5,Unknown 2PT,Midrange,21,23,0.9130434782608695,0.2839506172839506
401813216,189.0,11,Top of Key 3s,3PT,6,19,0.3157894736842105,0.2345679012345679
401813216,2711.0,1,At The Rim,Paint,9,16,0.5625,0.24242424242424243
401813216,2711.0,5,Unknown 2PT,Midrange,16,18,0.8888888888888888,0.2727272727272727
401813216,2711.0,11,Top of Key 3s,3PT,10,27,0.37037037037037035,0.4090909090909091
401813217,189.0,1,At The Rim,Paint,11,20,0.55,0.2857142857142857
401813217,189.0,5,Unknown 2PT,Midrange,11,14,0.7857142857142857,0.2
401813217,189.0,11,Top of Key 3s,3PT,8,21,0.38095238095238093,0.3
401813217,2649.0,1,At The Rim,Paint,5,17,0.29411764705882354,0.2698412698412698
401813217,2649.0,5,Unknown 2PT,Midrange,6,8,0.75,0.12698412698412698
401813217,2649.0,11,Top of Key 3s,3PT,6,21,0.2857142857142857,0.3333333333333333
401813242,113.0,1,At The Rim,Paint,11,25,0.44,0.3125
401813242,113.0,5,Unknown 2PT,Midrange,17,19,0.8947368421052632,0.2375
401813242,113.0,11,Top of Key 3s,3PT,4,20,0.2,0.25
401813242,2649.0,1,At The Rim,Paint,11,17,0.6470588235294118,0.25757575757575757
401813242,2649.0,5,Unknown 2PT,Midrange,21,21,1.0,0.3181818181818182
401813242,2649.0,11,Top of Key 3s,3PT,7,20,0.35,0.30303030303030304
401813783,2217.0,1,At The Rim,Paint,8,16,0.5,0.24242424242424243
401813783,2217.0,5,Unknown 2PT,Midrange,13,16,0.8125,0.24242424242424243
401813783,2217.0,11,Top of Key 3s,3PT,11,31,0.3548387096774194,0.4696969696969697
401813783,2612.0,1,At The Rim,Paint,8,18,0.4444444444444444,0.33962264150943394
401813783,2612.0,5,Unknown 2PT,Midrange,8,13,0.6153846153846154,0.24528301886792453
401813783,2612.0,11,Top of Key 3s,3PT,2,14,0.14285714285714285,0.2641509433962264
401813784,314.0,1,At The Rim,Paint,12,24,0.5,0.3582089552238806
401813784,314.0,5,Unknown 2PT,Midrange,11,12,0.9166666666666666,0.1791044776119403
401813784,314.0,11,Top of Key 3s,3PT,8,19,0.42105263157894735,0.2835820895522388
401813784,2612.0,1,At The Rim,Paint,9,15,0.6,0.23076923076923078
401813784,2612.0,5,Unknown 2PT,Midrange,17,18,0.9444444444444444,0.27692307692307694
401813784,2612.0,11,Top of Key 3s,3PT,6,18,0.3333333333333333,0.27692307692307694
401813821,2529.0,1,At The Rim,Paint,12,20,0.6,0.30303030303030304
401813821,2529.0,5,Unknown 2PT,Midrange,13,17,0.7647058823529411,0.25757575757575757
401813821,2529.0,11,Top of Key 3s,3PT,4,16,0.25,0.24242424242424243
401813821,2771.0,1,At The Rim,Paint,9,20,0.45,0.2631578947368421
401813821,2771.0,5,Unknown 2PT,Midrange,23,24,0.9583333333333334,0.3157894736842105
401813821,2771.0,11,Top of Key 3s,3PT,5,21,0.23809523809523808,0.27631578947368424
401813822,2514.0,1,At The Rim,Paint,10,21,0.47619047619047616,0.30434782608695654
401813822,2514.0,5,Unknown 2PT,Midrange,9,9,1.0,0.13043478260869565
401813822,2514.0,11,Top of Key 3s,3PT,6,23,0.2608695652173913,0.3333333333333333
401813822,2529.0,1,At The Rim,Paint,7,17,0.4117647058823529,0.2833333333333333
401813822,2529.0,5,Unknown 2PT,Midrange,16,17,0.9411764705882353,0.2833333333333333
401813822,2529.0,11,Top of Key 3s,3PT,2,8,0.25,0.13333333333333333
401813845,2363.0,1,At The Rim,Paint,12,30,0.4,0.3488372093023256
401813845,2363.0,5,Unknown 2PT,Midrange,15,17,0.8823529411764706,0.19767441860465115
401813845,2363.0,11,Top of Key 3s,3PT,5,20,0.25,0.23255813953488372
401813845,2368.0,1,At The Rim,Paint,9,15,0.6,0.22058823529411764
401813845,2368.0,5,Unknown 2PT,Midrange,10,14,0.7142857142857143,0.20588235294117646
401813845,2368.0,11,Top of Key 3s,3PT,7,26,0.2692307692307692,0.38235294117647056
401813846,2363.0,1,At The Rim,Paint,13,19,0.6842105263157895,0.21839080459770116
401813846,2363.0,5,Unknown 2PT,Midrange,28,28,1.0,0.3218390804597701
401813846,2363.0,11,Top of Key 3s,3PT,6,22,0.2727272727272727,0.25287356321839083
401813846,2771.0,1,At The Rim,Paint,19,32,0.59375,0.4
401813846,2771.0,5,Unknown 2PT,Midrange,19,19,1.0,0.2375
401813846,2771.0,11,Top of Key 3s,3PT,3,22,0.13636363636363635,0.275
401813867,116.0,1,At The Rim,Paint,16,24,0.6666666666666666,0.2891566265060241
401813867,116.0,5,Unknown 2PT,Midrange,27,28,0.9642857142857143,0.3373493975903614
401813867,116.0,11,Top of Key 3s,3PT,7,20,0.35,0.24096385542168675
401813867,315.0,1,At The Rim,Paint,13,31,0.41935483870967744,0.3875
401813867,315.0,5,Unknown 2PT,Midrange,26,26,1.0,0.325
401813867,315.0,11,Top of Key 3s,3PT,5,13,0.38461538461538464,0.1625
401813868,315.0,1,At The Rim,Paint,11,28,0.39285714285714285,0.36363636363636365
401813868,315.0,5,Unknown 2PT,Midrange,24,24,1.0,0.3116883116883117
401813868,315.0,11,Top of Key 3s,3PT,3,14,0.21428571428571427,0.18181818181818182
401813868,2520.0,1,At The Rim,Paint,14,26,0.5384615384615384,0.40625
401813868,2520.0,5,Unknown 2PT,Midrange,11,12,0.9166666666666666,0.1875
401813868,2520.0,11,Top of Key 3s,3PT,5,18,0.2777777777777778,0.28125
401813889,2099.0,1,At The Rim,Paint,12,24,0.5,0.3380281690140845
401813889,2099.0,5,Unknown 2PT,Midrange,20,20,1.0,0.28169014084507044
401813889,2099.0,11,Top of Key 3s,3PT,2,11,0.18181818181818182,0.15492957746478872
401813889,2520.0,1,At The Rim,Paint,11,22,0.5,0.24175824175824176
401813889,2520.0,5,Unknown 2PT,Midrange,18,21,0.8571428571428571,0.23076923076923078
401813889,2520.0,11,Top of Key 3s,3PT,6,28,0.21428571428571427,0.3076923076923077
401813890,116.0,1,At The Rim,Paint,15,26,0.5769230769230769,0.3611111111111111
401813890,116.0,5,Unknown 2PT,Midrange,11,11,1.0,0.1527777777777778
401813890,116.0,11,Top of Key 3s,3PT,4,19,0.21052631578947367,0.2638888888888889
401813890,2099.0,1,At The Rim,Paint,19,30,0.6333333333333333,0.40540540540540543
401813890,2099.0,5,Unknown 2PT,Midrange,16,16,1.0,0.21621621621621623
401813890,2099.0,11,Top of Key 3s,3PT,5,16,0.3125,0.21621621621621623
401814661,195.0,1,At The Rim,Paint,23,33,0.696969696969697,0.29464285714285715
401814661,195.0,5,Unknown 2PT,Midrange,30,30,1.0,0.26785714285714285
401814661,195.0,11,Top of Key 3s,3PT,11,42,0.2619047619047619,0.375
401814661,2006.0,1,At The Rim,Paint,11,16,0.6875,0.1568627450980392
401814661,2006.0,5,Unknown 2PT,Midrange,30,33,0.9090909090909091,0.3235294117647059
401814661,2006.0,11,Top of Key 3s,3PT,20,40,0.5,0.39215686274509803
401814662,2050.0,1,At The Rim,Paint,22,34,0.6470588235294118,0.3695652173913043
401814662,2050.0,5,Unknown 2PT,Midrange,19,20,0.95,0.21739130434782608
401814662,2050.0,11,Top of Key 3s,3PT,9,24,0.375,0.2608695652173913
401814662,2084.0,1,At The Rim,Paint,8,18,0.4444444444444444,0.23076923076923078
401814662,2084.0,5,Unknown 2PT,Midrange,21,21,1.0,0.2692307692307692
401814662,2084.0,11,Top of Key 3s,3PT,3,19,0.15789473684210525,0.24358974358974358
401814663,2309.0,1,At The Rim,Paint,14,22,0.6363636363636364,0.2716049382716049
401814663,2309.0,5,Unknown 2PT,Midrange,27,28,0.9642857142857143,0.345679012345679
401814663,2309.0,11,Top of Key 3s,3PT,4,14,0.2857142857142857,0.1728395061728395
401814663,2459.0,1,At The Rim,Paint,11,14,0.7857142857142857,0.2028985507246377
401814663,2459.0,5,Unknown 2PT,Midrange,21,22,0.9545454545454546,0.3188405797101449
401814663,2459.0,9,Wing 3s,3PT,2,3,0.6666666666666666,0.043478260869565216
401814663,2459.0,11,Top of Key 3s,3PT,5,14,0.35714285714285715,0.2028985507246377
401814664,193.0,1,At The Rim,Paint,13,26,0.5,0.3291139240506329
401814664,193.0,5,Unknown 2PT,Midrange,19,20,0.95,0.25316455696202533
401814664,193.0,11,Top of Key 3s,3PT,7,26,0.2692307692307692,0.3291139240506329
401814664,2117.0,1,At The Rim,Paint,14,28,0.5,0.358974358974359
401814664,2117.0,5,Unknown 2PT,Midrange,26,26,1.0,0.3333333333333333
401814664,2117.0,11,Top of Key 3s,3PT,0,6,0.0,0.07692307692307693
401814665,2006.0,1,At The Rim,Paint,8,21,0.38095238095238093,0.2916666666666667
401814665,2006.0,5,Unknown 2PT,Midrange,24,24,1.0,0.3333333333333333
401814665,2006.0,11,Top of Key 3s,3PT,9,23,0.391304347826087,0.3194444444444444
401814665,2309.0,1,At The Rim,Paint,17,39,0.4358974358974359,0.43820224719101125
401814665,2309.0,5,Unknown 2PT,Midrange,31,32,0.96875,0.3595505617977528
401814665,2309.0,11,Top of Key 3s,3PT,5,11,0.45454545454545453,0.12359550561797752
401814666,193.0,1,At The Rim,Paint,11,28,0.39285714285714285,0.4
401814666,193.0,5,Unknown 2PT,Midrange,8,8,1.0,0.11428571428571428
401814666,193.0,11,Top of Key 3s,3PT,12,28,0.42857142857142855,0.4
401814666,2050.0,1,At The Rim,Paint,17,32,0.53125,0.42105263157894735
401814666,2050.0,5,Unknown 2PT,Midrange,12,12,1.0,0.15789473684210525
401814666,2050.0,11,Top of Key 3s,3PT,4,18,0.2222222222222222,0.23684210526315788
401814667,2084.0,1,At The Rim,Paint,9,12,0.75,0.16666666666666666
401814667,2084.0,5,Unknown 2PT,Midrange,18,21,0.8571428571428571,0.2916666666666667
401814667,2084.0,11,Top of Key 3s,3PT,3,13,0.23076923076923078,0.18055555555555555
401814667,2199.0,1,At The Rim,Paint,17,25,0.68,0.32894736842105265
401814667,2199.0,5,Unknown 2PT,Midrange,19,19,1.0,0.25
401814667,2199.0,11,Top of Key 3s,3PT,4,14,0.2857142857142857,0.18421052631578946
401814668,113.0,1,At The Rim,Paint,12,24,0.5,0.3037974683544304
401814668,113.0,5,Unknown 2PT,Midrange,9,11,0.8181818181818182,0.13924050632911392
401814668,113.0,11,Top of Key 3s,3PT,11,20,0.55,0.25316455696202533
401814668,2117.0,1,At The Rim,Paint,12,25,0.48,0.3787878787878788
401814668,2117.0,5,Unknown 2PT,Midrange,15,18,0.8333333333333334,0.2727272727272727
401814668,2117.0,11,Top of Key 3s,3PT,3,10,0.3,0.15151515151515152
401814669,2459.0,1,At The Rim,Paint,15,33,0.45454545454545453,0.5238095238095238
401814669,2459.0,5,Unknown 2PT,Midrange,12,12,1.0,0.19047619047619047
401814669,2459.0,9,Wing 3s,3PT,2,4,0.5,0.06349206349206349
401814669,2459.0,11,Top of Key 3s,3PT,4,9,0.4444444444444444,0.14285714285714285
401814669,2711.0,1,At The Rim,Paint,15,24,0.625,0.3380281690140845
401814669,2711.0,5,Unknown 2PT,Midrange,13,14,0.9285714285714286,0.19718309859154928
401814669,2711.0,11,Top of Key 3s,3PT,9,32,0.28125,0.4507042253521127
401817296,236.0,1,At The Rim,Paint,7,15,0.4666666666666667,0.22388059701492538
401817296,236.0,5,Unknown 2PT,Midrange,6,6,1.0,0.08955223880597014
401817296,236.0,11,Top of Key 3s,3PT,8,35,0.22857142857142856,0.5223880597014925
401817296,2717.0,1,At The Rim,Paint,12,21,0.5714285714285714,0.40384615384615385
401817296,2717.0,5,Unknown 2PT,Midrange,13,14,0.9285714285714286,0.2692307692307692
401817296,2717.0,11,Top of Key 3s,3PT,0,14,0.0,0.2692307692307692
401817297,236.0,1,At The Rim,Paint,10,17,0.5882352941176471,0.22972972972972974
401817297,236.0,5,Unknown 2PT,Midrange,21,21,1.0,0.28378378378378377
401817297,236.0,11,Top of Key 3s,3PT,3,15,0.2,0.20270270270270271
401817297,2430.0,1,At The Rim,Paint,6,17,0.35294117647058826,0.25757575757575757
401817297,2430.0,5,Unknown 2PT,Midrange,12,15,0.8,0.22727272727272727
401817297,2430.0,11,Top of Key 3s,3PT,8,23,0.34782608695652173,0.3484848484848485
401817323,2193.0,1,At The Rim,Paint,10,20,0.5,0.29850746268656714
401817323,2193.0,5,Unknown 2PT,Midrange,17,19,0.8947368421052632,0.2835820895522388
401817323,2193.0,11,Top of Key 3s,3PT,3,7,0.42857142857142855,0.1044776119402985
401817323,2430.0,1,At The Rim,Paint,7,18,0.3888888888888889,0.2857142857142857
401817323,2430.0,5,Unknown 2PT,Midrange,12,13,0.9230769230769231,0.20634920634920634
401817323,2430.0,11,Top of Key 3s,3PT,4,15,0.26666666666666666,0.23809523809523808
401817324,2193.0,1,At The Rim,Paint,12,15,0.8,0.22058823529411764
401817324,2193.0,5,Unknown 2PT,Midrange,20,21,0.9523809523809523,0.3088235294117647
401817324,2193.0,11,Top of Key 3s,3PT,7,20,0.35,0.29411764705882354
401817324,2717.0,1,At The Rim,Paint,6,13,0.46153846153846156,0.2
401817324,2717.0,5,Unknown 2PT,Midrange,18,26,0.6923076923076923,0.4
401817324,2717.0,11,Top of Key 3s,3PT,7,18,0.3888888888888889,0.27692307692307694
401817348,2382.0,1,At The Rim,Paint,6,20,0.3,0.2702702702702703
401817348,2382.0,5,Unknown 2PT,Midrange,20,22,0.9090909090909091,0.2972972972972973
401817348,2382.0,11,Top of Key 3s,3PT,7,19,0.3684210526315789,0.25675675675675674
401817348,2747.0,1,At The Rim,Paint,16,22,0.7272727272727273,0.2619047619047619
401817348,2747.0,5,Unknown 2PT,Midrange,23,24,0.9583333333333334,0.2857142857142857
401817348,2747.0,11,Top of Key 3s,3PT,4,22,0.18181818181818182,0.2619047619047619
401817349,231.0,1,At The Rim,Paint,9,16,0.5625,0.1927710843373494
401817349,231.0,5,Unknown 2PT,Midrange,35,36,0.9722222222222222,0.43373493975903615
401817349,231.0,11,Top of Key 3s,3PT,5,16,0.3125,0.1927710843373494
401817349,2382.0,1,At The Rim,Paint,14,32,0.4375,0.3404255319148936
401817349,2382.0,5,Unknown 2PT,Midrange,28,29,0.9655172413793104,0.30851063829787234
401817349,2382.0,11,Top of Key 3s,3PT,4,14,0.2857142857142857,0.14893617021276595
401817366,231.0,1,At The Rim,Paint,9,15,0.6,0.21739130434782608
401817366,231.0,5,Unknown 2PT,Midrange,17,18,0.9444444444444444,0.2608695652173913
401817366,231.0,11,Top of Key 3s,3PT,5,15,0.3333333333333333,0.21739130434782608
401817366,2535.0,1,At The Rim,Paint,11,18,0.6111111111111112,0.24
401817366,2535.0,5,Unknown 2PT,Midrange,24,25,0.96,0.3333333333333333
401817366,2535.0,11,Top of Key 3s,3PT,6,19,0.3157894736842105,0.25333333333333335
401817367,2535.0,1,At The Rim,Paint,6,14,0.42857142857142855,0.2545454545454545
401817367,2535.0,5,Unknown 2PT,Midrange,2,3,0.6666666666666666,0.05454545454545454
401817367,2535.0,11,Top of Key 3s,3PT,9,26,0.34615384615384615,0.4727272727272727
401817367,2747.0,1,At The Rim,Paint,5,19,0.2631578947368421,0.296875
401817367,2747.0,5,Unknown 2PT,Midrange,9,9,1.0,0.140625
401817367,2747.0,11,Top of Key 3s,3PT,7,20,0.35,0.3125
401817781,270.0,1,At The Rim,Paint,11,17,0.6470588235294118,0.24285714285714285
401817781,270.0,5,Unknown 2PT,Midrange,24,25,0.96,0.35714285714285715
401817781,270.0,11,Top of Key 3s,3PT,5,17,0.29411764705882354,0.24285714285714285
401817781,2750.0,1,At The Rim,Paint,9,13,0.6923076923076923,0.203125
401817781,2750.0,5,Unknown 2PT,Midrange,9,9,1.0,0.140625
401817781,2750.0,11,Top of Key 3s,3PT,14,27,0.5185185185185185,0.421875
401817782,2473.0,1,At The Rim,Paint,12,21,0.5714285714285714,0.2727272727272727
401817782,2473.0,5,Unknown 2PT,Midrange,17,19,0.8947368421052632,0.24675324675324675
401817782,2473.0,11,Top of Key 3s,3PT,8,26,0.3076923076923077,0.33766233766233766
401817782,2870.0,1,At The Rim,Paint,15,31,0.4838709677419355,0.4025974025974026
401817782,2870.0,5,Unknown 2PT,Midrange,9,9,1.0,0.11688311688311688
401817782,2870.0,11,Top of Key 3s,3PT,3,22,0.13636363636363635,0.2857142857142857
401817783,85.0,1,At The Rim,Paint,6,12,0.5,0.18461538461538463
401817783,85.0,5,Unknown 2PT,Midrange,11,11,1.0,0.16923076923076924
401817783,85.0,11,Top of Key 3s,3PT,5,18,0.2777777777777778,0.27692307692307694
401817783,325.0,1,At The Rim,Paint,20,41,0.4878048780487805,0.5061728395061729
401817783,325.0,5,Unknown 2PT,Midrange,13,13,1.0,0.16049382716049382
401817783,325.0,11,Top of Key 3s,3PT,5,14,0.35714285714285715,0.1728395061728395
401817784,94.0,1,At The Rim,Paint,12,27,0.4444444444444444,0.375
401817784,94.0,5,Unknown 2PT,Midrange,17,18,0.9444444444444444,0.25
401817784,94.0,11,Top of Key 3s,3PT,3,15,0.2,0.20833333333333334
401817784,2754.0,1,At The Rim,Paint,18,29,0.6206896551724138,0.38666666666666666
401817784,2754.0,5,Unknown 2PT,Midrange,15,17,0.8823529411764706,0.22666666666666666
401817784,2754.0,11,Top of Key 3s,3PT,9,23,0.391304347826087,0.30666666666666664
401817785,2174.0,1,At The Rim,Paint,15,38,0.39473684210526316,0.4691358024691358
401817785,2174.0,5,Unknown 2PT,Midrange,17,17,1.0,0.20987654320987653
401817785,2174.0,11,Top of Key 3s,3PT,3,15,0.2,0.18518518518518517
401817785,2523.0,1,At The Rim,Paint,14,27,0.5185185185185185,0.34177215189873417
401817785,2523.0,5,Unknown 2PT,Midrange,23,23,1.0,0.2911392405063291
401817785,2523.0,11,Top of Key 3s,3PT,4,16,0.25,0.20253164556962025
401817786,270.0,1,At The Rim,Paint,11,24,0.4583333333333333,0.34782608695652173
401817786,270.0,5,Unknown 2PT,Midrange,7,8,0.875,0.11594202898550725
401817786,270.0,11,Top of Key 3s,3PT,7,16,0.4375,0.2318840579710145
401817786,2739.0,1,At The Rim,Paint,21,34,0.6176470588235294,0.43037974683544306
401817786,2739.0,5,Unknown 2PT,Midrange,17,17,1.0,0.21518987341772153
401817786,2739.0,11,Top of Key 3s,3PT,6,14,0.42857142857142855,0.17721518987341772
401817787,94.0,1,At The Rim,Paint,16,23,0.6956521739130435,0.3108108108108108
401817787,94.0,5,Unknown 2PT,Midrange,12,12,1.0,0.16216216216216217
401817787,94.0,11,Top of Key 3s,3PT,6,26,0.23076923076923078,0.35135135135135137
401817787,2750.0,1,At The Rim,Paint,9,23,0.391304347826087,0.3194444444444444
401817787,2750.0,5,Unknown 2PT,Midrange,7,8,0.875,0.1111111111111111
401817787,2750.0,11,Top of Key 3s,3PT,7,20,0.35,0.2777777777777778
401817788,2754.0,1,At The Rim,Paint,22,28,0.7857142857142857,0.345679012345679
401817788,2754.0,5,Unknown 2PT,Midrange,18,19,0.9473684210526315,0.2345679012345679
401817788,2754.0,11,Top of Key 3s,3PT,6,23,0.2608695652173913,0.2839506172839506
401817788,2870.0,1,At The Rim,Paint,15,29,0.5172413793103449,0.35802469135802467
401817788,2870.0,5,Unknown 2PT,Midrange,11,12,0.9166666666666666,0.14814814814814814
401817788,2870.0,11,Top of Key 3s,3PT,4,20,0.2,0.24691358024691357
401817789,2473.0,1,At The Rim,Paint,13,26,0.5,0.3939393939393939
401817789,2473.0,5,Unknown 2PT,Midrange,9,10,0.9,0.15151515151515152
401817789,2473.0,11,Top of Key 3s,3PT,9,22,0.4090909090909091,0.3333333333333333
401817789,2523.0,1,At The Rim,Paint,10,20,0.5,0.273972602739726
401817789,2523.0,5,Unknown 2PT,Midrange,15,15,1.0,0.2054794520547945
401817789,2523.0,11,Top of Key 3s,3PT,6,21,0.2857142857142857,0.2876712328767123
401818499,140.0,1,At The Rim,Paint,12,25,0.48,0.29069767441860467
401818499,140.0,5,Unknown 2PT,Midrange,19,21,0.9047619047619048,0.2441860465116279
401818499,140.0,11,Top of Key 3s,3PT,4,17,0.23529411764705882,0.19767441860465115
401818499,2172.0,1,At The Rim,Paint,13,15,0.8666666666666667,0.23076923076923078
401818499,2172.0,5,Unknown 2PT,Midrange,23,23,1.0,0.35384615384615387
401818499,2172.0,11,Top of Key 3s,3PT,11,20,0.55,0.3076923076923077
401818500,198.0,1,At The Rim,Paint,14,29,0.4827586206896552,0.31868131868131866
401818500,198.0,5,Unknown 2PT,Midrange,27,27,1.0,0.2967032967032967
401818500,198.0,11,Top of Key 3s,3PT,11,20,0.55,0.21978021978021978
401818500,2571.0,1,At The Rim,Paint,28,43,0.6511627906976745,0.4942528735632184
401818500,2571.0,5,Unknown 2PT,Midrange,21,21,1.0,0.2413793103448276
401818500,2571.0,11,Top of Key 3s,3PT,2,11,0.18181818181818182,0.12643678160919541
401818501,233.0,1,At The Rim,Paint,9,15,0.6,0.19230769230769232
401818501,233.0,5,Unknown 2PT,Midrange,29,29,1.0,0.3717948717948718
401818501,233.0,11,Top of Key 3s,3PT,7,21,0.3333333333333333,0.2692307692307692
401818501,2437.0,1,At The Rim,Paint,8,15,0.5333333333333333,0.22058823529411764
401818501,2437.0,5,Unknown 2PT,Midrange,11,13,0.8461538461538461,0.19117647058823528
401818501,2437.0,11,Top of Key 3s,3PT,9,26,0.34615384615384615,0.38235294117647056
401818502,2449.0,1,At The Rim,Paint,15,26,0.5769230769230769,0.3466666666666667
401818502,2449.0,5,Unknown 2PT,Midrange,23,24,0.9583333333333334,0.32
401818502,2449.0,11,Top of Key 3s,3PT,4,9,0.4444444444444444,0.12
401818502,2900.0,1,At The Rim,Paint,14,27,0.5185185185185185,0.391304347826087
401818502,2900.0,5,Unknown 2PT,Midrange,14,15,0.9333333333333333,0.21739130434782608
401818502,2900.0,11,Top of Key 3s,3PT,5,16,0.3125,0.2318840579710145
401818503,233.0,1,At The Rim,Paint,11,38,0.2894736842105263,0.4318181818181818
401818503,233.0,5,Unknown 2PT,Midrange,27,27,1.0,0.3068181818181818
401818503,233.0,11,Top of Key 3s,3PT,1,5,0.2,0.056818181818181816
401818503,2449.0,1,At The Rim,Paint,18,23,0.782608695652174,0.3382352941176471
401818503,2449.0,5,Unknown 2PT,Midrange,17,19,0.8947368421052632,0.27941176470588236
401818503,2449.0,11,Top of Key 3s,3PT,7,17,0.4117647058823529,0.25
401818504,2172.0,1,At The Rim,Paint,8,18,0.4444444444444444,0.23684210526315788
401818504,2172.0,5,Unknown 2PT,Midrange,10,14,0.7142857142857143,0.18421052631578946
401818504,2172.0,11,Top of Key 3s,3PT,9,33,0.2727272727272727,0.4342105263157895
401818504,2571.0,1,At The Rim,Paint,15,21,0.7142857142857143,0.375
401818504,2571.0,5,Unknown 2PT,Midrange,8,8,1.0,0.14285714285714285
401818504,2571.0,11,Top of Key 3s,3PT,9,18,0.5,0.32142857142857145
401818505,155.0,1,At The Rim,Paint,10,20,0.5,0.3225806451612903
401818505,155.0,5,Unknown 2PT,Midrange,17,18,0.9444444444444444,0.2903225806451613
401818505,155.0,11,Top of Key 3s,3PT,7,21,0.3333333333333333,0.3387096774193548
401818505,2900.0,1,At The Rim,Paint,15,23,0.6521739130434783,0.359375
401818505,2900.0,5,Unknown 2PT,Midrange,8,8,1.0,0.125
401818505,2900.0,11,Top of Key 3s,3PT,9,27,0.3333333333333333,0.421875
401818506,140.0,1,At The Rim,Paint,12,23,0.5217391304347826,0.2839506172839506
401818506,140.0,5,Unknown 2PT,Midrange,13,14,0.9285714285714286,0.1728395061728395
401818506,140.0,11,Top of Key 3s,3PT,3,11,0.2727272727272727,0.13580246913580246
401818506,198.0,1,At The Rim,Paint,9,14,0.6428571428571429,0.208955223880597
401818506,198.0,5,Unknown 2PT,Midrange,17,18,0.9444444444444444,0.26865671641791045
401818506,198.0,11,Top of Key 3s,3PT,8,19,0.42105263157894735,0.2835820895522388
401819574,150.0,1,At The Rim,Paint,17,26,0.6538461538461539,0.3170731707317073
401819574,150.0,5,Unknown 2PT,Midrange,15,19,0.7894736842105263,0.23170731707317074
401819574,150.0,11,Top of Key 3s,3PT,7,21,0.3333333333333333,0.25609756097560976
401819574,152.0,1,At The Rim,Paint,17,38,0.4473684210526316,0.48717948717948717
401819574,152.0,5,Unknown 2PT,Midrange,14,17,0.8235294117647058,0.21794871794871795
401819574,152.0,11,Top of Key 3s,3PT,0,6,0.0,0.07692307692307693
401819627,24.0,1,At The Rim,Paint,9,20,0.45,0.2777777777777778
401819627,24.0,5,Unknown 2PT,Midrange,11,14,0.7857142857142857,0.19444444444444445
401819627,24.0,11,Top of Key 3s,3PT,3,21,0.14285714285714285,0.2916666666666667
401819627,2390.0,1,At The Rim,Paint,9,19,0.47368421052631576,0.2714285714285714
401819627,2390.0,5,Unknown 2PT,Midrange,13,14,0.9285714285714286,0.2
401819627,2390.0,11,Top of Key 3s,3PT,5,19,0.2631578947368421,0.2714285714285714
401819718,103.0,1,At The Rim,Paint,15,22,0.6818181818181818,0.24719101123595505
401819718,103.0,5,Unknown 2PT,Midrange,21,24,0.875,0.2696629213483146
401819718,103.0,11,Top of Key 3s,3PT,7,26,0.2692307692307692,0.29213483146067415
401819718,2567.0,1,At The Rim,Paint,10,21,0.47619047619047616,0.3088235294117647
401819718,2567.0,5,Unknown 2PT,Midrange,12,12,1.0,0.17647058823529413
401819718,2567.0,11,Top of Key 3s,3PT,9,22,0.4090909090909091,0.3235294117647059
401819719,25.0,1,At The Rim,Paint,16,25,0.64,0.3333333333333333
401819719,25.0,5,Unknown 2PT,Midrange,18,18,1.0,0.24
401819719,25.0,11,Top of Key 3s,3PT,9,25,0.36,0.3333333333333333
401819719,52.0,1,At The Rim,Paint,7,25,0.28,0.28735632183908044
401819719,52.0,5,Unknown 2PT,Midrange,22,23,0.9565217391304348,0.26436781609195403
401819719,52.0,11,Top of Key 3s,3PT,7,19,0.3684210526315789,0.21839080459770116
401819720,59.0,1,At The Rim,Paint,17,25,0.68,0.3125
401819720,59.0,5,Unknown 2PT,Midrange,17,17,1.0,0.2125
401819720,59.0,11,Top of Key 3s,3PT,10,25,0.4,0.3125
401819720,221.0,1,At The Rim,Paint,9,22,0.4090909090909091,0.25
401819720,221.0,5,Unknown 2PT,Midrange,16,18,0.8888888888888888,0.20454545454545456
401819720,221.0,11,Top of Key 3s,3PT,4,15,0.26666666666666666,0.17045454545454544
401819721,153.0,1,At The Rim,Paint,7,17,0.4117647058823529,0.21518987341772153
401819721,153.0,5,Unknown 2PT,Midrange,19,23,0.8260869565217391,0.2911392405063291
401819721,153.0,11,Top of Key 3s,3PT,8,23,0.34782608695652173,0.2911392405063291
401819721,259.0,1,At The Rim,Paint,11,22,0.5,0.28205128205128205
401819721,259.0,5,Unknown 2PT,Midrange,14,16,0.875,0.20512820512820512
401819721,259.0,11,Top of Key 3s,3PT,6,22,0.2727272727272727,0.28205128205128205
401819722,87.0,1,At The Rim,Paint,15,16,0.9375,0.2318840579710145
401819722,87.0,5,Unknown 2PT,Midrange,9,10,0.9,0.14492753623188406
401819722,87.0,11,Top of Key 3s,3PT,8,18,0.4444444444444444,0.2608695652173913
401819722,154.0,1,At The Rim,Paint,12,16,0.75,0.24242424242424243
401819722,154.0,5,Unknown 2PT,Midrange,18,18,1.0,0.2727272727272727
401819722,154.0,11,Top of Key 3s,3PT,5,21,0.23809523809523808,0.3181818181818182
401819767,2217.0,1,At The Rim,Paint,23,36,0.6388888888888888,0.4444444444444444
401819767,2217.0,5,Unknown 2PT,Midrange,12,12,1.0,0.14814814814814814
401819767,2217.0,11,Top of Key 3s,3PT,7,31,0.22580645161290322,0.38271604938271603
401819767,2561.0,1,At The Rim,Paint,12,24,0.5,0.3076923076923077
401819767,2561.0,5,Unknown 2PT,Midrange,25,26,0.9615384615384616,0.3333333333333333
401819767,2561.0,11,Top of Key 3s,3PT,0,11,0.0,0.14102564102564102
401820538,2272.0,1,At The Rim,Paint,15,19,0.7894736842105263,0.2714285714285714
401820538,2272.0,5,Unknown 2PT,Midrange,22,22,1.0,0.3142857142857143
401820538,2272.0,11,Top of Key 3s,3PT,3,17,0.17647058823529413,0.24285714285714285
401820538,2427.0,1,At The Rim,Paint,9,19,0.47368421052631576,0.23170731707317074
401820538,2427.0,5,Unknown 2PT,Midrange,13,16,0.8125,0.1951219512195122
401820538,2427.0,11,Top of Key 3s,3PT,6,22,0.2727272727272727,0.2682926829268293
401820539,2427.0,1,At The Rim,Paint,13,23,0.5652173913043478,0.27058823529411763
401820539,2427.0,5,Unknown 2PT,Midrange,23,23,1.0,0.27058823529411763
401820539,2427.0,11,Top of Key 3s,3PT,9,25,0.36,0.29411764705882354
401820539,2506.0,1,At The Rim,Paint,12,26,0.46153846153846156,0.3561643835616438
401820539,2506.0,5,Unknown 2PT,Midrange,16,18,0.8888888888888888,0.2465753424657534
401820539,2506.0,11,Top of Key 3s,3PT,4,9,0.4444444444444444,0.1232876712328767
401822304,2154.0,1,At The Rim,Paint,13,24,0.5416666666666666,0.3076923076923077
401822304,2154.0,5,Unknown 2PT,Midrange,21,22,0.9545454545454546,0.28205128205128205
401822304,2154.0,11,Top of Key 3s,3PT,6,13,0.46153846153846156,0.16666666666666666
401822304,2379.0,1,At The Rim,Paint,13,21,0.6190476190476191,0.28378378378378377
401822304,2379.0,5,Unknown 2PT,Midrange,19,21,0.9047619047619048,0.28378378378378377
401822304,2379.0,11,Top of Key 3s,3PT,1,6,0.16666666666666666,0.08108108108108109
401823080,2329.0,1,At The Rim,Paint,13,22,0.5909090909090909,0.2857142857142857
401823080,2329.0,5,Unknown 2PT,Midrange,29,30,0.9666666666666667,0.38961038961038963
401823080,2329.0,11,Top of Key 3s,3PT,8,21,0.38095238095238093,0.2727272727272727
401823080,2426.0,1,At The Rim,Paint,17,27,0.6296296296296297,0.3375
401823080,2426.0,5,Unknown 2PT,Midrange,22,23,0.9565217391304348,0.2875
401823080,2426.0,11,Top of Key 3s,3PT,2,14,0.14285714285714285,0.175
401823081,349.0,1,At The Rim,Paint,10,21,0.47619047619047616,0.35
401823081,349.0,5,Unknown 2PT,Midrange,9,11,0.8181818181818182,0.18333333333333332
401823081,349.0,11,Top of Key 3s,3PT,8,16,0.5,0.26666666666666666
401823081,2426.0,1,At The Rim,Paint,11,24,0.4583333333333333,0.36923076923076925
401823081,2426.0,5,Unknown 2PT,Midrange,7,9,0.7777777777777778,0.13846153846153847
401823081,2426.0,11,Top of Key 3s,3PT,5,16,0.3125,0.24615384615384617
401823104,349.0,1,At The Rim,Paint,11,15,0.7333333333333333,0.22388059701492538
401823104,349.0,5,Unknown 2PT,Midrange,15,15,1.0,0.22388059701492538
401823104,349.0,11,Top of Key 3s,3PT,6,20,0.3,0.29850746268656714
401823104,2352.0,1,At The Rim,Paint,12,25,0.48,0.4166666666666667
401823104,2352.0,5,Unknown 2PT,Midrange,15,18,0.8333333333333334,0.3
401823104,2352.0,11,Top of Key 3s,3PT,3,13,0.23076923076923078,0.21666666666666667
401823125,107.0,1,At The Rim,Paint,11,24,0.4583333333333333,0.375
401823125,107.0,5,Unknown 2PT,Midrange,4,5,0.8,0.078125
401823125,107.0,11,Top of Key 3s,3PT,6,19,0.3157894736842105,0.296875
401823125,322.0,1,At The Rim,Paint,6,17,0.35294117647058826,0.2361111111111111
401823125,322.0,5,Unknown 2PT,Midrange,12,15,0.8,0.20833333333333334
401823125,322.0,11,Top of Key 3s,3PT,6,21,0.2857142857142857,0.2916666666666667
401823126,107.0,1,At The Rim,Paint,11,18,0.6111111111111112,0.28125
401823126,107.0,5,Unknown 2PT,Midrange,13,15,0.8666666666666667,0.234375
401823126,107.0,11,Top of Key 3s,3PT,7,18,0.3888888888888889,0.28125
401823126,2083.0,1,At The Rim,Paint,6,11,0.5454545454545454,0.2037037037037037
401823126,2083.0,5,Unknown 2PT,Midrange,8,11,0.7272727272727273,0.2037037037037037
401823126,2083.0,11,Top of Key 3s,3PT,4,17,0.23529411764705882,0.3148148148148148
401823147,163.0,1,At The Rim,Paint,9,20,0.45,0.2777777777777778
401823147,163.0,5,Unknown 2PT,Midrange,18,18,1.0,0.25
401823147,163.0,11,Top of Key 3s,3PT,8,22,0.36363636363636365,0.3055555555555556
401823147,225.0,1,At The Rim,Paint,6,14,0.42857142857142855,0.25925925925925924
401823147,225.0,5,Unknown 2PT,Midrange,5,5,1.0,0.09259259259259259
401823147,225.0,11,Top of Key 3s,3PT,5,26,0.19230769230769232,0.48148148148148145
401823169,44.0,1,At The Rim,Paint,4,14,0.2857142857142857,0.20588235294117646
401823169,44.0,5,Unknown 2PT,Midrange,19,20,0.95,0.29411764705882354
401823169,44.0,11,Top of Key 3s,3PT,3,12,0.25,0.17647058823529413
401823169,2083.0,1,At The Rim,Paint,11,23,0.4782608695652174,0.35384615384615387
401823169,2083.0,5,Unknown 2PT,Midrange,7,11,0.6363636363636364,0.16923076923076924
401823169,2083.0,11,Top of Key 3s,3PT,8,23,0.34782608695652173,0.35384615384615387
401823210,159.0,1,At The Rim,Paint,11,23,0.4782608695652174,0.39655172413793105
401823210,159.0,5,Unknown 2PT,Midrange,19,19,1.0,0.3275862068965517
401823210,159.0,11,Top of Key 3s,3PT,2,10,0.2,0.1724137931034483
401823210,171.0,1,At The Rim,Paint,25,39,0.6410256410256411,0.5416666666666666
401823210,171.0,5,Unknown 2PT,Midrange,6,6,1.0,0.08333333333333333
401823210,171.0,11,Top of Key 3s,3PT,8,23,0.34782608695652173,0.3194444444444444
401823252,108.0,1,At The Rim,Paint,17,24,0.7083333333333334,0.34285714285714286
401823252,108.0,5,Unknown 2PT,Midrange,7,8,0.875,0.11428571428571428
401823252,108.0,11,Top of Key 3s,3PT,8,21,0.38095238095238093,0.3
401823252,172.0,1,At The Rim,Paint,4,14,0.2857142857142857,0.2692307692307692
401823252,172.0,5,Unknown 2PT,Midrange,6,9,0.6666666666666666,0.17307692307692307
401823252,172.0,11,Top of Key 3s,3PT,6,12,0.5,0.23076923076923078
401824009,2241.0,1,At The Rim,Paint,11,21,0.5238095238095238,0.3620689655172414
401824009,2241.0,5,Unknown 2PT,Midrange,4,5,0.8,0.08620689655172414
401824009,2241.0,11,Top of Key 3s,3PT,7,23,0.30434782608695654,0.39655172413793105
401824009,2344.0,1,At The Rim,Paint,5,16,0.3125,0.1951219512195122
401824009,2344.0,5,Unknown 2PT,Midrange,14,16,0.875,0.1951219512195122
401824009,2344.0,11,Top of Key 3s,3PT,4,27,0.14814814814814814,0.32926829268292684
401824010,2515.0,1,At The Rim,Paint,7,29,0.2413793103448276,0.3411764705882353
401824010,2515.0,5,Unknown 2PT,Midrange,20,22,0.9090909090909091,0.25882352941176473
401824010,2515.0,11,Top of Key 3s,3PT,6,21,0.2857142857142857,0.24705882352941178
401824010,2908.0,1,At The Rim,Paint,7,17,0.4117647058823529,0.24285714285714285
401824010,2908.0,5,Unknown 2PT,Midrange,24,24,1.0,0.34285714285714286
401824010,2908.0,11,Top of Key 3s,3PT,4,10,0.4,0.14285714285714285
401824011,2506.0,1,At The Rim,Paint,13,26,0.5,0.33766233766233766
401824011,2506.0,5,Unknown 2PT,Midrange,24,24,1.0,0.3116883116883117
401824011,2506.0,11,Top of Key 3s,3PT,4,18,0.2222222222222222,0.23376623376623376
401824011,2737.0,1,At The Rim,Paint,16,27,0.5925925925925926,0.36
401824011,2737.0,5,Unknown 2PT,Midrange,26,29,0.896551724137931,0.38666666666666666
401824011,2737.0,11,Top of Key 3s,3PT,0,5,0.0,0.06666666666666667
401824012,2241.0,1,At The Rim,Paint,13,20,0.65,0.32786885245901637
401824012,2241.0,5,Unknown 2PT,Midrange,10,11,0.9090909090909091,0.18032786885245902
401824012,2241.0,11,Top of Key 3s,3PT,4,19,0.21052631578947367,0.3114754098360656
401824012,2272.0,1,At The Rim,Paint,21,31,0.6774193548387096,0.44285714285714284
401824012,2272.0,5,Unknown 2PT,Midrange,11,12,0.9166666666666666,0.17142857142857143
401824012,2272.0,11,Top of Key 3s,3PT,10,23,0.43478260869565216,0.32857142857142857
401824013,2344.0,1,At The Rim,Paint,14,28,0.5,0.27450980392156865
401824013,2344.0,5,Unknown 2PT,Midrange,24,33,0.7272727272727273,0.3235294117647059
401824013,2344.0,11,Top of Key 3s,3PT,4,21,0.19047619047619047,0.20588235294117646
401824013,2908.0,1,At The Rim,Paint,7,20,0.35,0.2702702702702703
401824013,2908.0,5,Unknown 2PT,Midrange,8,15,0.5333333333333333,0.20270270270270271
401824013,2908.0,11,Top of Key 3s,3PT,9,20,0.45,0.2702702702702703
401824014,2127.0,1,At The Rim,Paint,12,28,0.42857142857142855,0.3783783783783784
401824014,2127.0,5,Unknown 2PT,Midrange,13,15,0.8666666666666667,0.20270270270270271
401824014,2127.0,11,Top of Key 3s,3PT,12,24,0.5,0.32432432432432434
401824014,2515.0,1,At The Rim,Paint,20,27,0.7407407407407407,0.3176470588235294
401824014,2515.0,5,Unknown 2PT,Midrange,18,18,1.0,0.21176470588235294
401824014,2515.0,11,Top of Key 3s,3PT,9,25,0.36,0.29411764705882354
401824108,43.0,1,At The Rim,Paint,7,17,0.4117647058823529,0.2463768115942029
401824108,43.0,5,Unknown 2PT,Midrange,13,14,0.9285714285714286,0.2028985507246377
401824108,43.0,11,Top of Key 3s,3PT,4,9,0.4444444444444444,0.13043478260869565
401824108,219.0,1,At The Rim,Paint,12,30,0.4,0.33707865168539325
401824108,219.0,5,Unknown 2PT,Midrange,25,25,1.0,0.2808988764044944
401824108,219.0,11,Top of Key 3s,3PT,6,22,0.2727272727272727,0.24719101123595505
401824245,2115.0,1,At The Rim,Paint,15,25,0.6,0.2808988764044944
401824245,2115.0,5,Unknown 2PT,Midrange,40,42,0.9523809523809523,0.47191011235955055
401824245,2115.0,11,Top of Key 3s,3PT,3,9,0.3333333333333333,0.10112359550561797
401824245,2130.0,1,At The Rim,Paint,17,29,0.5862068965517241,0.30526315789473685
401824245,2130.0,5,Unknown 2PT,Midrange,27,29,0.9310344827586207,0.30526315789473685
401824245,2130.0,11,Top of Key 3s,3PT,5,20,0.25,0.21052631578947367
401824275,50.0,1,At The Rim,Paint,8,20,0.4,0.29411764705882354
401824275,50.0,5,Unknown 2PT,Midrange,13,14,0.9285714285714286,0.20588235294117646
401824275,50.0,11,Top of Key 3s,3PT,3,21,0.14285714285714285,0.3088235294117647
401824275,2010.0,1,At The Rim,Paint,15,28,0.5357142857142857,0.32941176470588235
401824275,2010.0,5,Unknown 2PT,Midrange,33,34,0.9705882352941176,0.4
401824275,2010.0,11,Top of Key 3s,3PT,0,8,0.0,0.09411764705882353
401824276,2010.0,1,At The Rim,Paint,14,23,0.6086956521739131,0.2875
401824276,2010.0,5,Unknown 2PT,Midrange,26,28,0.9285714285714286,0.35
401824276,2010.0,11,Top of Key 3s,3PT,0,13,0.0,0.1625
401824276,2065.0,1,At The Rim,Paint,7,16,0.4375,0.25396825396825395
401824276,2065.0,5,Unknown 2PT,Midrange,20,21,0.9523809523809523,0.3333333333333333
401824276,2065.0,11,Top of Key 3s,3PT,3,13,0.23076923076923078,0.20634920634920634
401824298,2011.0,1,At The Rim,Paint,8,12,0.6666666666666666,0.18181818181818182
401824298,2011.0,5,Unknown 2PT,Midrange,19,19,1.0,0.2878787878787879
401824298,2011.0,11,Top of Key 3s,3PT,8,14,0.5714285714285714,0.21212121212121213
401824298,2065.0,1,At The Rim,Paint,7,12,0.5833333333333334,0.1518987341772152
401824298,2065.0,5,Unknown 2PT,Midrange,27,27,1.0,0.34177215189873417
401824298,2065.0,11,Top of Key 3s,3PT,4,13,0.3076923076923077,0.16455696202531644
401824299,50.0,1,At The Rim,Paint,10,20,0.5,0.23809523809523808
401824299,50.0,5,Unknown 2PT,Midrange,28,30,0.9333333333333333,0.35714285714285715
401824299,50.0,11,Top of Key 3s,3PT,3,11,0.2727272727272727,0.13095238095238096
401824299,2011.0,1,At The Rim,Paint,17,35,0.4857142857142857,0.4375
401824299,2011.0,5,Unknown 2PT,Midrange,16,16,1.0,0.2
401824299,2011.0,11,Top of Key 3s,3PT,4,14,0.2857142857142857,0.175
401824350,2029.0,1,At The Rim,Paint,20,33,0.6060606060606061,0.4583333333333333
401824350,2029.0,5,Unknown 2PT,Midrange,18,18,1.0,0.25
401824350,2029.0,11,Top of Key 3s,3PT,4,11,0.36363636363636365,0.1527777777777778
401824350,2640.0,1,At The Rim,Paint,11,20,0.55,0.28169014084507044
401824350,2640.0,5,Unknown 2PT,Midrange,11,12,0.9166666666666666,0.16901408450704225
401824350,2640.0,11,Top of Key 3s,3PT,6,22,0.2727272727272727,0.30985915492957744
401824351,2400.0,1,At The Rim,Paint,15,26,0.5769230769230769,0.26262626262626265
401824351,2400.0,5,Unknown 2PT,Midrange,38,39,0.9743589743589743,0.3939393939393939
401824351,2400.0,11,Top of Key 3s,3PT,6,26,0.23076923076923078,0.26262626262626265
401824351,2640.0,1,At The Rim,Paint,11,27,0.4074074074074074,0.3068181818181818
401824351,2640.0,5,Unknown 2PT,Midrange,23,24,0.9583333333333334,0.2727272727272727
401824351,2640.0,11,Top of Key 3s,3PT,5,15,0.3333333333333333,0.17045454545454544
401824404,2400.0,1,At The Rim,Paint,16,30,0.5333333333333333,0.35294117647058826
401824404,2400.0,5,Unknown 2PT,Midrange,23,24,0.9583333333333334,0.2823529411764706
401824404,2400.0,11,Top of Key 3s,3PT,6,24,0.25,0.2823529411764706
401824404,2504.0,1,At The Rim,Paint,11,22,0.5,0.30985915492957744
401824404,2504.0,5,Unknown 2PT,Midrange,14,14,1.0,0.19718309859154928
401824404,2504.0,11,Top of Key 3s,3PT,3,17,0.17647058823529413,0.23943661971830985
401824405,2029.0,1,At The Rim,Paint,27,36,0.75,0.4
401824405,2029.0,5,Unknown 2PT,Midrange,19,19,1.0,0.2111111111111111
401824405,2029.0,11,Top of Key 3s,3PT,4,21,0.19047619047619047,0.23333333333333334
401824405,2504.0,1,At The Rim,Paint,7,15,0.4666666666666667,0.2054794520547945
401824405,2504.0,5,Unknown 2PT,Midrange,20,20,1.0,0.273972602739726
401824405,2504.0,11,Top of Key 3s,3PT,8,24,0.3333333333333333,0.3287671232876712
401824425,2016.0,1,At The Rim,Paint,10,15,0.6666666666666666,0.1875
401824425,2016.0,5,Unknown 2PT,Midrange,22,24,0.9166666666666666,0.3
401824425,2016.0,11,Top of Key 3s,3PT,3,23,0.13043478260869565,0.2875
401824425,2296.0,1,At The Rim,Paint,9,20,0.45,0.2597402597402597
401824425,2296.0,5,Unknown 2PT,Midrange,16,17,0.9411764705882353,0.22077922077922077
401824425,2296.0,11,Top of Key 3s,3PT,5,19,0.2631578947368421,0.24675324675324675
401824542,111.0,1,At The Rim,Paint,20,35,0.5714285714285714,0.330188679245283
401824542,111.0,5,Unknown 2PT,Midrange,27,28,0.9642857142857143,0.2641509433962264
401824542,111.0,11,Top of Key 3s,3PT,7,23,0.30434782608695654,0.2169811320754717
401824542,2448.0,1,At The Rim,Paint,14,28,0.5,0.29473684210526313
401824542,2448.0,5,Unknown 2PT,Midrange,19,20,0.95,0.21052631578947367
401824542,2448.0,11,Top of Key 3s,3PT,14,32,0.4375,0.3368421052631579
401824543,2182.0,1,At The Rim,Paint,12,16,0.75,0.18823529411764706
401824543,2182.0,5,Unknown 2PT,Midrange,23,26,0.8846153846153846,0.3058823529411765
401824543,2182.0,11,Top of Key 3s,3PT,1,13,0.07692307692307693,0.15294117647058825
401824543,2261.0,1,At The Rim,Paint,4,8,0.5,0.13559322033898305
401824543,2261.0,5,Unknown 2PT,Midrange,14,16,0.875,0.2711864406779661
401824543,2261.0,11,Top of Key 3s,3PT,5,17,0.29411764705882354,0.288135593220339
401824544,2097.0,1,At The Rim,Paint,10,28,0.35714285714285715,0.3783783783783784
401824544,2097.0,5,Unknown 2PT,Midrange,21,22,0.9545454545454546,0.2972972972972973
401824544,2097.0,11,Top of Key 3s,3PT,6,18,0.3333333333333333,0.24324324324324326
401824544,2210.0,1,At The Rim,Paint,17,27,0.6296296296296297,0.35064935064935066
401824544,2210.0,5,Unknown 2PT,Midrange,23,27,0.8518518518518519,0.35064935064935066
401824544,2210.0,11,Top of Key 3s,3PT,5,14,0.35714285714285715,0.18181818181818182
401824545,350.0,1,At The Rim,Paint,7,14,0.5,0.25925925925925924
401824545,350.0,5,Unknown 2PT,Midrange,12,14,0.8571428571428571,0.25925925925925924
401824545,350.0,11,Top of Key 3s,3PT,9,17,0.5294117647058824,0.3148148148148148
401824545,2619.0,1,At The Rim,Paint,16,28,0.5714285714285714,0.32558139534883723
401824545,2619.0,5,Unknown 2PT,Midrange,17,18,0.9444444444444444,0.20930232558139536
401824545,2619.0,11,Top of Key 3s,3PT,3,27,0.1111111111111111,0.313953488372093
401824546,119.0,1,At The Rim,Paint,7,17,0.4117647058823529,0.19540229885057472
401824546,119.0,5,Unknown 2PT,Midrange,19,20,0.95,0.22988505747126436
401824546,119.0,11,Top of Key 3s,3PT,13,35,0.37142857142857144,0.40229885057471265
401824546,232.0,1,At The Rim,Paint,24,37,0.6486486486486487,0.38144329896907214
401824546,232.0,5,Unknown 2PT,Midrange,28,28,1.0,0.28865979381443296
401824546,232.0,11,Top of Key 3s,3PT,2,12,0.16666666666666666,0.12371134020618557
401824575,2405.0,1,At The Rim,Paint,17,34,0.5,0.4473684210526316
401824575,2405.0,5,Unknown 2PT,Midrange,20,22,0.9090909090909091,0.2894736842105263
401824575,2405.0,11,Top of Key 3s,3PT,4,11,0.36363636363636365,0.14473684210526316
401824575,2729.0,1,At The Rim,Paint,11,21,0.5238095238095238,0.2876712328767123
401824575,2729.0,5,Unknown 2PT,Midrange,14,16,0.875,0.2191780821917808
401824575,2729.0,11,Top of Key 3s,3PT,3,17,0.17647058823529413,0.2328767123287671
401825350,164.0,1,At The Rim,Paint,8,23,0.34782608695652173,0.323943661971831
401825350,164.0,5,Unknown 2PT,Midrange,15,17,0.8823529411764706,0.23943661971830985
401825350,164.0,11,Top of Key 3s,3PT,4,15,0.26666666666666666,0.2112676056338028
401825350,356.0,1,At The Rim,Paint,16,31,0.5161290322580645,0.40789473684210525
401825350,356.0,5,Unknown 2PT,Midrange,9,9,1.0,0.11842105263157894
401825350,356.0,11,Top of Key 3s,3PT,8,20,0.4,0.2631578947368421
401825351,77.0,1,At The Rim,Paint,13,21,0.6190476190476191,0.3088235294117647
401825351,77.0,5,Unknown 2PT,Midrange,14,14,1.0,0.20588235294117646
401825351,77.0,11,Top of Key 3s,3PT,4,12,0.3333333333333333,0.17647058823529413
401825351,127.0,1,At The Rim,Paint,22,35,0.6285714285714286,0.3723404255319149
401825351,127.0,5,Unknown 2PT,Midrange,19,20,0.95,0.2127659574468085
401825351,127.0,11,Top of Key 3s,3PT,13,26,0.5,0.2765957446808511
401825352,135.0,1,At The Rim,Paint,14,29,0.4827586206896552,0.3670886075949367
401825352,135.0,5,Unknown 2PT,Midrange,11,15,0.7333333333333333,0.189873417721519
401825352,135.0,11,Top of Key 3s,3PT,9,21,0.42857142857142855,0.26582278481012656
401825352,194.0,1,At The Rim,Paint,7,18,0.3888888888888889,0.2647058823529412
401825352,194.0,5,Unknown 2PT,Midrange,8,8,1.0,0.11764705882352941
401825352,194.0,11,Top of Key 3s,3PT,8,19,0.42105263157894735,0.27941176470588236
401825353,2294.0,1,At The Rim,Paint,17,19,0.8947368421052632,0.2602739726027397
401825353,2294.0,5,Unknown 2PT,Midrange,20,21,0.9523809523809523,0.2876712328767123
401825353,2294.0,11,Top of Key 3s,3PT,9,19,0.47368421052631576,0.2602739726027397
401825353,2509.0,1,At The Rim,Paint,11,19,0.5789473684210527,0.24358974358974358
401825353,2509.0,5,Unknown 2PT,Midrange,12,14,0.8571428571428571,0.1794871794871795
401825353,2509.0,11,Top of Key 3s,3PT,7,25,0.28,0.32051282051282054
401825354,158.0,1,At The Rim,Paint,13,23,0.5652173913043478,0.2839506172839506
401825354,158.0,5,Unknown 2PT,Midrange,16,17,0.9411764705882353,0.20987654320987653
401825354,158.0,11,Top of Key 3s,3PT,6,25,0.24,0.30864197530864196
401825354,2483.0,1,At The Rim,Paint,13,24,0.5416666666666666,0.3157894736842105
401825354,2483.0,5,Unknown 2PT,Midrange,24,24,1.0,0.3157894736842105
401825354,2483.0,11,Top of Key 3s,3PT,7,17,0.4117647058823529,0.2236842105263158
401825355,30.0,1,At The Rim,Paint,10,16,0.625,0.2077922077922078
401825355,30.0,5,Unknown 2PT,Midrange,18,18,1.0,0.23376623376623376
401825355,30.0,11,Top of Key 3s,3PT,6,26,0.23076923076923078,0.33766233766233766
401825355,275.0,1,At The Rim,Paint,13,29,0.4482758620689655,0.3717948717948718
401825355,275.0,5,Unknown 2PT,Midrange,9,15,0.6,0.19230769230769232
401825355,275.0,11,Top of Key 3s,3PT,6,18,0.3333333333333333,0.23076923076923078
401825356,26.0,1,At The Rim,Paint,20,26,0.7692307692307693,0.34210526315789475
401825356,26.0,5,Unknown 2PT,Midrange,16,16,1.0,0.21052631578947367
401825356,26.0,11,Top of Key 3s,3PT,4,15,0.26666666666666666,0.19736842105263158
401825356,264.0,1,At The Rim,Paint,9,16,0.5625,0.23880597014925373
401825356,264.0,5,Unknown 2PT,Midrange,9,10,0.9,0.14925373134328357
401825356,264.0,11,Top of Key 3s,3PT,10,27,0.37037037037037035,0.40298507462686567
401825357,164.0,1,At The Rim,Paint,14,27,0.5185185185185185,0.2872340425531915
401825357,164.0,5,Unknown 2PT,Midrange,26,26,1.0,0.2765957446808511
401825357,164.0,11,Top of Key 3s,3PT,8,25,0.32,0.26595744680851063
401825357,213.0,1,At The Rim,Paint,16,27,0.5925925925925926,0.36
401825357,213.0,5,Unknown 2PT,Midrange,25,25,1.0,0.3333333333333333
401825357,213.0,11,Top of Key 3s,3PT,7,10,0.7,0.13333333333333333
401825687,41.0,1,At The Rim,Paint,14,26,0.5384615384615384,0.3291139240506329
401825687,41.0,5,Unknown 2PT,Midrange,22,23,0.9565217391304348,0.2911392405063291
401825687,41.0,11,Top of Key 3s,3PT,8,15,0.5333333333333333,0.189873417721519
401825687,222.0,1,At The Rim,Paint,10,17,0.5882352941176471,0.2463768115942029
401825687,222.0,5,Unknown 2PT,Midrange,15,18,0.8333333333333334,0.2608695652173913
401825687,222.0,11,Top of Key 3s,3PT,11,24,0.4583333333333333,0.34782608695652173
401825688,156.0,1,At The Rim,Paint,10,19,0.5263157894736842,0.27941176470588236
401825688,156.0,5,Unknown 2PT,Midrange,14,16,0.875,0.23529411764705882
401825688,156.0,11,Top of Key 3s,3PT,9,20,0.45,0.29411764705882354
401825688,2086.0,1,At The Rim,Paint,10,22,0.45454545454545453,0.29333333333333333
401825688,2086.0,5,Unknown 2PT,Midrange,18,20,0.9,0.26666666666666666
401825688,2086.0,11,Top of Key 3s,3PT,7,19,0.3684210526315789,0.25333333333333335
401825689,305.0,1,At The Rim,Paint,14,27,0.5185185185185185,0.3
401825689,305.0,5,Unknown 2PT,Midrange,23,26,0.8846153846153846,0.28888888888888886
401825689,305.0,11,Top of Key 3s,3PT,6,26,0.23076923076923078,0.28888888888888886
401825689,2507.0,1,At The Rim,Paint,21,31,0.6774193548387096,0.37349397590361444
401825689,2507.0,5,Unknown 2PT,Midrange,20,20,1.0,0.24096385542168675
401825689,2507.0,11,Top of Key 3s,3PT,1,14,0.07142857142857142,0.1686746987951807
401825690,46.0,1,At The Rim,Paint,11,21,0.5238095238095238,0.3620689655172414
401825690,46.0,5,Unknown 2PT,Midrange,8,9,0.8888888888888888,0.15517241379310345
401825690,46.0,11,Top of Key 3s,3PT,8,21,0.38095238095238093,0.3620689655172414
401825690,2599.0,1,At The Rim,Paint,13,24,0.5416666666666666,0.36363636363636365
401825690,2599.0,5,Unknown 2PT,Midrange,14,15,0.9333333333333333,0.22727272727272727
401825690,2599.0,11,Top of Key 3s,3PT,5,16,0.3125,0.24242424242424243
401825691,2550.0,1,At The Rim,Paint,11,21,0.5238095238095238,0.25925925925925924
401825691,2550.0,5,Unknown 2PT,Midrange,19,21,0.9047619047619048,0.25925925925925924
401825691,2550.0,11,Top of Key 3s,3PT,4,22,0.18181818181818182,0.2716049382716049
401825691,2752.0,1,At The Rim,Paint,5,7,0.7142857142857143,0.11666666666666667
401825691,2752.0,5,Unknown 2PT,Midrange,4,7,0.5714285714285714,0.11666666666666667
401825691,2752.0,11,Top of Key 3s,3PT,12,29,0.41379310344827586,0.48333333333333334
401825692,46.0,1,At The Rim,Paint,14,25,0.56,0.3246753246753247
401825692,46.0,5,Unknown 2PT,Midrange,20,21,0.9523809523809523,0.2727272727272727
401825692,46.0,11,Top of Key 3s,3PT,1,16,0.0625,0.2077922077922078
401825692,2086.0,1,At The Rim,Paint,10,21,0.47619047619047616,0.2876712328767123
401825692,2086.0,5,Unknown 2PT,Midrange,17,18,0.9444444444444444,0.2465753424657534
401825692,2086.0,11,Top of Key 3s,3PT,7,19,0.3684210526315789,0.2602739726027397
401825770,314.0,1,At The Rim,Paint,10,22,0.45454545454545453,0.2857142857142857
401825770,314.0,5,Unknown 2PT,Midrange,24,24,1.0,0.3116883116883117
401825770,314.0,11,Top of Key 3s,3PT,5,17,0.29411764705882354,0.22077922077922077
401825770,2561.0,1,At The Rim,Paint,17,29,0.5862068965517241,0.3972602739726027
401825770,2561.0,5,Unknown 2PT,Midrange,13,14,0.9285714285714286,0.1917808219178082
401825770,2561.0,11,Top of Key 3s,3PT,1,11,0.09090909090909091,0.1506849315068493
401827403,12.0,1,At The Rim,Paint,9,14,0.6428571428571429,0.2
401827403,12.0,5,Unknown 2PT,Midrange,19,19,1.0,0.2714285714285714
401827403,12.0,11,Top of Key 3s,3PT,7,14,0.5,0.2
401827403,38.0,1,At The Rim,Paint,25,37,0.6756756756756757,0.49333333333333335
401827403,38.0,5,Unknown 2PT,Midrange,20,20,1.0,0.26666666666666666
401827403,38.0,11,Top of Key 3s,3PT,3,9,0.3333333333333333,0.12
401827404,252.0,1,At The Rim,Paint,11,22,0.5,0.3013698630136986
401827404,252.0,5,Unknown 2PT,Midrange,19,19,1.0,0.2602739726027397
401827404,252.0,11,Top of Key 3s,3PT,10,22,0.45454545454545453,0.3013698630136986
401827404,2132.0,1,At The Rim,Paint,6,13,0.46153846153846156,0.1511627906976744
401827404,2132.0,5,Unknown 2PT,Midrange,25,25,1.0,0.29069767441860467
401827404,2132.0,11,Top of Key 3s,3PT,8,18,0.4444444444444444,0.20930232558139536
401827405,9.0,1,At The Rim,Paint,7,9,0.7777777777777778,0.11688311688311688
401827405,9.0,5,Unknown 2PT,Midrange,16,17,0.9411764705882353,0.22077922077922077
401827405,9.0,11,Top of Key 3s,3PT,6,21,0.2857142857142857,0.2727272727272727
401827405,66.0,1,At The Rim,Paint,17,25,0.68,0.2976190476190476
401827405,66.0,5,Unknown 2PT,Midrange,23,23,1.0,0.27380952380952384
401827405,66.0,11,Top of Key 3s,3PT,8,16,0.5,0.19047619047619047
401827406,2116.0,1,At The Rim,Paint,14,27,0.5185185185185185,0.375
401827406,2116.0,5,Unknown 2PT,Midrange,13,15,0.8666666666666667,0.20833333333333334
401827406,2116.0,11,Top of Key 3s,3PT,5,15,0.3333333333333333,0.20833333333333334
401827406,2306.0,1,At The Rim,Paint,22,34,0.6470588235294118,0.4473684210526316
401827406,2306.0,5,Unknown 2PT,Midrange,11,13,0.8461538461538461,0.17105263157894737
401827406,2306.0,11,Top of Key 3s,3PT,11,20,0.55,0.2631578947368421
401827407,248.0,1,At The Rim,Paint,6,17,0.35294117647058826,0.2
401827407,248.0,5,Unknown 2PT,Midrange,25,25,1.0,0.29411764705882354
401827407,248.0,11,Top of Key 3s,3PT,2,15,0.13333333333333333,0.17647058823529413
401827407,2628.0,1,At The Rim,Paint,12,20,0.6,0.2597402597402597
401827407,2628.0,5,Unknown 2PT,Midrange,10,11,0.9090909090909091,0.14285714285714285
401827407,2628.0,11,Top of Key 3s,3PT,11,32,0.34375,0.4155844155844156
401827408,239.0,1,At The Rim,Paint,12,21,0.5714285714285714,0.2916666666666667
401827408,239.0,5,Unknown 2PT,Midrange,17,17,1.0,0.2361111111111111
401827408,239.0,11,Top of Key 3s,3PT,3,17,0.17647058823529413,0.2361111111111111
401827408,2641.0,1,At The Rim,Paint,22,29,0.7586206896551724,0.3918918918918919
401827408,2641.0,5,Unknown 2PT,Midrange,13,13,1.0,0.17567567567567569
401827408,2641.0,11,Top of Key 3s,3PT,8,21,0.38095238095238093,0.28378378378378377
401827409,9.0,1,At The Rim,Paint,24,36,0.6666666666666666,0.47368421052631576
401827409,9.0,5,Unknown 2PT,Midrange,13,15,0.8666666666666667,0.19736842105263158
401827409,9.0,11,Top of Key 3s,3PT,4,11,0.36363636363636365,0.14473684210526316
401827409,248.0,1,At The Rim,Paint,8,15,0.5333333333333333,0.19480519480519481
401827409,248.0,5,Unknown 2PT,Midrange,27,28,0.9642857142857143,0.36363636363636365
401827409,248.0,11,Top of Key 3s,3PT,4,18,0.2222222222222222,0.23376623376623376
401827410,12.0,1,At The Rim,Paint,4,5,0.8,0.05813953488372093
401827410,12.0,5,Unknown 2PT,Midrange,18,18,1.0,0.20930232558139536
401827410,12.0,11,Top of Key 3s,3PT,2,15,0.13333333333333333,0.1744186046511628
401827410,239.0,1,At The Rim,Paint,2,2,1.0,0.023529411764705882
401827410,239.0,5,Unknown 2PT,Midrange,15,15,1.0,0.17647058823529413
401827410,239.0,11,Top of Key 3s,3PT,7,26,0.2692307692307692,0.3058823529411765
401827411,2116.0,1,At The Rim,Paint,22,33,0.6666666666666666,0.55
401827411,2116.0,5,Unknown 2PT,Midrange,7,8,0.875,0.13333333333333333
401827411,2116.0,11,Top of Key 3s,3PT,0,7,0.0,0.11666666666666667
401827411,2132.0,1,At The Rim,Paint,11,25,0.44,0.30120481927710846
401827411,2132.0,5,Unknown 2PT,Midrange,22,26,0.8461538461538461,0.3132530120481928
401827411,2132.0,11,Top of Key 3s,3PT,4,13,0.3076923076923077,0.1566265060240964
401827412,38.0,1,At The Rim,Paint,13,27,0.48148148148148145,0.34177215189873417
401827412,38.0,5,Unknown 2PT,Midrange,21,23,0.9130434782608695,0.2911392405063291
401827412,38.0,11,Top of Key 3s,3PT,6,14,0.42857142857142855,0.17721518987341772
401827412,2641.0,1,At The Rim,Paint,13,18,0.7222222222222222,0.32142857142857145
401827412,2641.0,5,Unknown 2PT,Midrange,10,11,0.9090909090909091,0.19642857142857142
401827412,2641.0,11,Top of Key 3s,3PT,7,13,0.5384615384615384,0.23214285714285715
401827413,2305.0,1,At The Rim,Paint,14,19,0.7368421052631579,0.2638888888888889
401827413,2305.0,5,Unknown 2PT,Midrange,25,27,0.9259259259259259,0.375
401827413,2305.0,11,Top of Key 3s,3PT,5,15,0.3333333333333333,0.20833333333333334
401827413,2306.0,1,At The Rim,Paint,15,22,0.6818181818181818,0.28205128205128205
401827413,2306.0,5,Unknown 2PT,Midrange,24,26,0.9230769230769231,0.3333333333333333
401827413,2306.0,11,Top of Key 3s,3PT,4,19,0.21052631578947367,0.24358974358974358
401827414,252.0,1,At The Rim,Paint,15,23,0.6521739130434783,0.2948717948717949
401827414,252.0,5,Unknown 2PT,Midrange,26,26,1.0,0.3333333333333333
401827414,252.0,11,Top of Key 3s,3PT,11,24,0.4583333333333333,0.3076923076923077
401827414,254.0,1,At The Rim,Paint,7,21,0.3333333333333333,0.23595505617977527
401827414,254.0,5,Unknown 2PT,Midrange,32,32,1.0,0.3595505617977528
401827414,254.0,11,Top of Key 3s,3PT,8,28,0.2857142857142857,0.3146067415730337
401827416,197.0,1,At The Rim,Paint,8,30,0.26666666666666666,0.4
401827416,197.0,5,Unknown 2PT,Midrange,10,10,1.0,0.13333333333333333
401827416,197.0,11,Top of Key 3s,3PT,5,26,0.19230769230769232,0.3466666666666667
401827416,277.0,1,At The Rim,Paint,12,21,0.5714285714285714,0.3387096774193548
401827416,277.0,5,Unknown 2PT,Midrange,5,5,1.0,0.08064516129032258
401827416,277.0,11,Top of Key 3s,3PT,12,28,0.42857142857142855,0.45161290322580644
401827586,68.0,1,At The Rim,Paint,10,21,0.47619047619047616,0.3088235294117647
401827586,68.0,5,Unknown 2PT,Midrange,18,19,0.9473684210526315,0.27941176470588236
401827586,68.0,11,Top of Key 3s,3PT,6,13,0.46153846153846156,0.19117647058823528
401827586,2005.0,1,At The Rim,Paint,10,21,0.47619047619047616,0.28
401827586,2005.0,5,Unknown 2PT,Midrange,12,12,1.0,0.16
401827586,2005.0,11,Top of Key 3s,3PT,4,19,0.21052631578947367,0.25333333333333335
401827587,167.0,1,At The Rim,Paint,17,34,0.5,0.4594594594594595
401827587,167.0,5,Unknown 2PT,Midrange,15,15,1.0,0.20270270270270271
401827587,167.0,11,Top of Key 3s,3PT,6,14,0.42857142857142855,0.1891891891891892
401827587,2005.0,1,At The Rim,Paint,6,18,0.3333333333333333,0.23684210526315788
401827587,2005.0,5,Unknown 2PT,Midrange,15,15,1.0,0.19736842105263158
401827587,2005.0,11,Top of Key 3s,3PT,7,25,0.28,0.32894736842105265
401827834,2450.0,1,At The Rim,Paint,14,27,0.5185185185185185,0.29347826086956524
401827834,2450.0,5,Unknown 2PT,Midrange,18,18,1.0,0.1956521739130435
401827834,2450.0,11,Top of Key 3s,3PT,12,27,0.4444444444444444,0.29347826086956524
401827834,2569.0,1,At The Rim,Paint,6,21,0.2857142857142857,0.29577464788732394
401827834,2569.0,5,Unknown 2PT,Midrange,15,15,1.0,0.2112676056338028
401827834,2569.0,11,Top of Key 3s,3PT,6,15,0.4,0.2112676056338028
401827849,47.0,1,At The Rim,Paint,10,23,0.43478260869565216,0.23958333333333334
401827849,47.0,5,Unknown 2PT,Midrange,39,41,0.9512195121951219,0.4270833333333333
401827849,47.0,11,Top of Key 3s,3PT,3,11,0.2727272727272727,0.11458333333333333
401827849,2428.0,1,At The Rim,Paint,13,30,0.43333333333333335,0.3614457831325301
401827849,2428.0,5,Unknown 2PT,Midrange,23,23,1.0,0.27710843373493976
401827849,2428.0,11,Top of Key 3s,3PT,3,15,0.2,0.18072289156626506
401827872,44.0,1,At The Rim,Paint,3,7,0.42857142857142855,0.11864406779661017
401827872,44.0,5,Unknown 2PT,Midrange,5,5,1.0,0.0847457627118644
401827872,44.0,11,Top of Key 3s,3PT,7,25,0.28,0.423728813559322
401827872,322.0,1,At The Rim,Paint,8,14,0.5714285714285714,0.19444444444444445
401827872,322.0,5,Unknown 2PT,Midrange,12,16,0.75,0.2222222222222222
401827872,322.0,11,Top of Key 3s,3PT,5,21,0.23809523809523808,0.2916666666666667
401827881,104.0,1,At The Rim,Paint,13,27,0.48148148148148145,0.35064935064935066
401827881,104.0,5,Unknown 2PT,Midrange,22,25,0.88,0.3246753246753247
401827881,104.0,11,Top of Key 3s,3PT,7,17,0.4117647058823529,0.22077922077922077
401827881,2142.0,1,At The Rim,Paint,9,15,0.6,0.18292682926829268
401827881,2142.0,5,Unknown 2PT,Midrange,22,23,0.9565217391304348,0.2804878048780488
401827881,2142.0,11,Top of Key 3s,3PT,7,27,0.25925925925925924,0.32926829268292684
401827887,104.0,1,At The Rim,Paint,21,36,0.5833333333333334,0.5625
401827887,104.0,5,Unknown 2PT,Midrange,7,10,0.7,0.15625
401827887,104.0,11,Top of Key 3s,3PT,4,13,0.3076923076923077,0.203125
401827887,2329.0,1,At The Rim,Paint,14,23,0.6086956521739131,0.36507936507936506
401827887,2329.0,5,Unknown 2PT,Midrange,6,7,0.8571428571428571,0.1111111111111111
401827887,2329.0,11,Top of Key 3s,3PT,13,28,0.4642857142857143,0.4444444444444444
401827917,2115.0,1,At The Rim,Paint,4,13,0.3076923076923077,0.19696969696969696
401827917,2115.0,5,Unknown 2PT,Midrange,16,18,0.8888888888888888,0.2727272727272727
401827917,2115.0,11,Top of Key 3s,3PT,5,17,0.29411764705882354,0.25757575757575757
401827917,2330.0,1,At The Rim,Paint,11,17,0.6470588235294118,0.2125
401827917,2330.0,5,Unknown 2PT,Midrange,28,30,0.9333333333333333,0.375
401827917,2330.0,11,Top of Key 3s,3PT,4,21,0.19047619047619047,0.2625
401828115,5.0,1,At The Rim,Paint,9,11,0.8181818181818182,0.1774193548387097
401828115,5.0,5,Unknown 2PT,Midrange,4,5,0.8,0.08064516129032258
401828115,5.0,11,Top of Key 3s,3PT,7,24,0.2916666666666667,0.3870967741935484
401828115,249.0,1,At The Rim,Paint,16,22,0.7272727272727273,0.2391304347826087
401828115,249.0,5,Unknown 2PT,Midrange,19,19,1.0,0.20652173913043478
401828115,249.0,11,Top of Key 3s,3PT,7,23,0.30434782608695654,0.25
401828116,218.0,1,At The Rim,Paint,12,22,0.5454545454545454,0.3142857142857143
401828116,218.0,5,Unknown 2PT,Midrange,20,22,0.9090909090909091,0.3142857142857143
401828116,218.0,11,Top of Key 3s,3PT,5,17,0.29411764705882354,0.24285714285714285
401828116,2429.0,1,At The Rim,Paint,6,18,0.3333333333333333,0.21176470588235294
401828116,2429.0,5,Unknown 2PT,Midrange,25,25,1.0,0.29411764705882354
401828116,2429.0,11,Top of Key 3s,3PT,4,20,0.2,0.23529411764705882
401828117,151.0,1,At The Rim,Paint,20,44,0.45454545454545453,0.4536082474226804
401828117,151.0,5,Unknown 2PT,Midrange,27,29,0.9310344827586207,0.29896907216494845
401828117,151.0,11,Top of Key 3s,3PT,3,16,0.1875,0.16494845360824742
401828117,2226.0,1,At The Rim,Paint,15,24,0.625,0.34782608695652173
401828117,2226.0,5,Unknown 2PT,Midrange,22,23,0.9565217391304348,0.3333333333333333
401828117,2226.0,11,Top of Key 3s,3PT,4,13,0.3076923076923077,0.18840579710144928
401828118,58.0,1,At The Rim,Paint,11,20,0.55,0.23809523809523808
401828118,58.0,5,Unknown 2PT,Midrange,19,19,1.0,0.2261904761904762
401828118,58.0,11,Top of Key 3s,3PT,2,10,0.2,0.11904761904761904
401828118,242.0,1,At The Rim,Paint,14,16,0.875,0.21052631578947367
401828118,242.0,5,Unknown 2PT,Midrange,17,17,1.0,0.2236842105263158
401828118,242.0,11,Top of Key 3s,3PT,4,14,0.2857142857142857,0.18421052631578946
401828119,235.0,1,At The Rim,Paint,4,11,0.36363636363636365,0.1527777777777778
401828119,235.0,5,Unknown 2PT,Midrange,15,15,1.0,0.20833333333333334
401828119,235.0,11,Top of Key 3s,3PT,2,13,0.15384615384615385,0.18055555555555555
401828119,2655.0,1,At The Rim,Paint,14,29,0.4827586206896552,0.3717948717948718
401828119,2655.0,5,Unknown 2PT,Midrange,20,21,0.9523809523809523,0.2692307692307692
401828119,2655.0,11,Top of Key 3s,3PT,5,16,0.3125,0.20512820512820512
401828120,5.0,1,At The Rim,Paint,12,19,0.631578947368421,0.3333333333333333
401828120,5.0,5,Unknown 2PT,Midrange,8,11,0.7272727272727273,0.19298245614035087
401828120,5.0,11,Top of Key 3s,3PT,5,16,0.3125,0.2807017543859649
401828120,202.0,1,At The Rim,Paint,16,28,0.5714285714285714,0.36363636363636365
401828120,202.0,5,Unknown 2PT,Midrange,15,15,1.0,0.19480519480519481
401828120,202.0,11,Top of Key 3s,3PT,6,26,0.23076923076923078,0.33766233766233766
401828121,249.0,1,At The Rim,Paint,12,22,0.5454545454545454,0.30985915492957744
401828121,249.0,5,Unknown 2PT,Midrange,17,17,1.0,0.23943661971830985
401828121,249.0,11,Top of Key 3s,3PT,10,18,0.5555555555555556,0.2535211267605634
401828121,2429.0,1,At The Rim,Paint,15,24,0.625,0.3076923076923077
401828121,2429.0,5,Unknown 2PT,Midrange,13,14,0.9285714285714286,0.1794871794871795
401828121,2429.0,11,Top of Key 3s,3PT,7,20,0.35,0.2564102564102564
401828122,151.0,1,At The Rim,Paint,13,31,0.41935483870967744,0.3875
401828122,151.0,5,Unknown 2PT,Midrange,18,18,1.0,0.225
401828122,151.0,11,Top of Key 3s,3PT,2,13,0.15384615384615385,0.1625
401828122,242.0,1,At The Rim,Paint,11,30,0.36666666666666664,0.36585365853658536
401828122,242.0,5,Unknown 2PT,Midrange,17,17,1.0,0.2073170731707317
401828122,242.0,11,Top of Key 3s,3PT,6,19,0.3157894736842105,0.23170731707317074
401828123,58.0,1,At The Rim,Paint,21,33,0.6363636363636364,0.44594594594594594
401828123,58.0,5,Unknown 2PT,Midrange,18,23,0.782608695652174,0.3108108108108108
401828123,58.0,11,Top of Key 3s,3PT,4,11,0.36363636363636365,0.14864864864864866
401828123,2226.0,1,At The Rim,Paint,11,23,0.4782608695652174,0.2948717948717949
401828123,2226.0,5,Unknown 2PT,Midrange,20,24,0.8333333333333334,0.3076923076923077
401828123,2226.0,11,Top of Key 3s,3PT,6,23,0.2608695652173913,0.2948717948717949
401828124,2636.0,1,At The Rim,Paint,6,14,0.42857142857142855,0.19718309859154928
401828124,2636.0,5,Unknown 2PT,Midrange,13,13,1.0,0.18309859154929578
401828124,2636.0,11,Top of Key 3s,3PT,6,22,0.2727272727272727,0.30985915492957744
401828124,2724.0,1,At The Rim,Paint,8,12,0.6666666666666666,0.17142857142857143
401828124,2724.0,5,Unknown 2PT,Midrange,20,22,0.9090909090909091,0.3142857142857143
401828124,2724.0,11,Top of Key 3s,3PT,6,18,0.3333333333333333,0.2571428571428571
401828876,265.0,1,At The Rim,Paint,10,21,0.47619047619047616,0.3230769230769231
401828876,265.0,5,Unknown 2PT,Midrange,11,11,1.0,0.16923076923076924
401828876,265.0,11,Top of Key 3s,3PT,2,16,0.125,0.24615384615384617
401828876,2250.0,1,At The Rim,Paint,13,23,0.5652173913043478,0.30666666666666664
401828876,2250.0,5,Unknown 2PT,Midrange,11,12,0.9166666666666666,0.16
401828876,2250.0,11,Top of Key 3s,3PT,7,18,0.3888888888888889,0.24
401828877,2351.0,1,At The Rim,Paint,16,32,0.5,0.35555555555555557
401828877,2351.0,5,Unknown 2PT,Midrange,24,27,0.8888888888888888,0.3
401828877,2351.0,11,Top of Key 3s,3PT,4,15,0.26666666666666666,0.16666666666666666
401828877,2547.0,1,At The Rim,Paint,9,17,0.5294117647058824,0.27419354838709675
401828877,2547.0,5,Unknown 2PT,Midrange,20,21,0.9523809523809523,0.3387096774193548
401828877,2547.0,11,Top of Key 3s,3PT,4,14,0.2857142857142857,0.22580645161290322
401828878,204.0,1,At The Rim,Paint,11,27,0.4074074074074074,0.36486486486486486
401828878,204.0,5,Unknown 2PT,Midrange,15,17,0.8823529411764706,0.22972972972972974
401828878,204.0,11,Top of Key 3s,3PT,5,19,0.2631578947368421,0.25675675675675674
401828878,2501.0,1,At The Rim,Paint,8,18,0.4444444444444444,0.24324324324324326
401828878,2501.0,5,Unknown 2PT,Midrange,18,23,0.782608695652174,0.3108108108108108
401828878,2501.0,11,Top of Key 3s,3PT,4,16,0.25,0.21621621621621623
401828879,279.0,1,At The Rim,Paint,7,15,0.4666666666666667,0.20833333333333334
401828879,279.0,5,Unknown 2PT,Midrange,19,23,0.8260869565217391,0.3194444444444444
401828879,279.0,11,Top of Key 3s,3PT,10,23,0.43478260869565216,0.3194444444444444
401828879,2539.0,1,At The Rim,Paint,13,25,0.52,0.3246753246753247
401828879,2539.0,5,Unknown 2PT,Midrange,17,20,0.85,0.2597402597402597
401828879,2539.0,11,Top of Key 3s,3PT,4,22,0.18181818181818182,0.2857142857142857
401828880,301.0,1,At The Rim,Paint,11,27,0.4074074074074074,0.375
401828880,301.0,5,Unknown 2PT,Midrange,13,16,0.8125,0.2222222222222222
401828880,301.0,11,Top of Key 3s,3PT,3,11,0.2727272727272727,0.1527777777777778
401828880,2492.0,1,At The Rim,Paint,13,27,0.48148148148148145,0.34177215189873417
401828880,2492.0,5,Unknown 2PT,Midrange,17,17,1.0,0.21518987341772153
401828880,2492.0,11,Top of Key 3s,3PT,9,25,0.36,0.31645569620253167
401828881,2541.0,1,At The Rim,Paint,9,22,0.4090909090909091,0.29333333333333333
401828881,2541.0,5,Unknown 2PT,Midrange,6,7,0.8571428571428571,0.09333333333333334
401828881,2541.0,11,Top of Key 3s,3PT,11,38,0.2894736842105263,0.5066666666666667
401828881,2608.0,1,At The Rim,Paint,13,27,0.48148148148148145,0.39705882352941174
401828881,2608.0,5,Unknown 2PT,Midrange,9,10,0.9,0.14705882352941177
401828881,2608.0,11,Top of Key 3s,3PT,1,10,0.1,0.14705882352941177
401828882,279.0,1,At The Rim,Paint,5,12,0.4166666666666667,0.1518987341772152
401828882,279.0,5,Unknown 2PT,Midrange,31,34,0.9117647058823529,0.43037974683544306
401828882,279.0,11,Top of Key 3s,3PT,8,18,0.4444444444444444,0.22784810126582278
401828882,2250.0,1,At The Rim,Paint,19,31,0.6129032258064516,0.36904761904761907
401828882,2250.0,5,Unknown 2PT,Midrange,28,28,1.0,0.3333333333333333
401828882,2250.0,11,Top of Key 3s,3PT,6,17,0.35294117647058826,0.20238095238095238
401828883,301.0,1,At The Rim,Paint,13,20,0.65,0.24390243902439024
401828883,301.0,5,Unknown 2PT,Midrange,31,32,0.96875,0.3902439024390244
401828883,301.0,11,Top of Key 3s,3PT,1,13,0.07692307692307693,0.15853658536585366
401828883,2351.0,1,At The Rim,Paint,14,24,0.5833333333333334,0.3037974683544304
401828883,2351.0,5,Unknown 2PT,Midrange,9,10,0.9,0.12658227848101267
401828883,2351.0,11,Top of Key 3s,3PT,6,22,0.2727272727272727,0.27848101265822783
401828884,204.0,1,At The Rim,Paint,9,20,0.45,0.24390243902439024
401828884,204.0,5,Unknown 2PT,Midrange,20,22,0.9090909090909091,0.2682926829268293
401828884,204.0,11,Top of Key 3s,3PT,9,20,0.45,0.24390243902439024
401828884,265.0,1,At The Rim,Paint,7,18,0.3888888888888889,0.24
401828884,265.0,5,Unknown 2PT,Midrange,13,18,0.7222222222222222,0.24
401828884,265.0,11,Top of Key 3s,3PT,3,16,0.1875,0.21333333333333335
401828885,2492.0,1,At The Rim,Paint,21,37,0.5675675675675675,0.4625
401828885,2492.0,5,Unknown 2PT,Midrange,10,10,1.0,0.125
401828885,2492.0,11,Top of Key 3s,3PT,10,31,0.3225806451612903,0.3875
401828885,2541.0,1,At The Rim,Paint,8,23,0.34782608695652173,0.27380952380952384
401828885,2541.0,5,Unknown 2PT,Midrange,15,15,1.0,0.17857142857142858
401828885,2541.0,11,Top of Key 3s,3PT,10,38,0.2631578947368421,0.4523809523809524
401828886,2501.0,1,At The Rim,Paint,8,18,0.4444444444444444,0.21428571428571427
401828886,2501.0,5,Unknown 2PT,Midrange,27,31,0.8709677419354839,0.36904761904761907
401828886,2501.0,11,Top of Key 3s,3PT,7,22,0.3181818181818182,0.2619047619047619
401828886,2547.0,1,At The Rim,Paint,13,24,0.5416666666666666,0.36363636363636365
401828886,2547.0,5,Unknown 2PT,Midrange,17,19,0.8947368421052632,0.2878787878787879
401828886,2547.0,11,Top of Key 3s,3PT,5,15,0.3333333333333333,0.22727272727272727
401828887,2539.0,1,At The Rim,Paint,15,24,0.625,0.2926829268292683
401828887,2539.0,5,Unknown 2PT,Midrange,22,24,0.9166666666666666,0.2926829268292683
401828887,2539.0,11,Top of Key 3s,3PT,5,27,0.18518518518518517,0.32926829268292684
401828887,2608.0,1,At The Rim,Paint,10,21,0.47619047619047616,0.3088235294117647
401828887,2608.0,5,Unknown 2PT,Midrange,6,10,0.6,0.14705882352941177
401828887,2608.0,11,Top of Key 3s,3PT,5,15,0.3333333333333333,0.22058823529411764
401829137,2166.0,1,At The Rim,Paint,17,29,0.5862068965517241,0.38666666666666666
401829137,2166.0,5,Unknown 2PT,Midrange,20,21,0.9523809523809523,0.28
401829137,2166.0,11,Top of Key 3s,3PT,6,22,0.2727272727272727,0.29333333333333333
401829137,2670.0,1,At The Rim,Paint,10,26,0.38461538461538464,0.40625
401829137,2670.0,5,Unknown 2PT,Midrange,14,19,0.7368421052631579,0.296875
401829137,2670.0,11,Top of Key 3s,3PT,3,10,0.3,0.15625
401829138,2184.0,1,At The Rim,Paint,4,14,0.2857142857142857,0.2222222222222222
401829138,2184.0,5,Unknown 2PT,Midrange,5,5,1.0,0.07936507936507936
401829138,2184.0,11,Top of Key 3s,3PT,7,25,0.28,0.3968253968253968
401829138,2603.0,1,At The Rim,Paint,8,19,0.42105263157894735,0.2676056338028169
401829138,2603.0,5,Unknown 2PT,Midrange,16,17,0.9411764705882353,0.23943661971830985
401829138,2603.0,11,Top of Key 3s,3PT,7,18,0.3888888888888889,0.2535211267605634
401829139,2244.0,1,At The Rim,Paint,13,19,0.6842105263157895,0.24675324675324675
401829139,2244.0,5,Unknown 2PT,Midrange,24,26,0.9230769230769231,0.33766233766233766
401829139,2244.0,11,Top of Key 3s,3PT,2,15,0.13333333333333333,0.19480519480519481
401829139,2350.0,1,At The Rim,Paint,17,32,0.53125,0.49230769230769234
401829139,2350.0,5,Unknown 2PT,Midrange,17,19,0.8947368421052632,0.2923076923076923
401829139,2350.0,11,Top of Key 3s,3PT,3,11,0.2727272727272727,0.16923076923076924
401829140,227.0,1,At The Rim,Paint,12,27,0.4444444444444444,0.36486486486486486
401829140,227.0,5,Unknown 2PT,Midrange,15,17,0.8823529411764706,0.22972972972972974
401829140,227.0,11,Top of Key 3s,3PT,3,15,0.2,0.20270270270270271
401829140,2325.0,1,At The Rim,Paint,7,15,0.4666666666666667,0.22727272727272727
401829140,2325.0,5,Unknown 2PT,Midrange,13,16,0.8125,0.24242424242424243
401829140,2325.0,11,Top of Key 3s,3PT,4,10,0.4,0.15151515151515152
401829141,45.0,1,At The Rim,Paint,12,20,0.6,0.29850746268656714
401829141,45.0,5,Unknown 2PT,Midrange,11,12,0.9166666666666666,0.1791044776119403
401829141,45.0,11,Top of Key 3s,3PT,3,14,0.21428571428571427,0.208955223880597
401829141,257.0,1,At The Rim,Paint,15,26,0.5769230769230769,0.3880597014925373
401829141,257.0,5,Unknown 2PT,Midrange,7,9,0.7777777777777778,0.13432835820895522
401829141,257.0,11,Top of Key 3s,3PT,5,27,0.18518518518518517,0.40298507462686567
401829142,2166.0,1,At The Rim,Paint,19,28,0.6785714285714286,0.37333333333333335
401829142,2166.0,5,Unknown 2PT,Midrange,16,19,0.8421052631578947,0.25333333333333335
401829142,2166.0,11,Top of Key 3s,3PT,8,20,0.4,0.26666666666666666
401829142,2168.0,1,At The Rim,Paint,18,30,0.6,0.37037037037037035
401829142,2168.0,5,Unknown 2PT,Midrange,27,29,0.9310344827586207,0.35802469135802467
401829142,2168.0,11,Top of Key 3s,3PT,2,12,0.16666666666666666,0.14814814814814814
401829143,227.0,1,At The Rim,Paint,17,28,0.6071428571428571,0.35
401829143,227.0,5,Unknown 2PT,Midrange,22,23,0.9565217391304348,0.2875
401829143,227.0,11,Top of Key 3s,3PT,3,16,0.1875,0.2
401829143,2230.0,1,At The Rim,Paint,8,23,0.34782608695652173,0.359375
401829143,2230.0,5,Unknown 2PT,Midrange,4,5,0.8,0.078125
401829143,2230.0,11,Top of Key 3s,3PT,2,10,0.2,0.15625
401829144,45.0,1,At The Rim,Paint,5,12,0.4166666666666667,0.17647058823529413
401829144,45.0,5,Unknown 2PT,Midrange,13,16,0.8125,0.23529411764705882
401829144,45.0,11,Top of Key 3s,3PT,7,19,0.3684210526315789,0.27941176470588236
401829144,2244.0,1,At The Rim,Paint,11,22,0.5,0.28205128205128205
401829144,2244.0,5,Unknown 2PT,Midrange,18,19,0.9473684210526315,0.24358974358974358
401829144,2244.0,11,Top of Key 3s,3PT,3,12,0.25,0.15384615384615385
401829145,179.0,1,At The Rim,Paint,9,13,0.6923076923076923,0.17105263157894737
401829145,179.0,5,Unknown 2PT,Midrange,21,24,0.875,0.3157894736842105
401829145,179.0,11,Top of Key 3s,3PT,3,13,0.23076923076923078,0.17105263157894737
401829145,2350.0,1,At The Rim,Paint,9,21,0.42857142857142855,0.25925925925925924
401829145,2350.0,5,Unknown 2PT,Midrange,28,30,0.9333333333333333,0.37037037037037035
401829145,2350.0,11,Top of Key 3s,3PT,4,16,0.25,0.19753086419753085
401829146,139.0,1,At The Rim,Paint,11,27,0.4074074074074074,0.3375
401829146,139.0,5,Unknown 2PT,Midrange,21,21,1.0,0.2625
401829146,139.0,11,Top of Key 3s,3PT,2,16,0.125,0.2
401829146,2603.0,1,At The Rim,Paint,12,16,0.75,0.26229508196721313
401829146,2603.0,5,Unknown 2PT,Midrange,14,14,1.0,0.22950819672131148
401829146,2603.0,11,Top of Key 3s,3PT,7,18,0.3888888888888889,0.29508196721311475
401829147,2184.0,1,At The Rim,Paint,8,13,0.6153846153846154,0.17567567567567569
401829147,2184.0,5,Unknown 2PT,Midrange,11,11,1.0,0.14864864864864866
401829147,2184.0,11,Top of Key 3s,3PT,11,26,0.4230769230769231,0.35135135135135137
401829147,2670.0,1,At The Rim,Paint,11,15,0.7333333333333333,0.22058823529411764
401829147,2670.0,5,Unknown 2PT,Midrange,13,14,0.9285714285714286,0.20588235294117646
401829147,2670.0,11,Top of Key 3s,3PT,8,19,0.42105263157894735,0.27941176470588236
401829525,2582.0,1,At The Rim,Paint,10,26,0.38461538461538464,0.3023255813953488
401829525,2582.0,5,Unknown 2PT,Midrange,30,31,0.967741935483871,0.36046511627906974
401829525,2582.0,11,Top of Key 3s,3PT,4,13,0.3076923076923077,0.1511627906976744
401829525,2755.0,1,At The Rim,Paint,8,20,0.4,0.2777777777777778
401829525,2755.0,5,Unknown 2PT,Midrange,22,24,0.9166666666666666,0.3333333333333333
401829525,2755.0,11,Top of Key 3s,3PT,1,12,0.08333333333333333,0.16666666666666666
401829591,36.0,1,At The Rim,Paint,13,25,0.52,0.33783783783783783
401829591,36.0,5,Unknown 2PT,Midrange,15,15,1.0,0.20270270270270271
401829591,36.0,11,Top of Key 3s,3PT,5,19,0.2631578947368421,0.25675675675675674
401829591,2440.0,1,At The Rim,Paint,7,12,0.5833333333333334,0.15584415584415584
401829591,2440.0,5,Unknown 2PT,Midrange,17,19,0.8947368421052632,0.24675324675324675
401829591,2440.0,11,Top of Key 3s,3PT,2,15,0.13333333333333333,0.19480519480519481
401829592,2439.0,1,At The Rim,Paint,14,21,0.6666666666666666,0.28378378378378377
401829592,2439.0,5,Unknown 2PT,Midrange,19,20,0.95,0.2702702702702703
401829592,2439.0,11,Top of Key 3s,3PT,10,23,0.43478260869565216,0.3108108108108108
401829592,2440.0,1,At The Rim,Paint,18,27,0.6666666666666666,0.36486486486486486
401829592,2440.0,5,Unknown 2PT,Midrange,13,13,1.0,0.17567567567567569
401829592,2440.0,11,Top of Key 3s,3PT,2,12,0.16666666666666666,0.16216216216216217
401829597,23.0,1,At The Rim,Paint,2,14,0.14285714285714285,0.20588235294117646
401829597,23.0,5,Unknown 2PT,Midrange,14,15,0.9333333333333333,0.22058823529411764
401829597,23.0,11,Top of Key 3s,3PT,9,26,0.34615384615384615,0.38235294117647056
401829597,68.0,1,At The Rim,Paint,6,14,0.42857142857142855,0.1917808219178082
401829597,68.0,5,Unknown 2PT,Midrange,8,8,1.0,0.1095890410958904
401829597,68.0,11,Top of Key 3s,3PT,9,21,0.42857142857142855,0.2876712328767123
401829613,167.0,1,At The Rim,Paint,15,28,0.5357142857142857,0.35443037974683544
401829613,167.0,5,Unknown 2PT,Midrange,19,19,1.0,0.24050632911392406
401829613,167.0,11,Top of Key 3s,3PT,5,20,0.25,0.25316455696202533
401829613,2253.0,1,At The Rim,Paint,8,15,0.5333333333333333,0.2054794520547945
401829613,2253.0,5,Unknown 2PT,Midrange,18,18,1.0,0.2465753424657534
401829613,2253.0,11,Top of Key 3s,3PT,9,29,0.3103448275862069,0.3972602739726027
401829614,328.0,1,At The Rim,Paint,11,26,0.4230769230769231,0.4642857142857143
401829614,328.0,5,Unknown 2PT,Midrange,6,8,0.75,0.14285714285714285
401829614,328.0,11,Top of Key 3s,3PT,4,14,0.2857142857142857,0.25
401829614,2253.0,1,At The Rim,Paint,19,32,0.59375,0.43243243243243246
401829614,2253.0,5,Unknown 2PT,Midrange,13,13,1.0,0.17567567567567569
401829614,2253.0,11,Top of Key 3s,3PT,2,14,0.14285714285714285,0.1891891891891892
401829771,23.0,1,At The Rim,Paint,8,22,0.36363636363636365,0.29333333333333333
401829771,23.0,5,Unknown 2PT,Midrange,24,24,1.0,0.32
401829771,23.0,11,Top of Key 3s,3PT,6,21,0.2857142857142857,0.28
401829771,328.0,1,At The Rim,Paint,14,21,0.6666666666666666,0.2727272727272727
401829771,328.0,5,Unknown 2PT,Midrange,11,17,0.6470588235294118,0.22077922077922077
401829771,328.0,11,Top of Key 3s,3PT,3,28,0.10714285714285714,0.36363636363636365
401830084,2169.0,1,At The Rim,Paint,18,25,0.72,0.32894736842105265
401830084,2169.0,5,Unknown 2PT,Midrange,21,21,1.0,0.27631578947368424
401830084,2169.0,11,Top of Key 3s,3PT,4,15,0.26666666666666666,0.19736842105263158
401830084,2415.0,1,At The Rim,Paint,12,22,0.5454545454545454,0.2894736842105263
401830084,2415.0,5,Unknown 2PT,Midrange,28,29,0.9655172413793104,0.3815789473684211
401830084,2415.0,11,Top of Key 3s,3PT,3,14,0.21428571428571427,0.18421052631578946
401830442,21.0,1,At The Rim,Paint,10,19,0.5263157894736842,0.2235294117647059
401830442,21.0,5,Unknown 2PT,Midrange,11,12,0.9166666666666666,0.1411764705882353
401830442,21.0,11,Top of Key 3s,3PT,11,32,0.34375,0.3764705882352941
401830442,2439.0,1,At The Rim,Paint,8,17,0.47058823529411764,0.22077922077922077
401830442,2439.0,5,Unknown 2PT,Midrange,12,13,0.9230769230769231,0.16883116883116883
401830442,2439.0,11,Top of Key 3s,3PT,6,17,0.35294117647058826,0.22077922077922077
401830443,21.0,1,At The Rim,Paint,7,10,0.7,0.13157894736842105
401830443,21.0,5,Unknown 2PT,Midrange,18,19,0.9473684210526315,0.25
401830443,21.0,11,Top of Key 3s,3PT,7,26,0.2692307692307692,0.34210526315789475
401830443,278.0,1,At The Rim,Paint,11,16,0.6875,0.19753086419753085
401830443,278.0,5,Unknown 2PT,Midrange,27,27,1.0,0.3333333333333333
401830443,278.0,11,Top of Key 3s,3PT,2,11,0.18181818181818182,0.13580246913580246
401831154,82.0,1,At The Rim,Paint,14,22,0.6363636363636364,0.2619047619047619
401831154,82.0,5,Unknown 2PT,Midrange,24,25,0.96,0.2976190476190476
401831154,82.0,11,Top of Key 3s,3PT,7,14,0.5,0.16666666666666666
401831154,282.0,1,At The Rim,Paint,15,29,0.5172413793103449,0.3493975903614458
401831154,282.0,5,Unknown 2PT,Midrange,25,25,1.0,0.30120481927710846
401831154,282.0,11,Top of Key 3s,3PT,7,17,0.4117647058823529,0.20481927710843373
401831155,79.0,1,At The Rim,Paint,9,21,0.42857142857142855,0.31343283582089554
401831155,79.0,5,Unknown 2PT,Midrange,10,10,1.0,0.14925373134328357
401831155,79.0,11,Top of Key 3s,3PT,4,11,0.36363636363636365,0.16417910447761194
401831155,2460.0,1,At The Rim,Paint,13,22,0.5909090909090909,0.3013698630136986
401831155,2460.0,5,Unknown 2PT,Midrange,14,14,1.0,0.1917808219178082
401831155,2460.0,11,Top of Key 3s,3PT,10,23,0.43478260869565216,0.3150684931506849
401831156,2181.0,1,At The Rim,Paint,17,31,0.5483870967741935,0.36470588235294116
401831156,2181.0,5,Unknown 2PT,Midrange,25,25,1.0,0.29411764705882354
401831156,2181.0,11,Top of Key 3s,3PT,8,18,0.4444444444444444,0.21176470588235294
401831156,2674.0,1,At The Rim,Paint,9,23,0.391304347826087,0.2875
401831156,2674.0,5,Unknown 2PT,Midrange,14,14,1.0,0.175
401831156,2674.0,11,Top of Key 3s,3PT,10,33,0.30303030303030304,0.4125
401831157,2057.0,1,At The Rim,Paint,13,19,0.6842105263157895,0.20430107526881722
401831157,2057.0,5,Unknown 2PT,Midrange,21,21,1.0,0.22580645161290322
401831157,2057.0,11,Top of Key 3s,3PT,11,41,0.2682926829268293,0.44086021505376344
401831157,2287.0,1,At The Rim,Paint,15,27,0.5555555555555556,0.32926829268292684
401831157,2287.0,5,Unknown 2PT,Midrange,27,27,1.0,0.32926829268292684
401831157,2287.0,11,Top of Key 3s,3PT,7,14,0.5,0.17073170731707318
401831158,71.0,1,At The Rim,Paint,6,13,0.46153846153846156,0.16883116883116883
401831158,71.0,5,Unknown 2PT,Midrange,15,15,1.0,0.19480519480519481
401831158,71.0,11,Top of Key 3s,3PT,1,10,0.1,0.12987012987012986
401831158,93.0,1,At The Rim,Paint,12,20,0.6,0.22727272727272727
401831158,93.0,5,Unknown 2PT,Midrange,21,23,0.9130434782608695,0.26136363636363635
401831158,93.0,11,Top of Key 3s,3PT,7,24,0.2916666666666667,0.2727272727272727
401831159,339.0,1,At The Rim,Paint,8,22,0.36363636363636365,0.25
401831159,339.0,5,Unknown 2PT,Midrange,15,16,0.9375,0.18181818181818182
401831159,339.0,11,Top of Key 3s,3PT,8,26,0.3076923076923077,0.29545454545454547
401831159,2460.0,1,At The Rim,Paint,16,38,0.42105263157894735,0.4634146341463415
401831159,2460.0,5,Unknown 2PT,Midrange,15,16,0.9375,0.1951219512195122
401831159,2460.0,11,Top of Key 3s,3PT,5,14,0.35714285714285715,0.17073170731707318
401831160,79.0,1,At The Rim,Paint,10,27,0.37037037037037035,0.2967032967032967
401831160,79.0,5,Unknown 2PT,Midrange,20,21,0.9523809523809523,0.23076923076923078
401831160,79.0,11,Top of Key 3s,3PT,4,13,0.3076923076923077,0.14285714285714285
401831160,282.0,1,At The Rim,Paint,14,30,0.4666666666666667,0.3409090909090909
401831160,282.0,5,Unknown 2PT,Midrange,21,23,0.9130434782608695,0.26136363636363635
401831160,282.0,11,Top of Key 3s,3PT,9,21,0.42857142857142855,0.23863636363636365
401831333,36.0,1,At The Rim,Paint,18,24,0.75,0.38095238095238093
401831333,36.0,5,Unknown 2PT,Midrange,15,18,0.8333333333333334,0.2857142857142857
401831333,36.0,11,Top of Key 3s,3PT,2,13,0.15384615384615385,0.20634920634920634
401831333,2751.0,1,At The Rim,Paint,6,16,0.375,0.23529411764705882
401831333,2751.0,5,Unknown 2PT,Midrange,10,15,0.6666666666666666,0.22058823529411764
401831333,2751.0,11,Top of Key 3s,3PT,6,21,0.2857142857142857,0.3088235294117647
401857720,91.0,1,At The Rim,Paint,6,19,0.3157894736842105,0.25333333333333335
401857720,91.0,5,Unknown 2PT,Midrange,15,16,0.9375,0.21333333333333335
401857720,91.0,11,Top of Key 3s,3PT,7,22,0.3181818181818182,0.29333333333333333
401857720,2453.0,1,At The Rim,Paint,17,22,0.7727272727272727,0.2682926829268293
401857720,2453.0,5,Unknown 2PT,Midrange,14,14,1.0,0.17073170731707318
401857720,2453.0,11,Top of Key 3s,3PT,6,24,0.25,0.2926829268292683
401858717,145.0,1,At The Rim,Paint,16,25,0.64,0.25510204081632654
401858717,145.0,5,Unknown 2PT,Midrange,39,41,0.9512195121951219,0.41836734693877553
401858717,145.0,11,Top of Key 3s,3PT,3,11,0.2727272727272727,0.11224489795918367
401858717,2633.0,1,At The Rim,Paint,10,19,0.5263157894736842,0.2235294117647059
401858717,2633.0,5,Unknown 2PT,Midrange,15,16,0.9375,0.18823529411764706
401858717,2633.0,11,Top of Key 3s,3PT,10,24,0.4166666666666667,0.2823529411764706
401858788,2428.0,1,At The Rim,Paint,14,36,0.3888888888888889,0.43902439024390244
401858788,2428.0,5,Unknown 2PT,Midrange,22,23,0.9565217391304348,0.2804878048780488
401858788,2428.0,11,Top of Key 3s,3PT,5,15,0.3333333333333333,0.18292682926829268
401858788,2569.0,1,At The Rim,Paint,6,24,0.25,0.2823529411764706
401858788,2569.0,5,Unknown 2PT,Midrange,22,23,0.9565217391304348,0.27058823529411763
401858788,2569.0,11,Top of Key 3s,3PT,8,24,0.3333333333333333,0.2823529411764706
401859188,235.0,1,At The Rim,Paint,12,17,0.7058823529411765,0.21518987341772153
401859188,235.0,5,Unknown 2PT,Midrange,17,21,0.8095238095238095,0.26582278481012656
401859188,235.0,11,Top of Key 3s,3PT,2,20,0.1,0.25316455696202533
401859188,2655.0,1,At The Rim,Paint,13,22,0.5909090909090909,0.3013698630136986
401859188,2655.0,5,Unknown 2PT,Midrange,24,25,0.96,0.3424657534246575
401859188,2655.0,11,Top of Key 3s,3PT,4,12,0.3333333333333333,0.1643835616438356
