athlete_id,athlete_display_name,team_id,team_name,team_display_name,team_location,athlete_position_name,athlete_position_abbreviation,games_played,minutes,field_goals_made,field_goals_attempted,three_point_field_goals_made,three_point_field_goals_attempted,free_throws_made,free_throws_attempted,offensive_rebounds,defensive_rebounds,rebounds,assists,steals,blocks,turnovers,fouls,points,games_started,team_score,opponent_team_score,minutes_per_game,points_per_game,rebounds_per_game,assists_per_game,steals_per_game,blocks_per_game,turnovers_per_game,points_per_40,rebounds_per_40,assists_per_40,steals_per_40,blocks_per_40,turnovers_per_40,fg_pct,three_pt_pct,ft_pct,efg_pct,ts_pct,best_ap_rank,is_ap_top25,height_inches,class_year,roster_position,previous_school,is_redshirt,conference,division,team_state,hometown_clean,state_clean,country_clean,year_numeric,is_transfer,team_state_long,is_homestate_transfer,is_hometown_transfer
4433411.0,Angela Dugalic,26,Bruins,UCLA Bruins,UCLA,Forward,F,38,904.0,136.0,271.0,29.0,89.0,40.0,54.0,62.0,152.0,214.0,82.0,42.0,24.0,70.0,76.0,341.0,3,83.9,56.4,23.8,9.0,5.6,2.2,1.1,0.6,1.8,15.1,9.5,3.6,1.9,1.1,3.1,50.2,32.6,74.1,55.5,57.8,2.0,True,76.0,Graduate Student,FORWARD,Oregon,False,Big Ten,I,CA,"DES PLAINES, ILL",IL,USA,5.0,True,California,False,False
4433419.0,Alli Campbell,2217,Stags,Fairfield Stags,Fairfield,Guard,G,24,342.0,20.0,63.0,5.0,18.0,17.0,18.0,16.0,28.0,44.0,22.0,13.0,2.0,13.0,29.0,62.0,5,75.5,53.6,14.2,2.6,1.8,0.9,0.5,0.1,0.5,7.3,5.1,2.6,1.5,0.2,1.5,31.7,27.8,94.4,35.7,43.7,25.0,True,72.0,Graduate Student,GUARD,Penn State,False,MAAC,I,CT,"ALTOONA, PA",PA,USA,5.0,True,,False,False
4433420.0,Maddie Scherr,2628,Horned Frogs,TCU Horned Frogs,TCU,Guard,G,20,464.0,34.0,88.0,28.0,73.0,11.0,14.0,5.0,58.0,63.0,59.0,22.0,17.0,18.0,42.0,107.0,18,79.6,54.2,23.2,5.4,3.2,3.0,1.1,0.8,0.9,9.2,5.4,5.1,1.9,1.5,1.6,38.6,38.4,78.6,54.5,56.8,8.0,True,70.0,Graduate Student,GUARD,Kentucky / Oregon,False,Big 12,I,TX,"FLORENCE, KY",KY,USA,5.0,True,Texas,False,False
4433434.0,Jana Van Gytenbeek,239,Bears,Baylor Bears,Baylor,Guard,G,34,1088.0,83.0,231.0,48.0,136.0,38.0,52.0,7.0,76.0,83.0,200.0,35.0,2.0,96.0,66.0,252.0,34,70.6,60.3,32.0,7.4,2.4,5.9,1.0,0.1,2.8,9.3,3.1,7.4,1.3,0.1,3.5,35.9,35.3,73.1,46.3,49.6,7.0,True,67.0,Graduate Student,GUARD,Stanford,False,Big 12,I,TX,"GREENWOOD VILLAGE, COLO",CO,USA,5.0,True,Texas,False,False
4433517.0,Latasha Lattimore,145,Rebels,Ole Miss Rebels,Ole Miss,Forward,F,36,955.0,145.0,301.0,15.0,47.0,86.0,121.0,81.0,141.0,222.0,38.0,21.0,74.0,76.0,49.0,391.0,19,75.2,62.2,26.5,10.9,6.2,1.1,0.6,2.1,2.1,16.4,9.3,1.6,0.9,3.1,3.2,48.2,31.9,71.1,50.7,55.2,12.0,True,76.0,Senior,FORWARD,Virginia,False,SEC,I,MS,"TORONTO, ONTARIO",,CANADA,4.0,True,Mississippi,False,False
4433518.0,Payton Verhulst,201,Sooners,Oklahoma Sooners,Oklahoma,Guard,G,34,1044.0,157.0,379.0,51.0,170.0,43.0,53.0,58.0,128.0,186.0,103.0,50.0,31.0,59.0,57.0,408.0,34,85.9,68.6,30.7,12.0,5.5,3.0,1.5,0.9,1.7,15.6,7.1,3.9,1.9,1.2,2.3,41.4,30.0,81.1,48.2,50.7,5.0,True,73.0,Senior,GUARD,Louisville,True,SEC,I,OK,"DE SOTO, KAN",KS,USA,4.0,True,Oklahoma,False,False
4433523.0,Rori Harmon,251,Longhorns,Texas Longhorns,Texas,Guard,G,39,1153.0,133.0,294.0,13.0,29.0,49.0,69.0,15.0,118.0,133.0,246.0,109.0,6.0,65.0,54.0,328.0,39,83.9,55.8,29.6,8.4,3.4,6.3,2.8,0.2,1.7,11.4,4.6,8.5,3.8,0.2,2.3,45.2,44.8,71.0,47.4,50.6,2.0,True,66.0,Graduate Student,GUARD,,False,SEC,I,TX,"HOUSTON, TEXAS",TX,USA,5.0,False,Texas,False,False
4433526.0,Jada Malone,2641,Lady Raiders,Texas Tech Lady Raiders,Texas Tech,Forward,F,34,519.0,88.0,146.0,0.0,0.0,63.0,82.0,50.0,67.0,117.0,25.0,19.0,6.0,54.0,95.0,239.0,1,70.8,59.1,15.3,7.0,3.4,0.7,0.6,0.2,1.6,18.4,9.0,1.9,1.5,0.5,4.2,60.3,,76.8,60.3,65.6,16.0,True,75.0,Senior,FORWARD,Texas A&M,True,Big 12,I,TX,"SPRING, TEXAS",TX,USA,4.0,True,Texas,True,False
4433530.0,Malaya Cowles,87,Fighting Irish,Notre Dame Fighting Irish,Notre Dame,Forward,F,33,916.0,118.0,227.0,0.0,0.0,25.0,41.0,66.0,110.0,176.0,47.0,55.0,27.0,58.0,97.0,261.0,26,75.2,65.6,27.8,7.9,5.3,1.4,1.7,0.8,1.8,11.4,7.7,2.1,2.4,1.2,2.5,52.0,,61.0,52.0,53.3,15.0,True,75.0,Graduate Student,FORWARD,Wake Forest,False,ACC,I,IN,"WILKESBORO, NC",NC,USA,5.0,True,Indiana,False,False
4433534.0,Caroline Ducharme,41,Huskies,UConn Huskies,UConn,Guard,G,25,185.0,13.0,49.0,4.0,23.0,6.0,8.0,9.0,35.0,44.0,21.0,7.0,5.0,15.0,8.0,36.0,1,88.9,47.8,7.4,1.4,1.8,0.8,0.3,0.2,0.6,7.8,9.5,4.5,1.5,1.1,3.2,26.5,17.4,75.0,30.6,34.3,1.0,True,74.0,Senior,GUARD,,True,Big East,I,CT,"MILTON, MASS",MA,USA,4.0,False,Connecticut,False,False
4433536.0,Iyana Moore,87,Fighting Irish,Notre Dame Fighting Irish,Notre Dame,Guard,G,34,1079.0,131.0,335.0,80.0,215.0,60.0,69.0,9.0,106.0,115.0,45.0,46.0,10.0,57.0,79.0,402.0,23,75.3,65.7,31.7,11.8,3.4,1.3,1.4,0.3,1.7,14.9,4.3,1.7,1.7,0.4,2.1,39.1,37.2,87.0,51.0,55.0,15.0,True,68.0,Graduate Student,GUARD,Vanderbilt,False,ACC,I,IN,"MILWAUKEE, WI",WI,USA,5.0,True,Indiana,False,False
4433542.0,Saylor Poffenbarger,120,Terrapins,Maryland Terrapins,Maryland,Guard,G,31,927.0,106.0,275.0,46.0,149.0,37.0,50.0,39.0,184.0,223.0,100.0,60.0,20.0,66.0,56.0,295.0,31,81.5,66.1,29.9,9.5,7.2,3.2,1.9,0.6,2.1,12.7,9.6,4.3,2.6,0.9,2.8,38.5,30.9,74.0,46.9,49.7,7.0,True,74.0,Senior,GUARD,UConn/Arkansas,True,Big Ten,I,MD,"MIDDLETOWN, MD",MD,USA,4.0,True,Maryland,True,False
4433737.0,Mir McLean,120,Terrapins,Maryland Terrapins,Maryland,Guard,G,32,463.0,59.0,92.0,0.0,0.0,39.0,56.0,64.0,67.0,131.0,24.0,31.0,6.0,27.0,47.0,157.0,8,82.2,63.6,14.5,4.9,4.1,0.8,1.0,0.2,0.8,13.6,11.3,2.1,2.7,0.5,2.3,64.1,,69.6,64.1,67.3,7.0,True,71.0,Graduate Student,GUARD,UConn/Virginia,False,Big Ten,I,MD,"BALTIMORE, MD",MD,USA,5.0,True,Maryland,True,False
4433790.0,Azzi Fudd,41,Huskies,UConn Huskies,UConn,Guard,G,39,1123.0,257.0,534.0,117.0,262.0,42.0,44.0,29.0,72.0,101.0,122.0,98.0,18.0,58.0,32.0,673.0,39,86.8,50.4,28.8,17.3,2.6,3.1,2.5,0.5,1.5,24.0,3.6,4.3,3.5,0.6,2.1,48.1,44.7,95.5,59.1,60.8,1.0,True,71.0,Graduate Student,GUARD,,False,Big East,I,CT,"ARLINGTON, VA",VA,USA,5.0,False,Connecticut,False,False
4433791.0,Olivia Miles,2628,Horned Frogs,TCU Horned Frogs,TCU,Guard,G,38,1344.0,268.0,557.0,73.0,208.0,135.0,161.0,20.0,253.0,273.0,252.0,68.0,10.0,142.0,79.0,744.0,38,76.8,56.9,35.4,19.6,7.2,6.6,1.8,0.3,3.7,22.1,8.1,7.5,2.0,0.3,4.2,48.1,35.1,83.9,54.7,59.3,8.0,True,70.0,Graduate Student,GUARD,Notre Dame,False,Big 12,I,TX,"PHILLIPSBURG, NJ",NJ,USA,5.0,True,Texas,False,False
4433797.0,Raven Johnson,2579,Gamecocks,South Carolina Gamecocks,South Carolina,Guard,G,40,1144.0,156.0,321.0,41.0,103.0,41.0,50.0,31.0,128.0,159.0,202.0,60.0,25.0,64.0,62.0,394.0,40,85.6,57.8,28.6,9.8,4.0,5.0,1.5,0.6,1.6,13.8,5.6,7.1,2.1,0.9,2.2,48.6,39.8,82.0,55.0,57.4,2.0,True,69.0,Senior,GUARD,,False,SEC,I,SC,"ATLANTA, GA",GA,USA,4.0,False,South Carolina,False,False
4433798.0,Taylor Bigby,2628,Horned Frogs,TCU Horned Frogs,TCU,Guard,G,38,993.0,108.0,245.0,65.0,167.0,31.0,42.0,16.0,71.0,87.0,42.0,27.0,7.0,31.0,48.0,312.0,20,76.8,56.9,26.1,8.2,2.3,1.1,0.7,0.2,0.8,12.6,3.5,1.7,1.1,0.3,1.2,44.1,38.9,73.8,57.3,59.2,8.0,True,73.0,Senior,GUARD,USC / Oregon,True,Big 12,I,TX,"LAS VEGAS, NEV",NV,USA,4.0,True,Texas,False,False
4433799.0,Jersey Wolfenbarger,2633,Lady Volunteers,Tennessee Lady Volunteers,Tennessee,Forward,F,18,144.0,8.0,19.0,0.0,0.0,4.0,9.0,17.0,14.0,31.0,1.0,10.0,9.0,5.0,24.0,20.0,0,79.8,65.6,8.0,1.1,1.7,0.1,0.6,0.5,0.3,5.6,8.6,0.3,2.8,2.5,1.4,42.1,,44.4,42.1,43.6,8.0,True,77.0,Senior,FORWARD,Arkansas/LSU,False,SEC,I,TN,"FORT SMITH, ARK",AR,USA,4.0,True,Tennessee,False,False
4433811.0,Jessica Timmons,333,Crimson Tide,Alabama Crimson Tide,Alabama,Guard,G,35,1118.0,188.0,433.0,74.0,188.0,121.0,143.0,25.0,133.0,158.0,81.0,28.0,1.0,70.0,85.0,571.0,35,70.0,61.6,31.9,16.3,4.5,2.3,0.8,0.0,2.0,20.4,5.7,2.9,1.0,0.0,2.5,43.4,39.4,84.6,52.0,57.6,21.0,True,68.0,Senior,GUARD,NC State,True,SEC,I,AL,"CHARLOTTE, NC",NC,USA,4.0,True,Alabama,False,False
4433985.0,Kylie Feuerbach,2294,Hawkeyes,Iowa Hawkeyes,Iowa,Guard,G,31,892.0,47.0,153.0,29.0,106.0,36.0,42.0,9.0,56.0,65.0,86.0,36.0,14.0,52.0,67.0,159.0,30,75.5,64.8,28.8,5.1,2.1,2.8,1.2,0.5,1.7,7.1,2.9,3.9,1.6,0.6,2.3,30.7,27.4,85.7,40.2,46.4,8.0,True,72.0,Graduate Student,GUARD,Iowa State,False,Big Ten,I,IA,"SYCAMORE, ILL",IL,USA,5.0,True,Iowa,False,False
4433999.0,Sacha Washington,238,Commodores,Vanderbilt Commodores,Vanderbilt,Forward,F,33,766.0,135.0,236.0,0.0,0.0,66.0,95.0,130.0,122.0,252.0,59.0,32.0,25.0,51.0,66.0,336.0,33,84.4,64.8,23.2,10.2,7.6,1.8,1.0,0.8,1.5,17.5,13.2,3.1,1.7,1.3,2.7,57.2,,69.5,57.2,60.5,5.0,True,74.0,Graduate Student,FORWARD,,False,SEC,I,TN,"LAWRENCEVILLE, GA",GA,USA,5.0,False,Tennessee,False,False
4434014.0,Kaiya Wynn,2633,Lady Volunteers,Tennessee Lady Volunteers,Tennessee,Guard,G,8,52.0,2.0,5.0,0.0,0.0,1.0,8.0,4.0,7.0,11.0,4.0,6.0,0.0,2.0,3.0,5.0,0,90.9,45.8,6.5,0.6,1.4,0.5,0.8,0.0,0.2,3.8,8.5,3.1,4.6,0.0,1.5,40.0,,12.5,40.0,29.3,8.0,True,,Senior,GUARD,,True,SEC,I,TN,"NASHVILLE, TENN",TN,USA,4.0,False,Tennessee,False,False
4434019.0,Maryam Dauda,2579,Gamecocks,South Carolina Gamecocks,South Carolina,Forward,F,37,422.0,31.0,70.0,5.0,22.0,37.0,48.0,38.0,70.0,108.0,11.0,11.0,25.0,22.0,37.0,104.0,0,85.8,56.6,11.4,2.8,2.9,0.3,0.3,0.7,0.6,9.9,10.2,1.0,1.0,2.4,2.1,44.3,22.7,77.1,47.9,57.1,2.0,True,76.0,Senior,FORWARD,Arkansas,False,SEC,I,SC,"BENTONVILLE, ARK",AR,USA,4.0,True,South Carolina,False,False
4434020.0,Teonni Key,96,Wildcats,Kentucky Wildcats,Kentucky,Forward,F,28,750.0,125.0,244.0,2.0,15.0,67.0,96.0,77.0,133.0,210.0,33.0,20.0,36.0,56.0,63.0,319.0,28,76.0,60.2,26.8,11.4,7.5,1.2,0.7,1.3,2.0,17.0,11.2,1.8,1.1,1.9,3.0,51.2,13.3,69.8,51.6,55.7,6.0,True,77.0,Senior,FORWARD,North Carolina,False,SEC,I,KY,"CARY, NC",NC,USA,4.0,True,Kentucky,False,False
4565501.0,Janiah Barker,2633,Lady Volunteers,Tennessee Lady Volunteers,Tennessee,Forward,F,27,645.0,133.0,286.0,38.0,104.0,81.0,111.0,56.0,123.0,179.0,33.0,30.0,23.0,71.0,67.0,385.0,20,77.0,68.7,23.9,14.3,6.6,1.2,1.1,0.9,2.6,23.9,11.1,2.0,1.9,1.4,4.4,46.5,36.5,73.0,53.1,57.5,8.0,True,76.0,Senior,FORWARD,Texas A&M/UCLA,False,SEC,I,TN,"MARIETTA, GA",GA,USA,4.0,True,Tennessee,False,False
4565505.0,Kiki Rice,26,Bruins,UCLA Bruins,UCLA,Guard,G,38,1170.0,192.0,392.0,35.0,91.0,148.0,164.0,56.0,167.0,223.0,163.0,57.0,15.0,64.0,67.0,567.0,37,83.9,56.4,30.8,14.9,5.9,4.3,1.5,0.4,1.7,19.4,7.6,5.6,1.9,0.5,2.2,49.0,38.5,90.2,53.4,61.1,2.0,True,71.0,Senior,GUARD,,False,Big Ten,I,CA,"BETHESDA, MD",MD,USA,4.0,False,California,False,False
4565506.0,Londynn Jones,30,Trojans,USC Trojans,USC,Guard,G,32,769.0,110.0,287.0,51.0,156.0,65.0,77.0,9.0,42.0,51.0,52.0,22.0,6.0,60.0,68.0,336.0,16,69.7,64.2,24.0,10.5,1.6,1.6,0.7,0.2,1.9,17.5,2.7,2.7,1.1,0.3,3.1,38.3,32.7,84.4,47.2,52.4,8.0,True,64.0,Senior,GUARD,,False,Big Ten,I,CA,"RIVERSIDE, CALIF",CA,USA,4.0,False,California,False,False
4565508.0,KK Bransford,87,Fighting Irish,Notre Dame Fighting Irish,Notre Dame,Guard,G,24,602.0,71.0,150.0,6.0,22.0,30.0,48.0,36.0,61.0,97.0,31.0,26.0,8.0,42.0,40.0,178.0,9,77.2,63.3,25.1,7.4,4.0,1.3,1.1,0.3,1.8,11.8,6.4,2.1,1.7,0.5,2.8,47.3,27.3,62.5,49.3,52.0,15.0,True,71.0,Senior,GUARD,,False,ACC,I,IN,"CINCINNATI, OH",OH,USA,4.0,False,Indiana,False,False
4565510.0,Nyla Harris,153,Tar Heels,North Carolina Tar Heels,North Carolina,Forward,F,35,833.0,156.0,271.0,2.0,15.0,85.0,108.0,108.0,132.0,240.0,30.0,34.0,10.0,56.0,78.0,399.0,31,74.1,59.4,23.8,11.4,6.9,0.9,1.0,0.3,1.6,19.2,11.5,1.4,1.6,0.5,2.7,57.6,13.3,78.7,57.9,62.6,11.0,True,74.0,Senior,FORWARD,Louisville,False,ACC,I,NC,"ORLANDO, FLA",FL,USA,4.0,True,North Carolina,False,False
4565511.0,Sydney Shaw,277,Mountaineers,West Virginia Mountaineers,West Virginia,Guard,G,35,1117.0,155.0,360.0,95.0,224.0,35.0,45.0,19.0,143.0,162.0,79.0,66.0,14.0,61.0,54.0,440.0,35,76.3,58.4,31.9,12.6,4.6,2.3,1.9,0.4,1.7,15.8,5.8,2.8,2.4,0.5,2.2,43.1,42.4,77.8,56.2,57.9,15.0,True,69.0,Senior,GUARD,,False,Big 12,I,WV,"MIAMI, FLA",FL,USA,4.0,False,West Virginia,False,False
4565515.0,Tonie Morgan,96,Wildcats,Kentucky Wildcats,Kentucky,Guard,G,36,1244.0,176.0,377.0,21.0,61.0,122.0,167.0,21.0,90.0,111.0,286.0,34.0,22.0,133.0,73.0,495.0,36,74.9,60.9,34.6,13.8,3.1,7.9,0.9,0.6,3.7,15.9,3.6,9.2,1.1,0.7,4.3,46.7,34.4,73.1,49.5,54.9,6.0,True,69.0,Senior,GUARD,Georgia Tech,False,SEC,I,KY,"TALLAHASSEE, FLA",FL,USA,4.0,True,Kentucky,False,False
4565525.0,Amiya Joyner,99,Tigers,LSU Tigers,LSU,Forward,F,34,709.0,126.0,211.0,0.0,0.0,62.0,90.0,100.0,154.0,254.0,41.0,24.0,23.0,45.0,46.0,314.0,19,94.4,61.2,20.9,9.2,7.5,1.2,0.7,0.7,1.3,17.7,14.3,2.3,1.4,1.3,2.5,59.7,,68.9,59.7,62.6,5.0,True,74.0,Senior,FORWARD,East Carolina,False,SEC,I,LA,"FARMVILLE, NC",NC,USA,4.0,True,Louisiana,False,False
4583144.0,Cotie McMahon,145,Rebels,Ole Miss Rebels,Ole Miss,Forward,F,36,1080.0,246.0,546.0,36.0,126.0,175.0,238.0,47.0,138.0,185.0,109.0,40.0,15.0,99.0,80.0,703.0,36,75.2,62.2,30.0,19.5,5.1,3.0,1.1,0.4,2.8,26.0,6.9,4.0,1.5,0.6,3.7,45.1,28.6,73.5,48.4,54.0,12.0,True,72.0,Senior,FORWARD,Ohio State,False,SEC,I,MS,"DAYTON, OHIO",OH,USA,4.0,True,Mississippi,False,False
4595843.0,Finau Tonga,135,Golden Gophers,Minnesota Golden Gophers,Minnesota,Forward,F,33,407.0,65.0,103.0,0.0,0.0,19.0,29.0,52.0,53.0,105.0,24.0,7.0,6.0,33.0,70.0,149.0,0,74.1,58.8,12.3,4.5,3.2,0.7,0.2,0.2,1.0,14.6,10.3,2.4,0.7,0.6,3.2,63.1,,65.5,63.1,64.4,19.0,True,74.0,Graduate Student,FORWARD,San Jose State/Salt Lake Community College/Saint Mary's,False,Big Ten,I,MN,"TAYLORSVILLE, UTAH",UT,USA,5.0,True,Minnesota,False,False
4607456.0,Gia Cooke,277,Mountaineers,West Virginia Mountaineers,West Virginia,Guard,G,35,1043.0,160.0,423.0,59.0,177.0,146.0,189.0,21.0,48.0,69.0,54.0,34.0,0.0,74.0,60.0,525.0,34,76.3,58.4,29.8,15.0,2.0,1.5,1.0,0.0,2.1,20.1,2.6,2.1,1.3,0.0,2.8,37.8,33.3,77.2,44.8,51.9,15.0,True,68.0,Junior,GUARD,,True,Big 12,I,WV,"UPPER MARLBORO, MD",MD,USA,3.0,False,West Virginia,False,False
4609797.0,Ta'Niya Latson,2579,Gamecocks,South Carolina Gamecocks,South Carolina,Guard,G,35,985.0,175.0,360.0,26.0,80.0,118.0,147.0,19.0,83.0,102.0,125.0,59.0,11.0,61.0,42.0,494.0,35,86.1,58.1,28.1,14.1,2.9,3.6,1.7,0.3,1.7,20.1,4.1,5.1,2.4,0.4,2.5,48.6,32.5,80.3,52.2,58.2,2.0,True,68.0,Senior,GUARD,,False,SEC,I,SC,"MIAMI, FLA",FL,USA,4.0,False,South Carolina,False,False
4610162.0,Madison St. Rose,163,Tigers,Princeton Tigers,Princeton,Guard,G,28,888.0,160.0,334.0,27.0,97.0,94.0,122.0,42.0,83.0,125.0,62.0,31.0,4.0,56.0,55.0,441.0,28,72.5,61.4,31.7,15.8,4.5,2.2,1.1,0.1,2.0,19.9,5.6,2.8,1.4,0.2,2.5,47.9,27.8,77.0,51.9,56.9,19.0,True,70.0,Senior,GUARD,,False,Ivy,I,NJ,"OLD BRIDGE, NJ",NJ,USA,4.0,False,New Jersey,False,False
4611769.0,Hailey Weaver,158,Cornhuskers,Nebraska Cornhuskers,Nebraska,Guard,G,31,378.0,25.0,76.0,12.0,29.0,13.0,22.0,16.0,40.0,56.0,29.0,27.0,10.0,24.0,35.0,75.0,13,79.1,67.4,12.2,2.4,1.8,0.9,0.9,0.3,0.8,7.9,5.9,3.1,2.9,1.1,2.5,32.9,41.4,59.1,40.8,43.8,20.0,True,72.0,Graduate Student,GUARD,Northwestern,False,Big Ten,I,NE,"SOLON, OHIO",OH,USA,5.0,True,Nebraska,False,False
4618080.0,Kaylene Smikle,120,Terrapins,Maryland Terrapins,Maryland,Guard,G,7,123.0,28.0,63.0,7.0,20.0,29.0,32.0,8.0,19.0,27.0,11.0,5.0,1.0,13.0,10.0,92.0,5,87.4,56.7,17.6,13.1,3.9,1.6,0.7,0.1,1.9,29.9,8.8,3.6,1.6,0.3,4.2,44.4,35.0,90.6,50.0,59.7,7.0,True,72.0,Senior,GUARD,Rutgers,False,Big Ten,I,MD,"BAY SHORE, NY",NY,USA,4.0,True,Maryland,False,False
4682766.0,Amaya Battle,135,Golden Gophers,Minnesota Golden Gophers,Minnesota,Guard,G,33,1030.0,140.0,366.0,13.0,41.0,74.0,89.0,54.0,194.0,248.0,119.0,39.0,9.0,72.0,60.0,367.0,33,74.1,58.8,31.2,11.1,7.5,3.6,1.2,0.3,2.2,14.3,9.6,4.6,1.5,0.3,2.8,38.3,31.7,83.1,40.0,45.3,19.0,True,71.0,Senior,GUARD,,False,Big Ten,I,MN,"HOPKINS, MINN",MN,USA,4.0,False,Minnesota,False,False
4682855.0,Justine Pissott,238,Commodores,Vanderbilt Commodores,Vanderbilt,Guard,G,34,1003.0,135.0,309.0,95.0,225.0,13.0,17.0,30.0,124.0,154.0,77.0,14.0,29.0,51.0,81.0,378.0,34,84.3,65.2,29.5,11.1,4.5,2.3,0.4,0.9,1.5,15.1,6.1,3.1,0.6,1.2,2.0,43.7,42.2,76.5,59.1,59.7,5.0,True,76.0,Senior,GUARD,,False,SEC,I,TN,"TOMS RIVER, NJ",NJ,USA,4.0,False,Tennessee,False,False
4682860.0,Kyla Oldacre,251,Longhorns,Texas Longhorns,Texas,Center,C,39,830.0,144.0,233.0,0.0,0.0,120.0,182.0,116.0,127.0,243.0,26.0,49.0,45.0,50.0,96.0,408.0,2,83.9,55.8,21.3,10.5,6.2,0.7,1.3,1.2,1.3,19.7,11.7,1.3,2.4,2.2,2.4,61.8,,65.9,61.8,65.2,2.0,True,78.0,Senior,CENTER,,False,SEC,I,TX,"MASON, OHIO",OH,USA,4.0,False,Texas,False,False
4682913.0,Zee Spearman,2633,Lady Volunteers,Tennessee Lady Volunteers,Tennessee,Forward,F,30,786.0,112.0,292.0,24.0,103.0,58.0,95.0,88.0,86.0,174.0,29.0,25.0,38.0,72.0,84.0,306.0,27,76.4,69.6,26.2,10.2,5.8,1.0,0.8,1.3,2.4,15.6,8.9,1.5,1.3,1.9,3.7,38.4,23.3,61.1,42.5,45.8,8.0,True,76.0,Senior,FORWARD,Miami,False,SEC,I,TN,"DACULA, GA",GA,USA,4.0,True,Tennessee,False,False
4682955.0,Talaysia Cooper,2633,Lady Volunteers,Tennessee Lady Volunteers,Tennessee,Guard,G,29,759.0,184.0,429.0,61.0,178.0,35.0,49.0,33.0,104.0,137.0,104.0,78.0,9.0,81.0,65.0,464.0,25,76.1,70.3,26.2,16.0,4.7,3.6,2.7,0.3,2.8,24.5,7.2,5.5,4.1,0.5,4.3,42.9,34.3,71.4,50.0,51.5,8.0,True,,Junior,GUARD,South Carolina,True,SEC,I,TN,"TURBEVILLE, SC",SC,USA,3.0,True,Tennessee,False,False
4682968.0,Hannah Stuelke,2294,Hawkeyes,Iowa Hawkeyes,Iowa,Forward,F,32,975.0,170.0,317.0,2.0,9.0,87.0,157.0,91.0,198.0,289.0,94.0,40.0,13.0,63.0,66.0,429.0,32,75.9,65.4,30.5,13.4,9.0,2.9,1.2,0.4,2.0,17.6,11.9,3.9,1.6,0.5,2.6,53.6,22.2,55.4,53.9,55.6,8.0,True,74.0,Senior,FORWARD,,False,Big Ten,I,IA,"CEDAR RAPIDS, IOWA",IA,USA,4.0,False,Iowa,False,False
4682992.0,Christeen Iwuala,145,Rebels,Ole Miss Rebels,Ole Miss,Forward,F,35,957.0,175.0,291.0,0.0,0.0,86.0,121.0,119.0,172.0,291.0,40.0,45.0,22.0,69.0,89.0,436.0,35,75.6,62.7,27.3,12.5,8.3,1.1,1.3,0.6,2.0,18.2,12.2,1.7,1.9,0.9,2.9,60.1,,71.1,60.1,63.3,12.0,True,75.0,Senior,FORWARD,UCLA,False,SEC,I,MS,"SAN ANTONIO, TEXAS",TX,USA,4.0,True,Mississippi,False,False
4683312.0,Kaitlin Peterson,145,Rebels,Ole Miss Rebels,Ole Miss,Guard,G,36,529.0,39.0,137.0,7.0,45.0,46.0,68.0,16.0,42.0,58.0,62.0,35.0,3.0,39.0,46.0,131.0,12,75.2,62.2,14.7,3.6,1.6,1.7,1.0,0.1,1.1,9.9,4.4,4.7,2.6,0.2,2.9,28.5,15.6,67.6,31.0,39.2,12.0,True,69.0,Senior,GUARD,Central Florida,False,SEC,I,MS,"EUFAULA, ALA",AL,USA,4.0,True,Mississippi,False,False
4698726.0,Alyssa Crockett,130,Wolverines,Michigan Wolverines,Michigan,Forward,F,29,211.0,24.0,61.0,13.0,42.0,5.0,8.0,15.0,25.0,40.0,14.0,11.0,4.0,15.0,21.0,66.0,2,85.0,61.2,7.3,2.3,1.4,0.5,0.4,0.1,0.5,12.5,7.6,2.7,2.1,0.8,2.8,39.3,31.0,62.5,50.0,51.1,6.0,True,74.0,Senior,FORWARD,,False,Big Ten,I,MI,"WESTFIELD, IND",IN,USA,4.0,False,Michigan,False,False
4698730.0,Kara Dunn,30,Trojans,USC Trojans,USC,Guard,G,32,1025.0,177.0,373.0,71.0,188.0,60.0,81.0,51.0,110.0,161.0,63.0,40.0,12.0,62.0,66.0,485.0,32,69.7,64.2,32.0,15.2,5.0,2.0,1.2,0.4,1.9,18.9,6.3,2.5,1.6,0.5,2.4,47.5,37.8,74.1,57.0,59.3,8.0,True,71.0,Senior,GUARD,,False,Big Ten,I,CA,"DALLAS, GA",GA,USA,4.0,False,California,False,False
4698736.0,Flau'jae Johnson,99,Tigers,LSU Tigers,LSU,Guard,G,35,882.0,190.0,409.0,48.0,122.0,70.0,101.0,48.0,100.0,148.0,89.0,45.0,25.0,59.0,65.0,498.0,35,95.0,61.1,25.2,14.2,4.2,2.5,1.3,0.7,1.7,22.6,6.7,4.0,2.0,1.1,2.7,46.5,39.3,69.3,52.3,54.9,5.0,True,70.0,Senior,GUARD,,False,SEC,I,LA,"SAVANNAH, GA",GA,USA,4.0,False,Louisiana,False,False
4702867.0,Vanessa de Jesus,87,Fighting Irish,Notre Dame Fighting Irish,Notre Dame,Guard,G,36,1230.0,106.0,264.0,54.0,135.0,36.0,40.0,18.0,82.0,100.0,98.0,63.0,7.0,67.0,73.0,302.0,36,77.1,65.1,34.2,8.4,2.8,2.7,1.8,0.2,1.9,9.8,3.3,3.2,2.0,0.2,2.2,40.2,40.0,90.0,50.4,53.6,15.0,True,68.0,Graduate Student,GUARD,Duke,False,ACC,I,IN,"VALENCIA, CA",CA,USA,5.0,True,Indiana,False,False
4703609.0,Charlisse Leger-Walker,26,Bruins,UCLA Bruins,UCLA,Guard,G,38,1065.0,122.0,267.0,49.0,138.0,25.0,39.0,30.0,121.0,151.0,213.0,60.0,13.0,84.0,64.0,318.0,38,83.9,56.4,28.0,8.4,4.0,5.6,1.6,0.3,2.2,11.9,5.7,8.0,2.3,0.5,3.2,45.7,35.5,64.1,54.9,56.0,2.0,True,70.0,Graduate Student,GUARD,Washington State,False,Big Ten,I,CA,"WAIKATO, NEW ZEALAND",,NEW ZEALAND,5.0,True,California,False,False
4703770.0,Aicha Ndour,61,Lady Bulldogs,Georgia Lady Bulldogs,Georgia,Center,C,26,210.0,23.0,47.0,0.0,0.0,4.0,14.0,13.0,33.0,46.0,7.0,2.0,22.0,26.0,38.0,50.0,7,75.4,60.8,8.1,1.9,1.8,0.3,0.1,0.8,1.0,9.5,8.8,1.3,0.4,4.2,5.0,48.9,,28.6,48.9,47.0,22.0,True,78.0,Senior,CENTER,Wichita State,False,SEC,I,GA,"SOMONE, SENEGAL",,SENEGAL,4.0,True,Georgia,False,False
4704324.0,Natalie Mazurek,2628,Horned Frogs,TCU Horned Frogs,TCU,Forward,F,17,68.0,8.0,27.0,8.0,25.0,2.0,4.0,4.0,8.0,12.0,1.0,2.0,1.0,1.0,4.0,26.0,0,84.8,49.2,4.0,1.5,0.7,0.1,0.1,0.1,0.1,15.3,7.1,0.6,1.2,0.6,0.6,29.6,32.0,50.0,44.4,45.2,8.0,True,74.0,Graduate Student,FORWARD,South Dakota,False,Big 12,I,TX,"EDEN PRAIRIE, MINN",MN,USA,5.0,True,Texas,False,False
4704429.0,Janelle Brown,2217,Stags,Fairfield Stags,Fairfield,Guard,G,27,590.0,60.0,144.0,22.0,67.0,23.0,36.0,22.0,55.0,77.0,83.0,47.0,3.0,56.0,75.0,165.0,15,73.1,57.9,21.9,6.1,2.9,3.1,1.7,0.1,2.1,11.2,5.2,5.6,3.2,0.2,3.8,41.7,32.8,63.9,49.3,51.6,25.0,True,66.0,Graduate Student,GUARD,,False,MAAC,I,CT,"MIDDLE ISLAND, NY",NY,USA,5.0,False,,False,False
4704453.0,Snudda Collins,2641,Lady Raiders,Texas Tech Lady Raiders,Texas Tech,Guard,G,34,809.0,168.0,386.0,50.0,128.0,104.0,133.0,19.0,74.0,93.0,36.0,20.0,27.0,63.0,77.0,490.0,0,70.8,59.1,23.8,14.4,2.7,1.1,0.6,0.8,1.9,24.2,4.6,1.8,1.0,1.3,3.1,43.5,39.1,78.2,50.0,55.1,16.0,True,73.0,Senior,GUARD,Mississippi,False,Big 12,I,TX,"BROOKHAVEN, MISS",MS,USA,4.0,True,Texas,False,False
4704517.0,Skylah Travis,257,Spiders,Richmond Spiders,Richmond,Forward,F,11,36.0,2.0,5.0,0.0,0.0,2.0,7.0,6.0,8.0,14.0,2.0,3.0,2.0,5.0,7.0,6.0,0,74.8,58.6,3.3,0.5,1.3,0.2,0.3,0.2,0.5,6.7,15.6,2.2,3.3,2.2,5.6,40.0,,28.6,40.0,37.1,24.0,True,73.0,Graduate Student,FORWARD,"Louisiana, Missouri, Old Dominion",False,Atlantic 10,I,VA,"WELDON, NC",NC,USA,5.0,True,Virginia,False,False
4704594.0,Marta Suarez,2628,Horned Frogs,TCU Horned Frogs,TCU,Forward,F,38,1194.0,245.0,541.0,84.0,227.0,74.0,83.0,79.0,201.0,280.0,86.0,52.0,9.0,120.0,112.0,648.0,38,76.8,56.9,31.4,17.1,7.4,2.3,1.4,0.2,3.2,21.7,9.4,2.9,1.7,0.3,4.0,45.3,37.0,89.2,53.0,56.1,8.0,True,75.0,Graduate Student,FORWARD,Cal / Tennessee,False,Big 12,I,TX,"OVIEDO, SPAIN",,SPAIN,5.0,True,Texas,False,False
4705138.0,Savannah Henderson,61,Lady Bulldogs,Georgia Lady Bulldogs,Georgia,Guard,G,28,528.0,33.0,105.0,24.0,91.0,15.0,19.0,12.0,51.0,63.0,22.0,15.0,5.0,14.0,54.0,105.0,6,72.4,64.5,18.9,3.8,2.2,0.8,0.5,0.2,0.5,8.0,4.8,1.7,1.1,0.4,1.1,31.4,26.4,78.9,42.9,46.3,22.0,True,75.0,Junior,GUARD,,True,SEC,I,GA,"ORLANDO, FLA",FL,USA,3.0,False,Georgia,False,False
4705226.0,Jordan Obi,96,Wildcats,Kentucky Wildcats,Kentucky,Guard,G,36,945.0,131.0,253.0,8.0,32.0,53.0,81.0,84.0,132.0,216.0,38.0,17.0,21.0,71.0,85.0,323.0,25,74.9,60.9,26.2,9.0,6.0,1.1,0.5,0.6,2.0,13.7,9.1,1.6,0.7,0.9,3.0,51.8,25.0,65.4,53.4,56.0,6.0,True,73.0,Graduate Student,GUARD,University of Pennsylvania,False,SEC,I,KY,"HARTFORD, CONN",CT,USA,5.0,True,Kentucky,False,False
4711798.0,Ally VanTimmeren,130,Wolverines,Michigan Wolverines,Michigan,Forward,F,21,91.0,16.0,29.0,0.0,1.0,4.0,8.0,8.0,15.0,23.0,5.0,3.0,2.0,3.0,13.0,36.0,0,89.5,56.5,4.3,1.7,1.1,0.2,0.1,0.1,0.1,15.8,10.1,2.2,1.3,0.9,1.3,55.2,0.0,50.0,55.2,55.4,6.0,True,74.0,Graduate Student,FORWARD,Boston College,False,Big Ten,I,MI,"ALLENDALE, MICH",MI,USA,5.0,True,Michigan,True,False
4858656.0,Gabriela Jaquez,26,Bruins,UCLA Bruins,UCLA,Guard,G,38,1156.0,186.0,345.0,48.0,123.0,92.0,107.0,67.0,141.0,208.0,78.0,43.0,4.0,70.0,72.0,512.0,38,83.9,56.4,30.4,13.5,5.5,2.1,1.1,0.1,1.8,17.7,7.2,2.7,1.5,0.1,2.4,53.9,39.0,86.0,60.9,65.3,2.0,True,,Senior,GUARD,,False,Big Ten,I,CA,"CAMARILLO, CALIF",CA,USA,4.0,False,California,False,False
4858658.0,Jada Gyamfi,2294,Hawkeyes,Iowa Hawkeyes,Iowa,Forward,F,4,17.0,1.0,4.0,1.0,2.0,0.0,0.0,0.0,4.0,4.0,2.0,2.0,1.0,0.0,3.0,3.0,0,94.8,52.8,4.2,0.8,1.0,0.5,0.5,0.2,0.0,7.1,9.4,4.7,4.7,2.4,0.0,25.0,50.0,,37.5,37.5,8.0,True,73.0,Senior,FORWARD,,False,Big Ten,I,IA,"JOHNSTON, IOWA",IA,USA,4.0,False,Iowa,False,False
4858662.0,Abbey Kimball,127,Spartans,Michigan State Spartans,Michigan State,Guard,G,16,133.0,17.0,42.0,13.0,32.0,3.0,8.0,4.0,13.0,17.0,13.0,6.0,3.0,0.0,4.0,50.0,0,91.1,59.3,8.3,3.1,1.1,0.8,0.4,0.2,0.0,15.0,5.1,3.9,1.8,0.9,0.0,40.5,40.6,37.5,56.0,54.9,12.0,True,70.0,Senior,GUARD,,False,Big Ten,I,MI,"GRAND RAPIDS, MICH",MI,USA,4.0,False,Michigan,False,False
4858666.0,Mara Braun,135,Golden Gophers,Minnesota Golden Gophers,Minnesota,Guard,G,33,1115.0,137.0,346.0,59.0,170.0,53.0,59.0,6.0,134.0,140.0,84.0,44.0,21.0,57.0,36.0,386.0,33,74.1,58.8,33.8,11.7,4.2,2.5,1.3,0.6,1.7,13.8,5.0,3.0,1.6,0.8,2.0,39.6,34.7,89.8,48.1,51.9,19.0,True,,Junior,GUARD,,True,Big Ten,I,MN,"WAYZATA, MINN",MN,USA,3.0,False,Minnesota,False,False
4858671.0,Jalyn Brown,127,Spartans,Michigan State Spartans,Michigan State,Guard,G,32,818.0,136.0,262.0,33.0,80.0,49.0,68.0,23.0,59.0,82.0,50.0,30.0,10.0,61.0,72.0,354.0,19,82.1,66.1,25.6,11.1,2.6,1.6,0.9,0.3,1.9,17.3,4.0,2.4,1.5,0.5,3.0,51.9,41.2,72.1,58.2,60.6,12.0,True,73.0,Senior,GUARD,Arizona State,False,Big Ten,I,MI,"BALTIMORE, MD",MD,USA,4.0,True,Michigan,False,False
4858672.0,Sydni Scott,2217,Stags,Fairfield Stags,Fairfield,Guard,G,33,674.0,55.0,148.0,47.0,132.0,7.0,8.0,14.0,36.0,50.0,22.0,27.0,6.0,22.0,60.0,164.0,13,75.0,56.5,20.4,5.0,1.5,0.7,0.8,0.2,0.7,9.7,3.0,1.3,1.6,0.4,1.3,37.2,35.6,87.5,53.0,54.1,25.0,True,68.0,Senior,GUARD,Marshall,False,MAAC,I,CT,"PROSPECT PARK, PA",PA,USA,4.0,True,,False,False
4858677.0,Taylor McCabe,2294,Hawkeyes,Iowa Hawkeyes,Iowa,Guard,G,20,542.0,54.0,143.0,49.0,131.0,4.0,6.0,6.0,64.0,70.0,45.0,10.0,6.0,14.0,13.0,161.0,20,81.0,63.0,27.1,8.0,3.5,2.2,0.5,0.3,0.7,11.9,5.2,3.3,0.7,0.4,1.0,37.8,37.4,66.7,54.9,55.3,8.0,True,69.0,Senior,GUARD,,False,Big Ten,I,IA,"FREMONT, NEB",NE,USA,4.0,False,Iowa,False,False
4894350.0,Teagan Brown,264,Huskies,Washington Huskies,Washington,Guard,G,27,345.0,19.0,47.0,1.0,8.0,5.0,9.0,16.0,24.0,40.0,9.0,21.0,2.0,14.0,10.0,44.0,8,72.6,61.1,12.8,1.6,1.5,0.3,0.8,0.1,0.5,5.1,4.6,1.0,2.4,0.2,1.6,40.4,12.5,55.6,41.5,43.2,20.0,True,70.0,Senior,GUARD,,False,Big Ten,I,WA,"SACRAMENTO, CALIF",CA,USA,4.0,False,Washington,False,False
4894351.0,Debreasha Powe,145,Rebels,Ole Miss Rebels,Ole Miss,Guard,G,36,999.0,69.0,198.0,35.0,126.0,29.0,30.0,31.0,65.0,96.0,51.0,25.0,25.0,22.0,70.0,202.0,33,75.2,62.2,27.8,5.6,2.7,1.4,0.7,0.7,0.6,8.1,3.8,2.0,1.0,1.0,0.9,34.8,27.8,96.7,43.7,47.8,12.0,True,73.0,Senior,GUARD,Mississippi State,False,SEC,I,MS,"MERIDIAN, MISS",MS,USA,4.0,True,Mississippi,True,False
4894357.0,Riley Nelson,150,Blue Devils,Duke Blue Devils,Duke,Guard,G,36,1027.0,126.0,315.0,42.0,124.0,44.0,60.0,49.0,70.0,119.0,90.0,27.0,19.0,72.0,66.0,338.0,27,74.1,59.7,28.5,9.4,3.3,2.5,0.8,0.5,2.0,13.2,4.6,3.5,1.1,0.7,2.8,40.0,33.9,73.3,46.7,49.5,7.0,True,74.0,Sophomore,GUARD,Maryland,True,ACC,I,NC,"CLARKSBURG, MD",MD,USA,2.0,True,North Carolina,False,False
4898385.0,Sophie Hart,135,Golden Gophers,Minnesota Golden Gophers,Minnesota,Center,C,33,779.0,158.0,288.0,0.0,0.0,51.0,80.0,113.0,96.0,209.0,35.0,19.0,17.0,46.0,61.0,367.0,33,74.1,58.8,23.6,11.1,6.3,1.1,0.6,0.5,1.4,18.8,10.7,1.8,1.0,0.9,2.4,54.9,,63.7,54.9,56.8,19.0,True,77.0,Graduate Student,CENTER,NC State,False,Big Ten,I,MN,"FARMINGTON, MINN",MN,USA,5.0,True,Minnesota,True,False
4898394.0,Denae Fritz,2641,Lady Raiders,Texas Tech Lady Raiders,Texas Tech,Guard,G,34,1034.0,85.0,212.0,52.0,144.0,20.0,25.0,35.0,88.0,123.0,41.0,68.0,30.0,31.0,77.0,242.0,34,70.8,59.1,30.4,7.1,3.6,1.2,2.0,0.9,0.9,9.4,4.8,1.6,2.6,1.2,1.2,40.1,36.1,80.0,52.4,54.3,16.0,True,71.0,Senior,GUARD,Baylor,True,Big 12,I,TX,"MARYVILLE, TENN",TN,USA,4.0,True,Texas,False,False
4898411.0,Gisela Sanchez,87,Fighting Irish,Notre Dame Fighting Irish,Notre Dame,Forward,F,35,667.0,83.0,161.0,24.0,48.0,9.0,12.0,35.0,84.0,119.0,29.0,19.0,13.0,32.0,67.0,199.0,14,76.6,65.3,19.1,5.7,3.4,0.8,0.5,0.4,0.9,11.9,7.1,1.7,1.1,0.8,1.9,51.6,50.0,75.0,59.0,59.8,15.0,True,76.0,Graduate Student,FORWARD,Arizona/Kansas State,False,ACC,I,IN,"BARCELONA, SPAIN",,SPAIN,5.0,True,Indiana,False,False
4898426.0,Tracey Bershers,135,Golden Gophers,Minnesota Golden Gophers,Minnesota,Forward,F,2,15.0,2.0,6.0,0.0,3.0,0.0,0.0,0.0,1.0,1.0,2.0,0.0,0.0,0.0,1.0,4.0,0,95.0,41.5,7.5,2.0,0.5,1.0,0.0,0.0,0.0,10.7,2.7,5.3,0.0,0.0,0.0,33.3,0.0,,33.3,33.3,19.0,True,74.0,Graduate Student,FORWARD,UAB/Oklahoma State,False,Big Ten,I,MN,"GLENWOOD, ARK",AR,USA,5.0,True,Minnesota,False,False
4898898.0,Gianna Kneepkens,26,Bruins,UCLA Bruins,UCLA,Guard,G,38,1072.0,179.0,363.0,87.0,203.0,42.0,45.0,27.0,91.0,118.0,110.0,41.0,8.0,45.0,70.0,487.0,37,83.9,56.4,28.2,12.8,3.1,2.9,1.1,0.2,1.2,18.2,4.4,4.1,1.5,0.3,1.7,49.3,42.9,93.3,61.3,63.6,2.0,True,,Graduate Student,GUARD,Utah,False,Big Ten,I,CA,"DULUTH, MINN",MN,USA,5.0,True,California,False,False
4898995.0,Brylee Glenn,135,Golden Gophers,Minnesota Golden Gophers,Minnesota,Guard,G,33,736.0,88.0,214.0,12.0,43.0,25.0,39.0,25.0,64.0,89.0,62.0,40.0,5.0,33.0,38.0,213.0,4,74.1,58.8,22.3,6.5,2.7,1.9,1.2,0.2,1.0,11.6,4.8,3.4,2.2,0.3,1.8,41.1,27.9,64.1,43.9,46.1,19.0,True,70.0,Graduate Student,GUARD,Kansas State,False,Big Ten,I,MN,"KANSAS CITY, MO",MO,USA,5.0,True,Minnesota,False,False
4899051.0,Isaline Alexander,127,Spartans,Michigan State Spartans,Michigan State,Forward,F,17,223.0,54.0,89.0,0.0,0.0,22.0,45.0,28.0,30.0,58.0,5.0,13.0,14.0,16.0,26.0,130.0,4,85.8,58.9,13.1,7.6,3.4,0.3,0.8,0.8,0.9,23.3,10.4,0.9,2.3,2.5,2.9,60.7,,48.9,60.7,59.7,12.0,True,75.0,Senior,FORWARD,,True,Big Ten,I,MI,"KESWICK, ONTARIO",,CANADA,4.0,False,Michigan,False,False
4899646.0,Sydney Woodley,277,Mountaineers,West Virginia Mountaineers,West Virginia,Guard,G,35,542.0,54.0,112.0,3.0,25.0,41.0,49.0,26.0,51.0,77.0,18.0,43.0,0.0,21.0,34.0,152.0,1,76.3,58.4,15.5,4.3,2.2,0.5,1.2,0.0,0.6,11.2,5.7,1.3,3.2,0.0,1.5,48.2,12.0,83.7,49.6,56.9,15.0,True,68.0,Senior,GUARD,,False,Big 12,I,WV,"MENIFEE, CALIF",CA,USA,4.0,False,West Virginia,False,False
4899782.0,Lauren Beach,2217,Stags,Fairfield Stags,Fairfield,Forward,F,27,440.0,39.0,55.0,0.0,5.0,18.0,25.0,30.0,48.0,78.0,18.0,20.0,2.0,21.0,45.0,96.0,5,73.3,57.3,16.3,3.6,2.9,0.7,0.7,0.1,0.8,8.7,7.1,1.6,1.8,0.2,1.9,70.9,0.0,72.0,70.9,72.7,25.0,True,73.0,Graduate Student,,,False,MAAC,I,CT,"MEDWAY, MASS",MA,USA,5.0,False,,False,False
4899819.0,Haleigh Timmer,197,Cowgirls,Oklahoma State Cowgirls,Oklahoma State,Guard,G,34,1025.0,131.0,268.0,71.0,170.0,59.0,70.0,38.0,73.0,111.0,65.0,45.0,15.0,39.0,55.0,392.0,34,81.1,64.2,30.1,11.5,3.3,1.9,1.3,0.4,1.1,15.3,4.3,2.5,1.8,0.6,1.5,48.9,41.8,84.3,62.1,65.6,18.0,True,71.0,Senior,GUARD,South Dakota State,False,Big 12,I,OK,"RAPID CITY, SOUTH DAKOTA",SD,USA,4.0,True,Oklahoma,False,False
4900556.0,Tierra Simon,257,Spiders,Richmond Spiders,Richmond,Forward,F,34,574.0,54.0,134.0,16.0,54.0,24.0,25.0,29.0,87.0,116.0,51.0,16.0,19.0,46.0,57.0,148.0,13,72.1,59.5,16.9,4.4,3.4,1.5,0.5,0.6,1.4,10.3,8.1,3.6,1.1,1.3,3.2,40.3,29.6,96.0,46.3,51.0,24.0,True,73.0,Graduate Student,FORWARD,Saint Louis,False,Atlantic 10,I,VA,"HOUSTON, TEXAS",TX,USA,5.0,True,Virginia,False,False
4905552.0,Jalyn Sackrider,2217,Stags,Fairfield Stags,Fairfield,Forward,F,9,30.0,1.0,5.0,0.0,2.0,5.0,6.0,1.0,7.0,8.0,1.0,1.0,2.0,2.0,1.0,7.0,0,83.0,55.6,3.3,0.8,0.9,0.1,0.1,0.2,0.2,9.3,10.7,1.3,1.3,2.7,2.7,20.0,0.0,83.3,20.0,45.8,25.0,True,75.0,Graduate Student,,Evergreen State,False,MAAC,I,CT,"ELMA, WASH",WA,USA,5.0,True,,False,False
5095015.0,Bella Tehrani,87,Fighting Irish,Notre Dame Fighting Irish,Notre Dame,Forward,F,8,21.0,1.0,3.0,0.0,0.0,1.0,1.0,1.0,2.0,3.0,0.0,0.0,0.0,1.0,1.0,3.0,0,97.6,54.1,2.6,0.4,0.4,0.0,0.0,0.0,0.1,5.7,5.7,0.0,0.0,0.0,1.9,33.3,,100.0,33.3,43.6,15.0,True,75.0,Senior,FORWARD,,False,ACC,I,IN,"HAMILTON, ONTARIO, CANADA",,CANADA,4.0,False,Indiana,False,False
5105391.0,Karly Weathers,333,Crimson Tide,Alabama Crimson Tide,Alabama,Guard,G,35,1194.0,115.0,275.0,62.0,173.0,22.0,31.0,36.0,178.0,214.0,125.0,64.0,15.0,68.0,37.0,314.0,35,70.0,61.6,34.1,9.0,6.1,3.6,1.8,0.4,1.9,10.5,7.2,4.2,2.1,0.5,2.3,41.8,35.8,71.0,53.1,54.4,21.0,True,71.0,Senior,GUARD,,False,SEC,I,AL,"LORETTO, TENN",TN,USA,4.0,False,Alabama,False,False
5105435.0,Kennedy Cambridge,194,Buckeyes,Ohio State Buckeyes,Ohio State,Guard,G,35,1016.0,112.0,268.0,29.0,96.0,61.0,99.0,67.0,98.0,165.0,117.0,130.0,23.0,51.0,102.0,314.0,35,81.3,66.3,29.0,9.0,4.7,3.3,3.7,0.7,1.5,12.4,6.5,4.6,5.1,0.9,2.0,41.8,30.2,61.6,47.2,50.4,8.0,True,68.0,Junior,GUARD,Kentucky,True,Big Ten,I,OH,"NASHVILLE, TENN",TN,USA,3.0,True,Ohio,False,False
5105443.0,Alisa Williams,66,Cyclones,Iowa State Cyclones,Iowa State,Forward,F,32,380.0,55.0,102.0,0.0,2.0,42.0,52.0,40.0,66.0,106.0,20.0,19.0,8.0,19.0,39.0,152.0,2,81.7,67.3,11.9,4.8,3.3,0.6,0.6,0.2,0.6,16.0,11.2,2.1,2.0,0.8,2.0,53.9,0.0,80.8,53.9,60.9,10.0,True,74.0,Junior,FORWARD,LSU,True,Big 12,I,IA,"DENTON, TEXAS",TX,USA,3.0,True,Iowa,False,False
5105452.0,Ashton Judd,251,Longhorns,Texas Longhorns,Texas,Guard,G,26,342.0,40.0,97.0,6.0,26.0,23.0,29.0,27.0,42.0,69.0,16.0,11.0,4.0,31.0,40.0,109.0,0,80.5,56.5,13.2,4.2,2.7,0.6,0.4,0.2,1.2,12.7,8.1,1.9,1.3,0.5,3.6,41.2,23.1,79.3,44.3,49.7,2.0,True,73.0,Senior,GUARD,Missouri,False,SEC,I,TX,"WEST PLAINS, MO",MO,USA,4.0,True,Texas,False,False
5105714.0,Kailyn Gilbert,99,Tigers,LSU Tigers,LSU,Guard,G,5,68.0,8.0,25.0,1.0,8.0,11.0,11.0,1.0,7.0,8.0,10.0,4.0,0.0,6.0,3.0,28.0,0,111.8,56.2,13.6,5.6,1.6,2.0,0.8,0.0,1.2,16.5,4.7,5.9,2.4,0.0,3.5,32.0,12.5,100.0,34.0,46.9,5.0,True,68.0,Senior,GUARD,Arizona,False,SEC,I,LA,"TAMPA BAY, FLA",FL,USA,4.0,True,Louisiana,False,False
5105728.0,Kennedy Basham,2628,Horned Frogs,TCU Horned Frogs,TCU,Center,C,37,456.0,41.0,78.0,0.0,0.0,21.0,34.0,45.0,88.0,133.0,15.0,3.0,61.0,24.0,64.0,103.0,0,76.8,56.9,12.3,2.8,3.6,0.4,0.1,1.6,0.6,9.0,11.7,1.3,0.3,5.4,2.1,52.6,,61.8,52.6,55.4,8.0,True,79.0,Senior,CENTER,Arizona State / Oregon,False,Big 12,I,TX,"PHOENIX, ARIZ",AZ,USA,4.0,True,Texas,False,False
5105729.0,Chance Gray,194,Buckeyes,Ohio State Buckeyes,Ohio State,Guard,G,35,1124.0,183.0,404.0,85.0,210.0,62.0,70.0,12.0,75.0,87.0,94.0,30.0,0.0,64.0,27.0,513.0,35,81.3,66.3,32.1,14.7,2.5,2.7,0.9,0.0,1.8,18.3,3.1,3.3,1.1,0.0,2.3,45.3,40.5,88.6,55.8,59.0,8.0,True,69.0,Senior,GUARD,Oregon,False,Big Ten,I,OH,"CINCINNATI, OHIO",OH,USA,4.0,True,Ohio,True,False
5105731.0,Grace VanSlooten,127,Spartans,Michigan State Spartans,Michigan State,Forward,F,32,922.0,198.0,396.0,1.0,2.0,85.0,129.0,92.0,124.0,216.0,72.0,60.0,33.0,63.0,55.0,482.0,32,82.1,66.1,28.8,15.1,6.8,2.2,1.9,1.0,2.0,20.9,9.4,3.1,2.6,1.4,2.7,50.0,50.0,65.9,50.1,53.2,12.0,True,75.0,Senior,FORWARD,Oregon,False,Big Ten,I,MI,"TOLEDO, OHIO",OH,USA,4.0,True,Michigan,False,False
5105732.0,Raegan Beers,201,Sooners,Oklahoma Sooners,Oklahoma,Center,C,34,843.0,219.0,356.0,6.0,35.0,92.0,154.0,116.0,237.0,353.0,76.0,30.0,35.0,77.0,88.0,536.0,34,85.9,68.6,24.8,15.8,10.4,2.2,0.9,1.0,2.3,25.4,16.7,3.6,1.4,1.7,3.7,61.5,17.1,59.7,62.4,63.2,5.0,True,76.0,Senior,CENTER,Oregon State,False,SEC,I,OK,"LITTLETON, COLO",CO,USA,4.0,True,Oklahoma,False,False
5105733.0,Adlee Blacklock,2641,Lady Raiders,Texas Tech Lady Raiders,Texas Tech,Guard,G,28,211.0,20.0,50.0,15.0,37.0,14.0,18.0,9.0,25.0,34.0,8.0,5.0,1.0,9.0,14.0,69.0,0,70.9,58.4,7.5,2.5,1.2,0.3,0.2,0.0,0.3,13.1,6.4,1.5,0.9,0.2,1.7,40.0,40.5,77.8,55.0,59.6,16.0,True,,Senior,GUARD,Oregon State,False,Big 12,I,TX,"LUBBOCK, TEXAS",TX,USA,4.0,True,Texas,True,True
5105737.0,Lauren Betts,26,Bruins,UCLA Bruins,UCLA,Center,C,37,1026.0,276.0,474.0,0.0,2.0,81.0,118.0,128.0,196.0,324.0,117.0,38.0,76.0,82.0,63.0,633.0,37,83.7,56.4,27.7,17.1,8.8,3.2,1.0,2.1,2.2,24.7,12.6,4.6,1.5,3.0,3.2,58.2,0.0,68.6,58.2,60.2,2.0,True,79.0,Senior,CENTER,Stanford,False,Big Ten,I,CA,"CENTENNIAL, COLO",CO,USA,4.0,True,California,False,False
5105740.0,Indya Nivar,153,Tar Heels,North Carolina Tar Heels,North Carolina,Guard,G,35,1004.0,146.0,324.0,25.0,80.0,54.0,90.0,43.0,139.0,182.0,130.0,94.0,19.0,91.0,104.0,371.0,35,74.5,59.3,28.7,10.6,5.2,3.7,2.7,0.5,2.6,14.8,7.3,5.2,3.7,0.8,3.6,45.1,31.2,60.0,48.9,51.0,11.0,True,70.0,Senior,GUARD,Stanford,False,ACC,I,NC,"APEX, NC",NC,USA,4.0,True,North Carolina,True,False
5105751.0,Teya Sidberry,251,Longhorns,Texas Longhorns,Texas,Forward,F,34,487.0,63.0,112.0,8.0,20.0,30.0,39.0,35.0,55.0,90.0,21.0,25.0,9.0,23.0,53.0,164.0,6,83.6,54.6,14.3,4.8,2.6,0.6,0.7,0.3,0.7,13.5,7.4,1.7,2.1,0.7,1.9,56.2,40.0,76.9,59.8,63.5,2.0,True,73.0,Senior,FORWARD,Boston College,False,SEC,I,TX,"SALT LAKE CITY, UTAH",UT,USA,4.0,True,Texas,False,False
5105753.0,Hannah Stines,264,Huskies,Washington Huskies,Washington,Guard,G,33,932.0,92.0,247.0,21.0,77.0,18.0,28.0,31.0,112.0,143.0,80.0,38.0,14.0,45.0,41.0,223.0,32,71.3,62.0,28.2,6.8,4.3,2.4,1.2,0.4,1.4,9.6,6.1,3.4,1.6,0.6,1.9,37.2,27.3,64.3,41.5,43.0,20.0,True,71.0,Senior,GUARD,,False,Big Ten,I,WA,"LA MIRADA, CALIF",CA,USA,4.0,False,Washington,False,False
5105755.0,Shayla Gillmer,264,Huskies,Washington Huskies,Washington,Forward,F,11,59.0,3.0,9.0,0.0,1.0,2.0,4.0,5.0,9.0,14.0,1.0,4.0,3.0,3.0,4.0,8.0,0,77.6,52.9,5.4,0.7,1.3,0.1,0.4,0.3,0.3,5.4,9.5,0.7,2.7,2.0,2.0,33.3,0.0,50.0,33.3,37.2,20.0,True,73.0,Senior,FORWARD,,False,Big Ten,I,WA,"SAN CLEMENTE, CALIF",CA,USA,4.0,False,Washington,False,False
5105756.0,Elle Ladine,264,Huskies,Washington Huskies,Washington,Guard,G,27,754.0,103.0,260.0,35.0,111.0,26.0,33.0,31.0,103.0,134.0,56.0,12.0,10.0,49.0,50.0,267.0,26,70.6,65.3,27.9,9.9,5.0,2.1,0.4,0.4,1.8,14.2,7.1,3.0,0.6,0.5,2.6,39.6,31.5,78.8,46.3,48.6,20.0,True,71.0,Senior,GUARD,,False,Big Ten,I,WA,"SAN FRANCISCO, CALIF",CA,USA,4.0,False,Washington,False,False
5106145.0,Darianna Littlepage-Buggs,239,Bears,Baylor Bears,Baylor,Forward,F,34,993.0,153.0,295.0,9.0,30.0,47.0,77.0,104.0,240.0,344.0,65.0,36.0,23.0,85.0,77.0,362.0,34,70.6,60.3,29.2,10.6,10.1,1.9,1.1,0.7,2.5,14.6,13.9,2.6,1.5,0.9,3.4,51.9,30.0,61.0,53.4,55.0,7.0,True,73.0,Senior,GUARD,,False,Big 12,I,TX,"OKLAHOMA CITY, OKLA",OK,USA,4.0,False,Texas,False,False
5106146.0,Kyla Abraham,239,Bears,Baylor Bears,Baylor,Forward,F,34,546.0,56.0,95.0,0.0,0.0,27.0,52.0,52.0,78.0,130.0,12.0,16.0,54.0,44.0,51.0,139.0,0,70.6,60.3,16.1,4.1,3.8,0.4,0.5,1.6,1.3,10.2,9.5,0.9,1.2,4.0,3.2,58.9,,51.9,58.9,59.0,7.0,True,75.0,Junior,FORWARD,,True,Big 12,I,TX,"CARROLLTON, VA",VA,USA,3.0,False,Texas,False,False
5106147.0,Bella Fontleroy,239,Bears,Baylor Bears,Baylor,Forward,F,34,887.0,104.0,308.0,41.0,158.0,56.0,70.0,38.0,154.0,192.0,31.0,50.0,43.0,52.0,104.0,305.0,34,70.6,60.3,26.1,9.0,5.6,0.9,1.5,1.3,1.5,13.8,8.7,1.4,2.3,1.9,2.3,33.8,25.9,80.0,40.4,45.0,7.0,True,,Senior,GUARD,,False,Big 12,I,TX,"SPRINGFIELD, MO",MO,USA,4.0,False,Texas,False,False
5106158.0,Eliza Maupin,158,Cornhuskers,Nebraska Cornhuskers,Nebraska,Forward,F,26,460.0,70.0,136.0,7.0,25.0,44.0,57.0,41.0,69.0,110.0,27.0,17.0,18.0,46.0,54.0,191.0,10,77.7,69.9,17.7,7.3,4.2,1.0,0.7,0.7,1.8,16.6,9.6,2.3,1.5,1.6,4.0,51.5,28.0,77.2,54.0,59.3,20.0,True,75.0,Senior,FORWARD,Kansas State,False,Big Ten,I,NE,"WEBSTER GROVES, MO",MO,USA,4.0,True,Nebraska,False,False
5106161.0,Praise Egharevba,197,Cowgirls,Oklahoma State Cowgirls,Oklahoma State,Forward,F,34,345.0,24.0,54.0,0.0,0.0,19.0,30.0,44.0,61.0,105.0,22.0,14.0,18.0,23.0,66.0,67.0,0,81.1,64.2,10.1,2.0,3.1,0.6,0.4,0.5,0.7,7.8,12.2,2.6,1.6,2.1,2.7,44.4,,63.3,44.4,49.9,18.0,True,75.0,Junior,FORWARD,,True,Big 12,I,OK,"PAPENBURG, GERMANY",,GERMANY,3.0,False,Oklahoma,False,False
5106164.0,Beatrice Culliton,201,Sooners,Oklahoma Sooners,Oklahoma,Center,C,31,295.0,11.0,30.0,0.0,1.0,11.0,20.0,21.0,38.0,59.0,30.0,8.0,11.0,27.0,42.0,33.0,0,86.5,67.6,9.5,1.1,1.9,1.0,0.3,0.4,0.9,4.5,8.0,4.1,1.1,1.5,3.7,36.7,0.0,55.0,36.7,42.5,5.0,True,75.0,Senior,CENTER,,False,SEC,I,OK,"OVERLAND PARK, KAN",KS,USA,4.0,False,Oklahoma,False,False
5106165.0,Kiersten Johnson,239,Bears,Baylor Bears,Baylor,Forward,F,34,653.0,71.0,149.0,14.0,35.0,9.0,14.0,60.0,86.0,146.0,20.0,21.0,59.0,44.0,57.0,165.0,34,70.6,60.3,19.2,4.9,4.3,0.6,0.6,1.7,1.3,10.1,8.9,1.2,1.3,3.6,2.7,47.7,40.0,64.3,52.3,53.2,7.0,True,76.0,Senior,FORWARD,Oklahoma,False,Big 12,I,TX,"DUNCANVILLE, TEXAS",TX,USA,4.0,True,Texas,True,False
5106166.0,Reyna Scott,97,Cardinals,Louisville Cardinals,Louisville,Guard,G,37,894.0,117.0,258.0,18.0,53.0,51.0,69.0,23.0,67.0,90.0,105.0,46.0,13.0,82.0,58.0,303.0,7,78.7,61.0,24.2,8.2,2.4,2.8,1.2,0.4,2.2,13.6,4.0,4.7,2.1,0.6,3.7,45.3,34.0,73.9,48.8,52.5,6.0,True,70.0,Senior,GUARD,Oklahoma,False,ACC,I,KY,"NEW YORK, NY",NY,USA,4.0,True,Kentucky,False,False
5106170.0,Ndjakalenga Mwenentanda,238,Commodores,Vanderbilt Commodores,Vanderbilt,Guard,G,34,665.0,83.0,176.0,20.0,66.0,49.0,60.0,43.0,74.0,117.0,32.0,34.0,13.0,34.0,57.0,235.0,34,84.3,65.2,19.6,6.9,3.4,0.9,1.0,0.4,1.0,14.1,7.0,1.9,2.0,0.8,2.0,47.2,30.3,81.7,52.8,58.1,5.0,True,74.0,Graduate Student,GUARD,,False,SEC,I,TN,"SIOUX FALLS, SD",SD,USA,5.0,False,Tennessee,False,False
5106173.0,Bailey Maupin,2641,Lady Raiders,Texas Tech Lady Raiders,Texas Tech,Guard,G,34,1101.0,160.0,396.0,69.0,206.0,129.0,153.0,22.0,99.0,121.0,89.0,53.0,8.0,108.0,78.0,518.0,34,70.8,59.1,32.4,15.2,3.6,2.6,1.6,0.2,3.2,18.8,4.4,3.2,1.9,0.3,3.9,40.4,33.5,84.3,49.1,55.9,16.0,True,70.0,Senior,GUARD,,False,Big 12,I,TX,"GRUVER, TEXAS",TX,USA,4.0,False,Texas,False,False
5106193.0,Kenzie Hare,66,Cyclones,Iowa State Cyclones,Iowa State,Guard,G,32,784.0,62.0,153.0,52.0,130.0,16.0,33.0,24.0,56.0,80.0,23.0,25.0,7.0,18.0,70.0,192.0,31,81.7,67.3,24.5,6.0,2.5,0.7,0.8,0.2,0.6,9.8,4.1,1.2,1.3,0.4,0.9,40.5,40.0,48.5,57.5,57.3,10.0,True,69.0,Junior,GUARD,Marquette,True,Big 12,I,IA,"BARTLETT, ILL",IL,USA,3.0,True,Iowa,False,False
5106202.0,Ice Brady,41,Huskies,UConn Huskies,UConn,Forward,F,2,23.0,2.0,4.0,0.0,1.0,1.0,1.0,0.0,6.0,6.0,1.0,1.0,0.0,0.0,3.0,5.0,0,89.0,66.5,11.5,2.5,3.0,0.5,0.5,0.0,0.0,8.7,10.4,1.7,1.7,0.0,0.0,50.0,0.0,100.0,50.0,56.3,1.0,True,75.0,Junior,FORWARD,,True,Big East,I,CT,"SAN DIEGO, CALIF",CA,USA,3.0,False,Connecticut,False,False
5106203.0,Ayanna Patterson,41,Huskies,UConn Huskies,UConn,Forward,F,30,148.0,17.0,33.0,0.0,0.0,18.0,31.0,19.0,23.0,42.0,3.0,2.0,4.0,10.0,13.0,52.0,1,89.5,48.3,4.9,1.7,1.4,0.1,0.1,0.1,0.3,14.1,11.4,0.8,0.5,1.1,2.7,51.5,,58.1,51.5,55.7,1.0,True,74.0,Sophomore,FORWARD,,True,Big East,I,CT,"FORT WAYNE, IND",IN,USA,2.0,False,Connecticut,False,False
5106222.0,Taina Mair,150,Blue Devils,Duke Blue Devils,Duke,Guard,G,36,1221.0,154.0,375.0,43.0,126.0,67.0,77.0,57.0,157.0,214.0,201.0,89.0,4.0,97.0,66.0,418.0,36,74.1,59.7,33.9,11.6,5.9,5.6,2.5,0.1,2.7,13.7,7.0,6.6,2.9,0.1,3.2,41.1,34.1,87.0,46.8,51.1,7.0,True,69.0,Senior,GUARD,Boston College,False,ACC,I,NC,"BOSTON, MASS",MA,USA,4.0,True,North Carolina,False,False
5106223.0,T'yana Todd,194,Buckeyes,Ohio State Buckeyes,Ohio State,Guard,G,35,406.0,47.0,136.0,18.0,67.0,19.0,24.0,14.0,23.0,37.0,16.0,16.0,2.0,16.0,40.0,131.0,9,81.3,66.3,11.6,3.7,1.1,0.5,0.5,0.1,0.5,12.9,3.6,1.6,1.6,0.2,1.6,34.6,26.9,79.2,41.2,44.7,8.0,True,,Senior,GUARD,Boston College,False,Big Ten,I,OH,"VAUGHAN, ONTARIO, CANADA",,CANADA,4.0,True,Ohio,False,False
5106232.0,Ashlon Jackson,150,Blue Devils,Duke Blue Devils,Duke,Guard,G,36,1222.0,133.0,388.0,73.0,238.0,65.0,80.0,6.0,114.0,120.0,164.0,52.0,15.0,79.0,53.0,404.0,36,74.1,59.7,33.9,11.2,3.3,4.6,1.4,0.4,2.2,13.2,3.9,5.4,1.7,0.5,2.6,34.3,30.7,81.2,43.7,47.7,7.0,True,,Senior,GUARD,,False,ACC,I,NC,"CHINA, TEXAS",TX,USA,4.0,False,North Carolina,False,False
5107340.0,Ta'Mia Scott,333,Crimson Tide,Alabama Crimson Tide,Alabama,Guard,G,35,941.0,128.0,296.0,52.0,139.0,24.0,40.0,9.0,111.0,120.0,43.0,33.0,31.0,54.0,67.0,332.0,35,70.0,61.6,26.9,9.5,3.4,1.2,0.9,0.9,1.5,14.1,5.1,1.8,1.4,1.3,2.3,43.2,37.4,60.0,52.0,52.9,21.0,True,,Senior,GUARD,Middle Tennessee,False,SEC,I,AL,"CLARKSVILLE, TENN",TN,USA,4.0,True,Alabama,False,False
5107471.0,Nya Robertson,2633,Lady Volunteers,Tennessee Lady Volunteers,Tennessee,Guard,G,30,682.0,88.0,244.0,57.0,172.0,22.0,33.0,34.0,37.0,71.0,39.0,19.0,4.0,50.0,60.0,255.0,22,76.4,69.6,22.7,8.5,2.4,1.3,0.6,0.1,1.7,15.0,4.2,2.3,1.1,0.2,2.9,36.1,33.1,66.7,47.7,49.3,8.0,True,67.0,Senior,GUARD,George Washington/SMU,False,SEC,I,TN,"FORT WORTH, TEXAS",TX,USA,4.0,True,Tennessee,False,False
5107502.0,Jada Green,257,Spiders,Richmond Spiders,Richmond,Forward,F,16,43.0,1.0,3.0,0.0,0.0,0.0,2.0,5.0,2.0,7.0,1.0,2.0,1.0,2.0,5.0,2.0,2,78.2,57.3,2.7,0.1,0.4,0.1,0.1,0.1,0.1,1.9,6.5,0.9,1.9,0.9,1.9,33.3,,0.0,33.3,25.8,24.0,True,73.0,Senior,FORWARD,,False,Atlantic 10,I,VA,"FORT LAUDERDALE, FLA",FL,USA,4.0,False,Virginia,False,False
5107504.0,Rachel Ullstrom,257,Spiders,Richmond Spiders,Richmond,Guard,G,34,1115.0,170.0,355.0,92.0,225.0,42.0,53.0,47.0,144.0,191.0,41.0,38.0,19.0,39.0,46.0,474.0,34,72.1,59.5,32.8,13.9,5.6,1.2,1.1,0.6,1.1,17.0,6.9,1.5,1.4,0.7,1.4,47.9,40.9,79.2,60.8,62.6,24.0,True,73.0,Senior,GUARD,,False,Atlantic 10,I,VA,"AUBURN, MASS",MA,USA,4.0,False,Virginia,False,False
5107506.0,Maggie Doogan,257,Spiders,Richmond Spiders,Richmond,Forward,F,34,1170.0,248.0,490.0,91.0,225.0,129.0,145.0,37.0,232.0,269.0,133.0,32.0,38.0,131.0,74.0,716.0,34,72.1,59.5,34.4,21.1,7.9,3.9,0.9,1.1,3.9,24.5,9.2,4.5,1.1,1.3,4.5,50.6,40.4,89.0,59.9,64.6,24.0,True,74.0,Senior,FORWARD,,False,Atlantic 10,I,VA,"BROOMALL, PA",PA,USA,4.0,False,Virginia,False,False
5107515.0,Laura Ziegler,97,Cardinals,Louisville Cardinals,Louisville,Forward,F,37,1042.0,159.0,352.0,48.0,133.0,41.0,45.0,79.0,176.0,255.0,108.0,23.0,18.0,57.0,50.0,407.0,37,78.7,61.0,28.2,11.0,6.9,2.9,0.6,0.5,1.5,15.6,9.8,4.1,0.9,0.7,2.2,45.2,36.1,91.1,52.0,54.7,6.0,True,74.0,Senior,FORWARD,Saint Joseph's,False,ACC,I,KY,"HERLEV, DENMARK",,DENMARK,4.0,True,Kentucky,False,False
5107570.0,Ella Brow,239,Bears,Baylor Bears,Baylor,Guard,G,11,76.0,2.0,6.0,1.0,5.0,1.0,2.0,0.0,5.0,5.0,11.0,4.0,0.0,5.0,7.0,6.0,0,67.5,64.4,6.9,0.5,0.5,1.0,0.4,0.0,0.5,3.2,2.6,5.8,2.1,0.0,2.6,33.3,20.0,50.0,41.7,43.6,7.0,True,68.0,Junior,GUARD,SMU,True,Big 12,I,TX,"PALM BEACH, AUSTRALIA",,AUSTRALIA,3.0,True,Texas,False,False
5107687.0,Marah Dykstra,127,Spartans,Michigan State Spartans,Michigan State,Forward,F,30,342.0,35.0,79.0,18.0,46.0,9.0,12.0,22.0,28.0,50.0,20.0,13.0,7.0,9.0,15.0,97.0,10,82.1,65.1,11.4,3.2,1.7,0.7,0.4,0.2,0.3,11.3,5.8,2.3,1.5,0.8,1.1,44.3,39.1,75.0,55.7,57.5,12.0,True,74.0,Senior,FORWARD,Montana State,False,Big Ten,I,MI,"VANCOUVER, BRITISH COLUMBIA",,CANADA,4.0,True,Michigan,False,False
5107737.0,Gemma Nuñez,2641,Lady Raiders,Texas Tech Lady Raiders,Texas Tech,Guard,G,34,1034.0,69.0,164.0,16.0,63.0,23.0,36.0,42.0,111.0,153.0,159.0,67.0,4.0,77.0,55.0,177.0,34,70.8,59.1,30.4,5.2,4.5,4.7,2.0,0.1,2.3,6.8,5.9,6.2,2.6,0.2,3.0,42.1,25.4,63.9,47.0,49.2,16.0,True,67.0,Senior,GUARD,Campbell,False,Big 12,I,TX,"ALMERIA, SPAIN",,SPAIN,4.0,True,Texas,False,False
5107833.0,Sam Dewey,257,Spiders,Richmond Spiders,Richmond,Forward,F,34,739.0,59.0,146.0,37.0,106.0,16.0,20.0,32.0,63.0,95.0,36.0,17.0,1.0,28.0,44.0,171.0,20,72.1,59.5,21.7,5.0,2.8,1.1,0.5,0.0,0.8,9.3,5.1,1.9,0.9,0.1,1.5,40.4,34.9,80.0,53.1,55.2,24.0,True,74.0,Senior,FORWARD,Illinois,False,Atlantic 10,I,VA,"MELROSE, MASS",MA,USA,4.0,True,Virginia,False,False
5107834.0,Yarden Garzon,120,Terrapins,Maryland Terrapins,Maryland,Guard,G,33,1063.0,148.0,365.0,88.0,240.0,28.0,32.0,27.0,104.0,131.0,99.0,35.0,12.0,66.0,85.0,412.0,33,82.3,63.7,32.2,12.5,4.0,3.0,1.1,0.4,2.0,15.5,4.9,3.7,1.3,0.5,2.5,40.5,36.7,87.5,52.6,54.3,7.0,True,75.0,Senior,GUARD,Indiana,False,Big Ten,I,MD,"RA'ANANA, ISRAEL",,ISRAEL,4.0,True,Maryland,False,False
5107854.0,Theryn Hallock,127,Spartans,Michigan State Spartans,Michigan State,Guard,G,8,170.0,32.0,73.0,11.0,40.0,10.0,12.0,2.0,11.0,13.0,22.0,18.0,2.0,11.0,11.0,85.0,7,96.1,50.4,21.2,10.6,1.6,2.8,2.2,0.2,1.4,20.0,3.1,5.2,4.2,0.5,2.6,43.8,27.5,83.3,51.4,54.3,12.0,True,70.0,Senior,GUARD,,False,Big Ten,I,MI,"GRAND RAPIDS, MICH",MI,USA,4.0,False,Michigan,False,False
5107920.0,Enjulina Gonzalez,61,Lady Bulldogs,Georgia Lady Bulldogs,Georgia,Guard,G,32,523.0,42.0,88.0,4.0,19.0,15.0,21.0,11.0,43.0,54.0,40.0,33.0,1.0,42.0,45.0,103.0,1,73.6,62.1,16.3,3.2,1.7,1.2,1.0,0.0,1.3,7.9,4.1,3.1,2.5,0.1,3.2,47.7,21.1,71.4,50.0,53.0,22.0,True,69.0,Junior,GUARD,Miami (Ohio),False,SEC,I,GA,"MIAMI, FLA",FL,USA,3.0,True,Georgia,False,False
5108051.0,Jordan Harrison,277,Mountaineers,West Virginia Mountaineers,West Virginia,Guard,G,34,1066.0,149.0,331.0,35.0,116.0,114.0,136.0,26.0,85.0,111.0,178.0,110.0,0.0,95.0,85.0,447.0,34,76.2,58.6,31.4,13.1,3.3,5.2,3.2,0.0,2.8,16.8,4.2,6.7,4.1,0.0,3.6,45.0,30.2,83.8,50.3,57.2,15.0,True,66.0,Senior,GUARD,,False,Big 12,I,WV,"OKLAHOMA CITY, OKLA",OK,USA,4.0,False,West Virginia,False,False
5108329.0,Denim DeShields,145,Rebels,Ole Miss Rebels,Ole Miss,Guard,G,35,620.0,47.0,135.0,24.0,65.0,45.0,55.0,15.0,40.0,55.0,70.0,27.0,4.0,46.0,55.0,163.0,8,74.7,61.7,17.7,4.7,1.6,2.0,0.8,0.1,1.3,10.5,3.5,4.5,1.7,0.3,3.0,34.8,36.9,81.8,43.7,51.2,12.0,True,65.0,Senior,GUARD,Mississippi State,False,SEC,I,MS,"ATLANTA, GA",GA,USA,4.0,True,Mississippi,False,False
5108349.0,Sidney Love,2641,Lady Raiders,Texas Tech Lady Raiders,Texas Tech,Guard,G,29,528.0,42.0,103.0,15.0,46.0,25.0,32.0,19.0,45.0,64.0,53.0,26.0,3.0,31.0,48.0,124.0,0,69.9,60.3,18.2,4.3,2.2,1.8,0.9,0.1,1.1,9.4,4.8,4.0,2.0,0.2,2.3,40.8,32.6,78.1,48.1,53.0,16.0,True,68.0,Senior,GUARD,UTSA,False,Big 12,I,TX,"SAN ANTONIO, TEXAS",TX,USA,4.0,True,Texas,True,False
5108355.0,Josie Gilvin,96,Wildcats,Kentucky Wildcats,Kentucky,Guard,G,23,160.0,10.0,24.0,1.0,6.0,7.0,8.0,9.0,8.0,17.0,13.0,12.0,1.0,6.0,19.0,28.0,0,76.1,56.7,7.0,1.2,0.7,0.6,0.5,0.0,0.3,7.0,4.2,3.2,3.0,0.2,1.5,41.7,16.7,87.5,43.8,50.9,6.0,True,72.0,Senior,GUARD,Western Kentucky,False,SEC,I,KY,"LOUISVILLE, KY",KY,USA,4.0,True,Kentucky,True,False
5108516.0,Niamya Holloway,135,Golden Gophers,Minnesota Golden Gophers,Minnesota,Forward,F,24,158.0,17.0,42.0,1.0,8.0,8.0,13.0,12.0,36.0,48.0,6.0,15.0,2.0,8.0,20.0,43.0,0,75.4,54.9,6.6,1.8,2.0,0.2,0.6,0.1,0.3,10.9,12.2,1.5,3.8,0.5,2.0,40.5,12.5,61.5,41.7,45.1,19.0,True,,Junior,FORWARD,,True,Big Ten,I,MN,"EDEN PRAIRIE, MINN",MN,USA,3.0,False,Minnesota,False,False
5108518.0,Callin Hake,158,Cornhuskers,Nebraska Cornhuskers,Nebraska,Guard,G,32,885.0,71.0,191.0,45.0,129.0,44.0,50.0,6.0,75.0,81.0,116.0,42.0,5.0,51.0,65.0,231.0,32,78.7,67.3,27.7,7.2,2.5,3.6,1.3,0.2,1.6,10.4,3.7,5.2,1.9,0.2,2.3,37.2,34.9,88.0,49.0,54.2,20.0,True,68.0,Senior,GUARD,,False,Big Ten,I,NE,"VICTORIA, MINN",MN,USA,4.0,False,Nebraska,False,False
5108531.0,Emma Shumate,127,Spartans,Michigan State Spartans,Michigan State,Guard,G,32,721.0,68.0,158.0,61.0,147.0,7.0,14.0,24.0,42.0,66.0,25.0,27.0,22.0,4.0,56.0,204.0,4,82.1,66.1,22.5,6.4,2.1,0.8,0.8,0.7,0.1,11.3,3.7,1.4,1.5,1.2,0.2,43.0,41.5,50.0,62.3,62.1,12.0,True,73.0,Senior,GUARD,Ohio State,False,Big Ten,I,MI,"DRESDEN, OHIO",OH,USA,4.0,True,Michigan,False,False
5108550.0,Serah Williams,41,Huskies,UConn Huskies,UConn,Forward,F,38,661.0,107.0,182.0,0.0,0.0,40.0,58.0,68.0,101.0,169.0,57.0,27.0,51.0,60.0,73.0,254.0,38,86.6,50.7,17.4,6.7,4.4,1.5,0.7,1.3,1.6,15.4,10.2,3.4,1.6,3.1,3.6,58.8,,69.0,58.8,61.2,1.0,True,76.0,Senior,FORWARD,Wisconsin,False,Big East,I,CT,"BROOKLYN, NY",NY,USA,4.0,True,Connecticut,False,False
5108583.0,Veronica Sheffey,2628,Horned Frogs,TCU Horned Frogs,TCU,Guard,G,37,414.0,51.0,112.0,13.0,38.0,38.0,45.0,7.0,38.0,45.0,16.0,18.0,3.0,30.0,46.0,153.0,0,77.0,56.8,11.2,4.1,1.2,0.4,0.5,0.1,0.8,14.8,4.3,1.5,1.7,0.3,2.9,45.5,34.2,84.4,51.3,58.0,8.0,True,69.0,Senior,GUARD,San Diego State / San Diego,False,Big 12,I,TX,"WOODINVILLE, WASH",WA,USA,4.0,True,Texas,False,False
5108587.0,Madina Okot,2579,Gamecocks,South Carolina Gamecocks,South Carolina,Center,C,39,906.0,214.0,372.0,13.0,29.0,59.0,84.0,149.0,263.0,412.0,39.0,51.0,55.0,83.0,73.0,500.0,36,85.3,57.9,23.2,12.8,10.6,1.0,1.3,1.4,2.1,22.1,18.2,1.7,2.3,2.4,3.7,57.5,44.8,70.2,59.3,61.1,2.0,True,78.0,Senior,CENTER,,False,SEC,I,SC,"MUMIAS, KENYA",,KENYA,4.0,False,South Carolina,False,False
5108593.0,Hailey Johnson,150,Blue Devils,Duke Blue Devils,Duke,Guard,G,2,4.0,0.0,1.0,0.0,1.0,0.0,0.0,0.0,1.0,1.0,0.0,0.0,0.0,0.0,0.0,0.0,0,88.0,39.0,2.0,0.0,0.5,0.0,0.0,0.0,0.0,0.0,10.0,0.0,0.0,0.0,0.0,0.0,0.0,,0.0,0.0,7.0,True,71.0,Graduate Student,GUARD,Pepperdine,False,ACC,I,NC,"COTO DE CAZA, CALIF",CA,USA,5.0,True,North Carolina,False,False
5108643.0,Wilnie Joseph,197,Cowgirls,Oklahoma State Cowgirls,Oklahoma State,Center,C,4,12.0,0.0,2.0,0.0,0.0,0.0,0.0,4.0,0.0,4.0,0.0,0.0,0.0,3.0,1.0,0.0,0,91.2,49.2,3.0,0.0,1.0,0.0,0.0,0.0,0.8,0.0,13.3,0.0,0.0,0.0,10.0,0.0,,,0.0,0.0,18.0,True,77.0,Senior,CENTER,McNeese State,False,Big 12,I,OK,"ATLANTA, GEORGIA",GA,USA,4.0,True,Oklahoma,False,False
5108914.0,Jada Brown,238,Commodores,Vanderbilt Commodores,Vanderbilt,Guard,G,33,651.0,36.0,102.0,23.0,69.0,14.0,17.0,8.0,27.0,35.0,42.0,34.0,2.0,26.0,40.0,109.0,1,84.2,65.0,19.7,3.3,1.1,1.3,1.0,0.1,0.8,6.7,2.2,2.6,2.1,0.1,1.6,35.3,33.3,82.4,46.6,49.8,5.0,True,68.0,Senior,GUARD,,False,SEC,I,TN,"BENTONVILLE, ARK",AR,USA,4.0,False,Tennessee,False,False
5108956.0,Taylor Charles,163,Tigers,Princeton Tigers,Princeton,Forward,F,30,403.0,25.0,69.0,4.0,15.0,14.0,22.0,28.0,75.0,103.0,24.0,28.0,38.0,21.0,37.0,68.0,4,72.4,60.7,13.4,2.3,3.4,0.8,0.9,1.3,0.7,6.7,10.2,2.4,2.8,3.8,2.1,36.2,26.7,63.6,39.1,43.2,19.0,True,74.0,Senior,FORWARD,,False,Ivy,I,NJ,"ELGIN, ILL",IL,USA,4.0,False,New Jersey,False,False
5109086.0,Sydney Harris,66,Cyclones,Iowa State Cyclones,Iowa State,Forward,F,32,567.0,61.0,161.0,46.0,124.0,35.0,41.0,11.0,79.0,90.0,19.0,17.0,5.0,25.0,33.0,203.0,6,81.7,67.3,17.7,6.3,2.8,0.6,0.5,0.2,0.8,14.3,6.3,1.3,1.2,0.4,1.8,37.9,37.1,85.4,52.2,56.7,10.0,True,73.0,Senior,GUARD,Central Michigan/TCU,False,Big 12,I,IA,"EDWARDSVILLE, ILL",IL,USA,4.0,True,Iowa,False,False
5109222.0,Kelly Ratigan,87,Fighting Irish,Notre Dame Fighting Irish,Notre Dame,Guard,G,15,136.0,7.0,20.0,5.0,16.0,4.0,6.0,3.0,7.0,10.0,3.0,4.0,0.0,4.0,15.0,23.0,0,86.1,59.3,9.1,1.5,0.7,0.2,0.3,0.0,0.3,6.8,2.9,0.9,1.2,0.0,1.2,35.0,31.2,66.7,47.5,50.8,15.0,True,68.0,Junior,GUARD,Loyola Maryland,False,ACC,I,IN,"SOUTH BEND, IN",IN,USA,3.0,True,Indiana,True,True
5109726.0,Kierra Wheeler,277,Mountaineers,West Virginia Mountaineers,West Virginia,Forward,F,35,1007.0,202.0,392.0,5.0,21.0,61.0,108.0,90.0,173.0,263.0,69.0,52.0,24.0,100.0,83.0,470.0,35,76.3,58.4,28.8,13.4,7.5,2.0,1.5,0.7,2.9,18.7,10.4,2.7,2.1,1.0,4.0,51.5,23.8,56.5,52.2,53.5,15.0,True,73.0,Graduate Student,FORWARD,,False,Big 12,I,WV,"MINNEAPOLIS, MINN",MN,USA,5.0,False,West Virginia,False,False
5109820.0,Brooke Quarles Daniels,130,Wolverines,Michigan Wolverines,Michigan,Guard,G,35,891.0,82.0,171.0,0.0,3.0,42.0,69.0,106.0,82.0,188.0,99.0,86.0,8.0,53.0,79.0,206.0,31,82.3,62.6,25.5,5.9,5.4,2.8,2.5,0.2,1.5,9.2,8.4,4.4,3.9,0.4,2.4,48.0,0.0,60.9,48.0,51.2,6.0,True,67.0,Senior,GUARD,Oakland,False,Big Ten,I,MI,"MACOMB, MICH",MI,USA,4.0,True,Michigan,True,False
5109974.0,Micah Gray,197,Cowgirls,Oklahoma State Cowgirls,Oklahoma State,Guard,G,34,1003.0,154.0,390.0,93.0,267.0,61.0,76.0,21.0,46.0,67.0,59.0,31.0,5.0,55.0,60.0,462.0,34,81.1,64.2,29.5,13.6,2.0,1.7,0.9,0.1,1.6,18.4,2.7,2.4,1.2,0.2,2.2,39.5,34.8,80.3,51.4,54.6,18.0,True,68.0,Senior,GUARD,Seton Hall,False,Big 12,I,OK,"OKLAHOMA CITY, OKLAHOMA",OK,USA,4.0,True,Oklahoma,True,False
5122345.0,Cassandre Prosper,87,Fighting Irish,Notre Dame Fighting Irish,Notre Dame,Guard,G,36,1193.0,191.0,388.0,18.0,59.0,90.0,122.0,81.0,153.0,234.0,59.0,59.0,39.0,76.0,85.0,490.0,36,77.1,65.1,33.1,13.6,6.5,1.6,1.6,1.1,2.1,16.4,7.8,2.0,2.0,1.3,2.5,49.2,30.5,73.8,51.5,55.5,15.0,True,75.0,Senior,GUARD,,False,ACC,I,IN,"MONTREAL, QUEBEC",,CANADA,4.0,False,Indiana,False,False
5122915.0,Sarah Graves,251,Longhorns,Texas Longhorns,Texas,Guard,G,20,87.0,11.0,22.0,4.0,13.0,4.0,6.0,5.0,10.0,15.0,2.0,2.0,1.0,0.0,8.0,30.0,0,93.3,48.0,4.4,1.5,0.8,0.1,0.1,0.0,0.0,13.8,6.9,0.9,0.9,0.5,0.0,50.0,30.8,66.7,59.1,60.9,2.0,True,69.0,Senior,GUARD,,False,SEC,I,TX,"KELLER, TEXAS",TX,USA,4.0,False,Texas,False,False
5125264.0,Jana El Alfy,41,Huskies,UConn Huskies,UConn,Center,C,35,402.0,59.0,94.0,0.0,0.0,23.0,40.0,66.0,79.0,145.0,30.0,6.0,12.0,25.0,41.0,141.0,1,86.3,50.6,11.5,4.0,4.1,0.9,0.2,0.3,0.7,14.0,14.4,3.0,0.6,1.2,2.5,62.8,,57.5,62.8,63.2,1.0,True,77.0,Sophomore,CENTER,,True,Big East,I,CT,"CAIRO, EGYPT",,EGYPT,2.0,False,Connecticut,False,False
5127965.0,Megan Grant,26,Bruins,UCLA Bruins,UCLA,Guard,G,14,31.0,3.0,9.0,0.0,0.0,0.0,1.0,3.0,1.0,4.0,1.0,0.0,0.0,4.0,3.0,6.0,0,90.9,52.1,2.2,0.4,0.3,0.1,0.0,0.0,0.3,7.7,5.2,1.3,0.0,0.0,5.2,33.3,,0.0,33.3,31.8,2.0,True,70.0,Senior,GUARD,,False,Big Ten,I,CA,"SAN BRUNO, CALIF",CA,USA,4.0,False,California,False,False
5174248.0,Reychel Douglas,333,Crimson Tide,Alabama Crimson Tide,Alabama,Guard,G,8,34.0,3.0,12.0,1.0,5.0,3.0,4.0,3.0,4.0,7.0,3.0,0.0,1.0,5.0,1.0,10.0,0,74.5,56.4,4.2,1.2,0.9,0.4,0.0,0.1,0.6,11.8,8.2,3.5,0.0,1.2,5.9,25.0,20.0,75.0,29.2,36.3,21.0,True,,Sophomore,GUARD,,True,SEC,I,AL,"RALEIGH, NC",NC,USA,2.0,False,Alabama,False,False
5174249.0,Essence Cody,333,Crimson Tide,Alabama Crimson Tide,Alabama,Forward,F,27,633.0,114.0,202.0,13.0,35.0,70.0,93.0,35.0,74.0,109.0,16.0,30.0,26.0,46.0,78.0,311.0,22,70.8,63.1,23.4,11.5,4.0,0.6,1.1,1.0,1.7,19.7,6.9,1.0,1.9,1.6,2.9,56.4,37.1,75.3,59.7,64.0,21.0,True,76.0,Junior,FORWARD,,False,SEC,I,AL,"VALDOSTA, GA",GA,USA,3.0,False,Alabama,False,False
5174250.0,Naomi Jones,333,Crimson Tide,Alabama Crimson Tide,Alabama,Forward,F,33,547.0,56.0,123.0,0.0,0.0,42.0,71.0,58.0,103.0,161.0,18.0,14.0,61.0,29.0,55.0,154.0,13,70.3,61.7,16.6,4.7,4.9,0.5,0.4,1.8,0.9,11.3,11.8,1.3,1.0,4.5,2.1,45.5,,59.2,45.5,49.9,21.0,True,76.0,Sophomore,FORWARD,,True,SEC,I,AL,"JACKSON, ALA",AL,USA,2.0,False,Alabama,False,False
5174251.0,Taliah Scott,239,Bears,Baylor Bears,Baylor,Guard,G,33,1044.0,182.0,483.0,80.0,249.0,205.0,229.0,8.0,77.0,85.0,90.0,39.0,3.0,109.0,63.0,649.0,32,70.4,60.3,31.6,19.7,2.6,2.7,1.2,0.1,3.3,24.9,3.3,3.4,1.5,0.1,4.2,37.7,32.1,89.5,46.0,55.6,7.0,True,69.0,Sophomore,GUARD,Auburn,True,Big 12,I,TX,"ORANGE PARK, FLA",FL,USA,2.0,True,Texas,False,False
5174256.0,Yakiya Milton,30,Trojans,USC Trojans,USC,Forward,F,16,113.0,9.0,31.0,0.0,0.0,18.0,25.0,15.0,31.0,46.0,3.0,4.0,9.0,10.0,20.0,36.0,0,70.1,59.9,7.1,2.2,2.9,0.2,0.2,0.6,0.6,12.7,16.3,1.1,1.4,3.2,3.5,29.0,,72.0,29.0,42.9,8.0,True,77.0,Junior,FORWARD,,False,Big Ten,I,CA,"JACKSONVILLE, FLA",FL,USA,3.0,False,California,False,False
5174262.0,Miyah Verse,61,Lady Bulldogs,Georgia Lady Bulldogs,Georgia,Forward,F,32,401.0,42.0,83.0,0.0,0.0,16.0,39.0,41.0,78.0,119.0,8.0,25.0,10.0,13.0,52.0,100.0,2,73.6,62.1,12.5,3.1,3.7,0.2,0.8,0.3,0.4,10.0,11.9,0.8,2.5,1.0,1.3,50.6,,41.0,50.6,49.9,22.0,True,73.0,Sophomore,FORWARD,,True,SEC,I,GA,"DAYTON, OHIO",OH,USA,2.0,False,Georgia,False,False
5174267.0,Mikaylah Williams,99,Tigers,LSU Tigers,LSU,Guard,G,35,998.0,185.0,365.0,50.0,119.0,78.0,93.0,28.0,159.0,187.0,127.0,48.0,6.0,83.0,46.0,498.0,35,95.0,61.1,28.5,14.2,5.3,3.6,1.4,0.2,2.4,20.0,7.5,5.1,1.9,0.2,3.3,50.7,42.0,83.9,57.5,61.3,5.0,True,72.0,Junior,GUARD,,False,SEC,I,LA,"BOSSIER CITY, LA",LA,USA,3.0,False,Louisiana,False,False
5174269.0,Aalyah Del Rosario,238,Commodores,Vanderbilt Commodores,Vanderbilt,Center,C,21,117.0,10.0,20.0,0.0,0.0,7.0,14.0,8.0,20.0,28.0,16.0,5.0,15.0,16.0,18.0,27.0,0,87.0,59.8,5.6,1.3,1.3,0.8,0.2,0.7,0.8,9.2,9.6,5.5,1.7,5.1,5.5,50.0,,50.0,50.0,51.6,5.0,True,78.0,Junior,CENTER,,False,SEC,I,TN,"SANTO DOMINGO, DOMINICAN REPUBLIC",,DOMINICAN REPUBLIC,3.0,False,Tennessee,False,False
5174271.0,Jasmine Brown-Hagger,356,Fighting Illini,Illinois Fighting Illini,Illinois,Guard,G,34,837.0,88.0,202.0,19.0,59.0,34.0,48.0,37.0,38.0,75.0,59.0,36.0,3.0,48.0,86.0,229.0,34,76.5,66.1,24.6,6.7,2.2,1.7,1.1,0.1,1.4,10.9,3.6,2.8,1.7,0.1,2.3,43.6,32.2,70.8,48.3,51.3,25.0,True,69.0,Junior,GUARD,Mississippi State,False,Big Ten,I,IL,"SHOREWOOD, ILL",IL,USA,3.0,True,Illinois,True,False
5174279.0,J'Adore Young,145,Rebels,Ole Miss Rebels,Ole Miss,Center,C,29,227.0,17.0,41.0,0.0,1.0,11.0,13.0,14.0,28.0,42.0,7.0,7.0,10.0,12.0,22.0,45.0,1,76.2,61.0,7.8,1.6,1.4,0.2,0.2,0.3,0.4,7.9,7.4,1.2,1.2,1.8,2.1,41.5,0.0,84.6,41.5,48.2,12.0,True,76.0,Sophomore,CENTER,,False,SEC,I,MS,"MAULDIN, SC",SC,USA,2.0,False,Mississippi,False,False
5174284.0,Tessa Johnson,2579,Gamecocks,South Carolina Gamecocks,South Carolina,Guard,G,38,1069.0,177.0,377.0,90.0,201.0,43.0,52.0,18.0,110.0,128.0,96.0,24.0,10.0,51.0,40.0,487.0,38,84.3,57.9,28.1,12.8,3.4,2.5,0.6,0.3,1.3,18.2,4.8,3.6,0.9,0.4,1.9,46.9,44.8,82.7,58.9,60.9,2.0,True,72.0,Junior,GUARD,,False,SEC,I,SC,"ALBERTVILLE, MINN",MN,USA,3.0,False,South Carolina,False,False
5174285.0,MiLaysia Fulwiley,99,Tigers,LSU Tigers,LSU,Guard,G,35,797.0,190.0,401.0,42.0,129.0,89.0,114.0,32.0,94.0,126.0,124.0,99.0,50.0,84.0,77.0,511.0,1,95.0,61.1,22.8,14.6,3.6,3.5,2.8,1.4,2.4,25.6,6.3,6.2,5.0,2.5,4.2,47.4,32.6,78.1,52.6,56.6,5.0,True,70.0,Junior,GUARD,South Carolina,False,SEC,I,LA,"COLUMBIA, SC",SC,USA,3.0,True,Louisiana,False,False
5174309.0,Khamil Pierre,152,Wolfpack,NC State Wolfpack,NC State,Forward,F,32,1018.0,234.0,446.0,1.0,6.0,66.0,94.0,108.0,273.0,381.0,43.0,33.0,18.0,85.0,60.0,535.0,31,76.7,67.1,31.8,16.7,11.9,1.3,1.0,0.6,2.7,21.0,15.0,1.7,1.3,0.7,3.3,52.5,16.7,70.2,52.6,54.9,9.0,True,74.0,Junior,FORWARD,Vanderbilt,False,ACC,I,NC,"PHOENIX, ARIZ",AZ,USA,3.0,True,North Carolina,False,False
5174310.0,Aiyana Mitchell,238,Commodores,Vanderbilt Commodores,Vanderbilt,Forward,F,34,540.0,79.0,131.0,0.0,0.0,39.0,65.0,74.0,88.0,162.0,29.0,30.0,36.0,35.0,55.0,197.0,1,84.3,65.2,15.9,5.8,4.8,0.9,0.9,1.1,1.0,14.6,12.0,2.1,2.2,2.7,2.6,60.3,,60.0,60.3,61.7,5.0,True,76.0,Junior,FORWARD,,False,SEC,I,TN,"COLORADO SPRINGS, COLO",CO,USA,3.0,False,Tennessee,False,False
5174311.0,Aga Makurat,238,Commodores,Vanderbilt Commodores,Vanderbilt,Guard,G,31,311.0,35.0,82.0,24.0,61.0,6.0,6.0,15.0,31.0,46.0,17.0,10.0,6.0,15.0,20.0,100.0,0,85.4,64.6,10.0,3.2,1.5,0.5,0.3,0.2,0.5,12.9,5.9,2.2,1.3,0.8,1.9,42.7,39.3,100.0,57.3,59.1,5.0,True,75.0,Junior,GUARD,,False,SEC,I,TN,"SIERAKOWICE, POLAND",,POLAND,3.0,False,Tennessee,False,False
5174354.0,Maddie Cox,152,Wolfpack,NC State Wolfpack,NC State,Forward,F,32,488.0,30.0,75.0,14.0,38.0,15.0,17.0,14.0,75.0,89.0,25.0,11.0,12.0,19.0,25.0,89.0,3,76.7,67.1,15.2,2.8,2.8,0.8,0.3,0.4,0.6,7.3,7.3,2.0,0.9,1.0,1.6,40.0,36.8,88.2,49.3,54.0,9.0,True,74.0,Junior,FORWARD,,False,ACC,I,NC,"FLOWER MOUND, TEXAS",TX,USA,3.0,False,North Carolina,False,False
5174356.0,Zoe Brooks,152,Wolfpack,NC State Wolfpack,NC State,Guard,G,31,1022.0,172.0,394.0,14.0,61.0,138.0,159.0,27.0,118.0,145.0,132.0,52.0,9.0,72.0,59.0,496.0,31,77.2,66.3,33.0,16.0,4.7,4.3,1.7,0.3,2.3,19.4,5.7,5.2,2.0,0.4,2.8,43.7,23.0,86.8,45.4,53.5,9.0,True,70.0,Junior,GUARD,,False,ACC,I,NC,"PLAINFIELD, NJ",NJ,USA,3.0,False,North Carolina,False,False
5174357.0,Mallory Collier,152,Wolfpack,NC State Wolfpack,NC State,Center,C,16,112.0,18.0,29.0,0.0,0.0,6.0,8.0,7.0,11.0,18.0,1.0,1.0,1.0,6.0,11.0,42.0,0,78.3,61.1,7.0,2.6,1.1,0.1,0.1,0.1,0.4,15.0,6.4,0.4,0.4,0.4,2.1,62.1,,75.0,62.1,64.6,9.0,True,75.0,Junior,CENTER,,False,ACC,I,NC,"MILLINGTON, TENN",TN,USA,3.0,False,North Carolina,False,False
5174384.0,Ally Sweeney,257,Spiders,Richmond Spiders,Richmond,Guard,G,34,1140.0,134.0,291.0,55.0,138.0,34.0,39.0,15.0,86.0,101.0,149.0,33.0,5.0,72.0,22.0,357.0,33,72.1,59.5,33.5,10.5,3.0,4.4,1.0,0.1,2.1,12.5,3.5,5.2,1.2,0.2,2.5,46.0,39.9,87.2,55.5,57.9,24.0,True,66.0,Junior,GUARD,,False,Atlantic 10,I,VA,"SPARTA, NJ",NJ,USA,3.0,False,Virginia,False,False
5174396.0,Lilly Taulelei,66,Cyclones,Iowa State Cyclones,Iowa State,Center,C,21,119.0,22.0,40.0,0.0,1.0,10.0,14.0,15.0,6.0,21.0,7.0,6.0,1.0,7.0,14.0,54.0,0,83.3,64.2,5.7,2.6,1.0,0.3,0.3,0.0,0.3,18.2,7.1,2.4,2.0,0.3,2.4,55.0,0.0,71.4,55.0,58.5,10.0,True,75.0,Junior,FORWARD,Massachusetts,False,Big 12,I,IA,"WELLINGTON, NEW ZEALAND",,NEW ZEALAND,3.0,True,Iowa,False,False
5174407.0,Jadyn Donovan,150,Blue Devils,Duke Blue Devils,Duke,Guard,G,11,234.0,8.0,25.0,0.0,0.0,2.0,6.0,19.0,23.0,42.0,18.0,14.0,9.0,16.0,24.0,18.0,8,71.5,64.5,21.3,1.6,3.8,1.6,1.3,0.8,1.5,3.1,7.2,3.1,2.4,1.5,2.7,32.0,,33.3,32.0,32.6,7.0,True,,Junior,GUARD,,False,ACC,I,NC,"UPPER MARLBORO, MD",MD,USA,3.0,False,North Carolina,False,False
5174408.0,Oluchi Okananwa,120,Terrapins,Maryland Terrapins,Maryland,Guard,G,33,888.0,219.0,423.0,24.0,81.0,124.0,167.0,106.0,72.0,178.0,67.0,74.0,8.0,86.0,76.0,586.0,33,82.3,63.7,26.9,17.8,5.4,2.0,2.2,0.2,2.6,26.4,8.0,3.0,3.3,0.4,3.9,51.8,29.6,74.3,54.6,59.0,7.0,True,70.0,Junior,GUARD,Duke,False,Big Ten,I,MD,"BOSTON, MA",MA,USA,3.0,True,Maryland,False,False
5174409.0,Delaney Thomas,150,Blue Devils,Duke Blue Devils,Duke,Forward,F,36,965.0,156.0,258.0,0.0,1.0,84.0,112.0,90.0,135.0,225.0,31.0,63.0,17.0,50.0,96.0,396.0,34,74.1,59.7,26.8,11.0,6.2,0.9,1.8,0.5,1.4,16.4,9.3,1.3,2.6,0.7,2.1,60.5,0.0,75.0,60.5,64.4,7.0,True,75.0,Junior,FORWARD,,False,ACC,I,NC,"CHARLES TOWN, WVA",WV,USA,3.0,False,North Carolina,False,False
5174410.0,Jordan Wood,150,Blue Devils,Duke Blue Devils,Duke,Forward,F,35,691.0,59.0,158.0,29.0,78.0,21.0,28.0,36.0,73.0,109.0,34.0,14.0,41.0,39.0,48.0,168.0,3,74.2,59.8,19.7,4.8,3.1,1.0,0.4,1.2,1.1,9.7,6.3,2.0,0.8,2.4,2.3,37.3,37.2,75.0,46.5,49.3,7.0,True,76.0,Junior,FORWARD,,False,ACC,I,NC,"CHICAGO, ILL",IL,USA,3.0,False,North Carolina,False,False
5174420.0,Elif Istanbulluoglu,97,Cardinals,Louisville Cardinals,Louisville,Forward,F,36,952.0,142.0,282.0,30.0,87.0,48.0,69.0,55.0,129.0,184.0,62.0,30.0,7.0,51.0,74.0,362.0,35,78.5,61.4,26.4,10.1,5.1,1.7,0.8,0.2,1.4,15.2,7.7,2.6,1.3,0.3,2.1,50.4,34.5,69.6,55.7,57.9,6.0,True,75.0,Junior,FORWARD,,False,ACC,I,KY,"ISTANBUL, TÜRKIYE",,TURKEY,3.0,False,Kentucky,False,False
5174422.0,Laila Hull,153,Tar Heels,North Carolina Tar Heels,North Carolina,Guard,G,31,379.0,42.0,114.0,32.0,94.0,9.0,13.0,15.0,44.0,59.0,24.0,19.0,11.0,15.0,39.0,125.0,0,75.5,58.5,12.2,4.0,1.9,0.8,0.6,0.4,0.5,13.2,6.2,2.5,2.0,1.2,1.6,36.8,34.0,69.2,50.9,52.2,11.0,True,73.0,Sophomore,GUARD,,True,ACC,I,NC,"ZIONSVILLE, IND",IN,USA,2.0,False,North Carolina,False,False
5174423.0,Reniya Kelly,153,Tar Heels,North Carolina Tar Heels,North Carolina,Guard,G,23,584.0,48.0,168.0,20.0,62.0,25.0,32.0,3.0,44.0,47.0,51.0,29.0,2.0,29.0,24.0,141.0,22,74.7,58.7,25.4,6.1,2.0,2.2,1.3,0.1,1.3,9.7,3.2,3.5,2.0,0.1,2.0,28.6,32.3,78.1,34.5,38.7,11.0,True,67.0,Junior,GUARD,,False,ACC,I,NC,"HOOVER, ALA",AL,USA,3.0,False,North Carolina,False,False
5174424.0,Sydney Barker,153,Tar Heels,North Carolina Tar Heels,North Carolina,Guard,G,15,47.0,3.0,12.0,1.0,6.0,0.0,2.0,1.0,6.0,7.0,6.0,1.0,0.0,1.0,3.0,7.0,0,84.4,48.5,3.1,0.5,0.5,0.4,0.1,0.0,0.1,6.0,6.0,5.1,0.9,0.0,0.9,25.0,16.7,0.0,29.2,27.2,11.0,True,67.0,Junior,GUARD,,False,ACC,I,NC,"DURHAM, NC",NC,USA,3.0,False,North Carolina,False,False
5174425.0,Ciera Toomey,153,Tar Heels,North Carolina Tar Heels,North Carolina,Forward,F,36,839.0,130.0,239.0,21.0,71.0,34.0,52.0,81.0,141.0,222.0,52.0,26.0,53.0,50.0,71.0,315.0,36,74.6,59.1,23.3,8.8,6.2,1.4,0.7,1.5,1.4,15.0,10.6,2.5,1.2,2.5,2.4,54.4,29.6,65.4,58.8,60.1,11.0,True,76.0,Sophomore,FORWARD,,True,ACC,I,NC,"DUNMORE, PA",PA,USA,2.0,False,North Carolina,False,False
5174433.0,Alyssa Latham,2633,Lady Volunteers,Tennessee Lady Volunteers,Tennessee,Forward,F,27,516.0,48.0,89.0,4.0,19.0,26.0,35.0,39.0,53.0,92.0,13.0,28.0,10.0,24.0,52.0,126.0,16,76.6,71.6,19.1,4.7,3.4,0.5,1.0,0.4,0.9,9.8,7.1,1.0,2.2,0.8,1.9,53.9,21.1,74.3,56.2,60.3,8.0,True,74.0,Junior,FORWARD,Syracuse,False,SEC,I,TN,"GLENWOOD, ILL",IL,USA,3.0,True,Tennessee,False,False
5174437.0,Gabby Brooks,96,Wildcats,Kentucky Wildcats,Kentucky,Guard,G,8,51.0,2.0,7.0,2.0,7.0,0.0,0.0,1.0,0.0,1.0,5.0,0.0,0.0,3.0,2.0,6.0,0,90.2,44.5,6.4,0.8,0.1,0.6,0.0,0.0,0.4,4.7,0.8,3.9,0.0,0.0,2.4,28.6,28.6,,42.9,42.9,6.0,True,70.0,Junior,GUARD,Virginia Tech,False,SEC,I,KY,"HARRISONBURG, VA",VA,USA,3.0,True,Kentucky,False,False
5174442.0,Clara Strack,96,Wildcats,Kentucky Wildcats,Kentucky,Center,C,36,1122.0,240.0,498.0,25.0,100.0,102.0,154.0,109.0,256.0,365.0,68.0,44.0,91.0,80.0,87.0,607.0,36,74.9,60.9,31.2,16.9,10.1,1.9,1.2,2.5,2.2,21.6,13.0,2.4,1.6,3.2,2.9,48.2,25.0,66.2,50.7,53.6,6.0,True,77.0,Junior,CENTER,Virginia Tech,False,SEC,I,KY,"BUFFALO, NY",NY,USA,3.0,True,Kentucky,False,False
5174444.0,Rylie Theuerkauf,61,Lady Bulldogs,Georgia Lady Bulldogs,Georgia,Guard,G,32,950.0,114.0,269.0,71.0,175.0,81.0,94.0,19.0,45.0,64.0,34.0,19.0,2.0,52.0,55.0,380.0,31,73.6,62.1,29.7,11.9,2.0,1.1,0.6,0.1,1.6,16.0,2.7,1.4,0.8,0.1,2.2,42.4,40.6,86.2,55.6,61.2,22.0,True,69.0,Junior,GUARD,Wake Forest,False,SEC,I,GA,"TENAFLY, NJ",NJ,USA,3.0,True,Georgia,False,False
5174491.0,KK Arnold,41,Huskies,UConn Huskies,UConn,Guard,G,38,928.0,98.0,180.0,19.0,57.0,48.0,69.0,21.0,61.0,82.0,174.0,102.0,5.0,43.0,61.0,263.0,38,86.8,50.3,24.4,6.9,2.2,4.6,2.7,0.1,1.1,11.3,3.5,7.5,4.4,0.2,1.9,54.4,33.3,69.6,59.7,62.5,1.0,True,69.0,Junior,GUARD,,False,Big East,I,CT,"GERMANTOWN, WIS",WI,USA,3.0,False,Connecticut,False,False
5174492.0,Qadence Samuels,152,Wolfpack,NC State Wolfpack,NC State,Guard,G,32,824.0,73.0,190.0,30.0,106.0,29.0,39.0,39.0,113.0,152.0,39.0,25.0,10.0,35.0,42.0,205.0,28,76.7,67.1,25.8,6.4,4.8,1.2,0.8,0.3,1.1,10.0,7.4,1.9,1.2,0.5,1.7,38.4,28.3,74.4,46.3,49.5,9.0,True,,Junior,GUARD,UConn,False,ACC,I,NC,"FORESTVILLE, MD",MD,USA,3.0,True,North Carolina,False,False
5174493.0,Ashlynn Shade,41,Huskies,UConn Huskies,UConn,Guard,G,39,1045.0,118.0,292.0,47.0,148.0,14.0,19.0,47.0,91.0,138.0,110.0,69.0,3.0,53.0,49.0,297.0,38,86.8,50.4,26.8,7.6,3.5,2.8,1.8,0.1,1.4,11.4,5.3,4.2,2.6,0.1,2.0,40.4,31.8,73.7,48.5,49.4,1.0,True,70.0,Junior,GUARD,,False,Big East,I,CT,"NOBLESVILLE, IND",IN,USA,3.0,False,Connecticut,False,False
5174674.0,Hannah Hidalgo,87,Fighting Irish,Notre Dame Fighting Irish,Notre Dame,Guard,G,36,1307.0,339.0,714.0,36.0,142.0,195.0,234.0,60.0,189.0,249.0,188.0,202.0,10.0,118.0,104.0,909.0,36,77.1,65.1,36.3,25.2,6.9,5.2,5.6,0.3,3.3,27.8,7.6,5.8,6.2,0.3,3.6,47.5,25.4,83.3,50.0,55.6,15.0,True,66.0,Junior,GUARD,,False,ACC,I,IN,"MERCHANTVILLE, NJ",NJ,USA,3.0,False,Indiana,False,False
5174728.0,Alancia Ramsey,333,Crimson Tide,Alabama Crimson Tide,Alabama,Forward,F,27,278.0,35.0,52.0,0.0,1.0,10.0,19.0,32.0,40.0,72.0,22.0,13.0,8.0,32.0,24.0,80.0,0,68.8,63.5,10.3,3.0,2.7,0.8,0.5,0.3,1.2,11.5,10.4,3.2,1.9,1.2,4.6,67.3,0.0,52.6,67.3,66.3,21.0,True,,Junior,FORWARD,Coastal Carolina,False,SEC,I,AL,"DELRAY BEACH, FLA",FL,USA,3.0,True,Alabama,False,False
5174765.0,Maddie Webber,356,Fighting Illini,Illinois Fighting Illini,Illinois,Guard,G,34,868.0,143.0,315.0,50.0,126.0,30.0,39.0,20.0,66.0,86.0,48.0,20.0,9.0,39.0,59.0,366.0,1,76.5,66.1,25.5,10.8,2.5,1.4,0.6,0.3,1.1,16.9,4.0,2.2,0.9,0.4,1.8,45.4,39.7,76.9,53.3,55.1,25.0,True,71.0,Junior,GUARD,Villanova,False,Big Ten,I,IL,"BRIDGEVILLE, PA",PA,USA,3.0,True,Illinois,False,False
5175046.0,Riley Makalusky,277,Mountaineers,West Virginia Mountaineers,West Virginia,Forward,F,35,518.0,55.0,128.0,35.0,81.0,21.0,26.0,13.0,58.0,71.0,15.0,13.0,5.0,20.0,37.0,166.0,1,76.3,58.4,14.8,4.7,2.0,0.4,0.4,0.1,0.6,12.8,5.5,1.2,1.0,0.4,1.5,43.0,43.2,80.8,56.6,59.5,15.0,True,74.0,Junior,FORWARD,,False,Big 12,I,WV,"FISHERS, IND",IN,USA,3.0,False,West Virginia,False,False
5175423.0,Jayla Murray,145,Rebels,Ole Miss Rebels,Ole Miss,Forward,F,32,293.0,31.0,64.0,0.0,1.0,19.0,29.0,30.0,28.0,58.0,26.0,5.0,2.0,18.0,48.0,81.0,5,76.2,60.0,9.2,2.5,1.8,0.8,0.2,0.1,0.6,11.1,7.9,3.5,0.7,0.3,2.5,48.4,0.0,65.5,48.4,52.8,12.0,True,73.0,Senior,FORWARD,Wichita State,False,SEC,I,MS,"ST LOUIS, MO",MO,USA,4.0,True,Mississippi,False,False
5175473.0,Lety Vasconcelos,356,Fighting Illini,Illinois Fighting Illini,Illinois,Center,C,34,408.0,49.0,88.0,0.0,0.0,20.0,28.0,42.0,64.0,106.0,14.0,7.0,18.0,30.0,66.0,118.0,1,76.5,66.1,12.0,3.5,3.1,0.4,0.2,0.5,0.9,11.6,10.4,1.4,0.7,1.8,2.9,55.7,,71.4,55.7,58.8,25.0,True,79.0,Sophomore,CENTER,Baylor,True,Big Ten,I,IL,"MIGUEL CALMON, BAHIA, BRAZIL",,BRAZIL,2.0,True,Illinois,False,False
5175474.0,Amari Whiting,197,Cowgirls,Oklahoma State Cowgirls,Oklahoma State,Guard,G,34,994.0,117.0,275.0,34.0,106.0,58.0,81.0,57.0,142.0,199.0,97.0,60.0,12.0,70.0,77.0,326.0,34,81.1,64.2,29.2,9.6,5.9,2.9,1.8,0.4,2.1,13.1,8.0,3.9,2.4,0.5,2.8,42.5,32.1,71.6,48.7,52.5,18.0,True,70.0,Junior,GUARD,BYU,False,Big 12,I,OK,"BURLEY, IDAHO",ID,USA,3.0,True,Oklahoma,False,False
5175487.0,Jalynn Bristow,2641,Lady Raiders,Texas Tech Lady Raiders,Texas Tech,Guard,G,34,881.0,132.0,327.0,42.0,136.0,47.0,62.0,30.0,159.0,189.0,42.0,40.0,69.0,82.0,91.0,353.0,34,70.8,59.1,25.9,10.4,5.6,1.2,1.2,2.0,2.4,16.0,8.6,1.9,1.8,3.1,3.7,40.4,30.9,75.8,46.8,49.8,16.0,True,74.0,Junior,GUARD,Iowa State,False,Big 12,I,TX,"HOLLIDAY, TEXAS",TX,USA,3.0,True,Texas,True,False
5175488.0,Arianna Jackson,66,Cyclones,Iowa State Cyclones,Iowa State,Guard,G,29,830.0,63.0,149.0,61.0,139.0,11.0,16.0,17.0,68.0,85.0,20.0,22.0,1.0,15.0,57.0,198.0,29,83.6,66.1,28.6,6.8,2.9,0.7,0.8,0.0,0.5,9.5,4.1,1.0,1.1,0.0,0.7,42.3,43.9,68.8,62.8,63.4,10.0,True,69.0,Junior,GUARD,,False,Big 12,I,IA,"DES MOINES, IOWA",IA,USA,3.0,False,Iowa,False,False
5175490.0,Addy Brown,66,Cyclones,Iowa State Cyclones,Iowa State,Forward,F,21,600.0,90.0,209.0,25.0,74.0,45.0,58.0,22.0,162.0,184.0,111.0,11.0,19.0,43.0,32.0,250.0,21,86.0,65.0,28.6,11.9,8.8,5.3,0.5,0.9,2.0,16.7,12.3,7.4,0.7,1.3,2.9,43.1,33.8,77.6,49.0,53.3,10.0,True,74.0,Junior,FORWARD,,False,Big 12,I,IA,"DERBY, KAN",KS,USA,3.0,False,Iowa,False,False
5175491.0,Audi Crooks,66,Cyclones,Iowa State Cyclones,Iowa State,Center,C,31,892.0,320.0,493.0,1.0,11.0,160.0,219.0,76.0,163.0,239.0,52.0,8.0,24.0,76.0,77.0,801.0,31,81.7,67.8,28.8,25.8,7.7,1.7,0.3,0.8,2.5,35.9,10.7,2.3,0.4,1.1,3.4,64.9,9.1,73.1,65.0,68.0,10.0,True,75.0,Junior,CENTER,,False,Big 12,I,IA,"ALGONA, IOWA",IA,USA,3.0,False,Iowa,False,False
5175534.0,Faith Acker,197,Cowgirls,Oklahoma State Cowgirls,Oklahoma State,Center,C,13,59.0,16.0,28.0,0.0,0.0,2.0,6.0,8.0,13.0,21.0,1.0,3.0,3.0,5.0,10.0,34.0,0,92.6,57.1,4.5,2.6,1.6,0.1,0.2,0.2,0.4,23.1,14.2,0.7,2.0,2.0,3.4,57.1,,33.3,57.1,55.5,18.0,True,74.0,Junior,CENTER,Tarleton State,False,Big 12,I,OK,"WINNSBORO, TEXAS",TX,USA,3.0,True,Oklahoma,False,False
5175679.0,Gretchen Dolan,356,Fighting Illini,Illinois Fighting Illini,Illinois,Guard,G,18,526.0,85.0,216.0,15.0,61.0,47.0,53.0,12.0,50.0,62.0,50.0,21.0,7.0,28.0,30.0,232.0,17,79.8,61.6,29.2,12.9,3.4,2.8,1.2,0.4,1.6,17.6,4.7,3.8,1.6,0.5,2.1,39.4,24.6,88.7,42.8,48.5,25.0,True,71.0,Junior,GUARD,,False,Big Ten,I,IL,"BUFFALO, NY",NY,USA,3.0,False,Illinois,False,False
5175682.0,Kennise Johnson,2294,Hawkeyes,Iowa Hawkeyes,Iowa,Guard,G,6,22.0,1.0,4.0,0.0,1.0,0.0,0.0,0.0,3.0,3.0,3.0,0.0,0.0,2.0,0.0,2.0,0,87.0,54.0,3.7,0.3,0.5,0.5,0.0,0.0,0.3,3.6,5.5,5.5,0.0,0.0,3.6,25.0,0.0,,25.0,25.0,8.0,True,64.0,Junior,GUARD,,False,Big Ten,I,IA,"JOLIET, ILL",IL,USA,3.0,False,Iowa,False,False
5175687.0,Emily Fisher,158,Cornhuskers,Nebraska Cornhuskers,Nebraska,Guard,G,24,178.0,12.0,25.0,1.0,4.0,15.0,22.0,12.0,22.0,34.0,13.0,11.0,3.0,14.0,24.0,40.0,0,77.3,67.2,7.4,1.7,1.4,0.5,0.5,0.1,0.6,9.0,7.6,2.9,2.5,0.7,3.1,48.0,25.0,68.2,50.0,57.7,20.0,True,72.0,Junior,GUARD,Maryland,False,Big Ten,I,NE,"LIBERTYVILLE, ILL",IL,USA,3.0,True,Nebraska,False,False
5175688.0,Macy Brown,130,Wolverines,Michigan Wolverines,Michigan,Guard,G,30,370.0,22.0,58.0,13.0,36.0,17.0,26.0,2.0,36.0,38.0,36.0,15.0,6.0,25.0,33.0,74.0,0,84.1,62.0,12.3,2.5,1.3,1.2,0.5,0.2,0.8,8.0,4.1,3.9,1.6,0.6,2.7,37.9,36.1,65.4,49.1,53.3,6.0,True,,Junior,GUARD,,False,Big Ten,I,MI,"EAST GRAND RAPIDS, MICH",MI,USA,3.0,False,Michigan,False,False
5175689.0,Taylor Woodson,135,Golden Gophers,Minnesota Golden Gophers,Minnesota,Forward,F,2,22.0,1.0,5.0,0.0,1.0,0.0,2.0,1.0,3.0,4.0,0.0,1.0,0.0,1.0,4.0,2.0,0,95.0,41.5,11.0,1.0,2.0,0.0,0.5,0.0,0.5,3.6,7.3,0.0,1.8,0.0,1.8,20.0,0.0,0.0,20.0,17.0,19.0,True,,Junior,FORWARD,Michigan,False,Big Ten,I,MN,"MINNETONKA, MINN",MN,USA,3.0,True,Minnesota,True,False
5175696.0,Kennedy Blair,127,Spartans,Michigan State Spartans,Michigan State,Guard,G,32,966.0,171.0,340.0,12.0,51.0,110.0,148.0,31.0,196.0,227.0,167.0,76.0,14.0,116.0,62.0,464.0,32,82.1,66.1,30.2,14.5,7.1,5.2,2.4,0.4,3.6,19.2,9.4,6.9,3.1,0.6,4.8,50.3,23.5,74.3,52.1,57.3,12.0,True,69.0,Sophomore,GUARD,,True,Big Ten,I,MI,"DEARBORN, MICH",MI,USA,2.0,False,Michigan,False,False
5175699.0,Brynn Senden,135,Golden Gophers,Minnesota Golden Gophers,Minnesota,Guard,G,14,48.0,2.0,5.0,1.0,3.0,3.0,6.0,0.0,7.0,7.0,5.0,1.0,0.0,1.0,5.0,8.0,0,82.6,49.4,3.4,0.6,0.5,0.4,0.1,0.0,0.1,6.7,5.8,4.2,0.8,0.0,0.8,40.0,33.3,50.0,50.0,52.4,19.0,True,66.0,Junior,GUARD,,False,Big Ten,I,MN,"WAYZATA, MINN",MN,USA,3.0,False,Minnesota,False,False
5175700.0,Kennedy Klick,135,Golden Gophers,Minnesota Golden Gophers,Minnesota,Guard,G,16,105.0,10.0,19.0,2.0,3.0,5.0,8.0,4.0,9.0,13.0,16.0,5.0,0.0,11.0,7.0,27.0,0,73.9,50.9,6.6,1.7,0.8,1.0,0.3,0.0,0.7,10.3,5.0,6.1,1.9,0.0,4.2,52.6,66.7,62.5,57.9,59.9,19.0,True,71.0,Sophomore,GUARD,,True,Big Ten,I,MN,"BROOKLYN PARK, MINN",MN,USA,2.0,False,Minnesota,False,False
5175701.0,Grace Grocholski,135,Golden Gophers,Minnesota Golden Gophers,Minnesota,Guard,G,33,1106.0,151.0,318.0,70.0,165.0,28.0,39.0,66.0,102.0,168.0,95.0,34.0,5.0,48.0,50.0,400.0,33,74.1,58.8,33.5,12.1,5.1,2.9,1.0,0.2,1.5,14.5,6.1,3.4,1.2,0.2,1.7,47.5,42.4,71.8,58.5,59.7,19.0,True,70.0,Junior,GUARD,,False,Big Ten,I,MN,"NORTH PRAIRIE, WIS",WI,USA,3.0,False,Minnesota,False,False
5175708.0,Logan Nissley,158,Cornhuskers,Nebraska Cornhuskers,Nebraska,Guard,G,30,674.0,89.0,195.0,65.0,150.0,24.0,28.0,21.0,55.0,76.0,70.0,15.0,4.0,40.0,23.0,267.0,19,78.4,68.6,22.5,8.9,2.5,2.3,0.5,0.1,1.3,15.8,4.5,4.2,0.9,0.2,2.4,45.6,43.3,85.7,62.3,64.4,20.0,True,72.0,Junior,GUARD,,False,Big Ten,I,NE,"BISMARCK, ND",ND,USA,3.0,False,Nebraska,False,False
5175709.0,Jessica Petrie,158,Cornhuskers,Nebraska Cornhuskers,Nebraska,Forward,F,30,696.0,133.0,296.0,28.0,97.0,46.0,60.0,35.0,108.0,143.0,41.0,31.0,32.0,53.0,66.0,340.0,23,78.6,66.4,23.2,11.3,4.8,1.4,1.0,1.1,1.8,19.5,8.2,2.4,1.8,1.8,3.0,44.9,28.9,76.7,49.7,52.7,20.0,True,74.0,Junior,FORWARD,,False,Big Ten,I,NE,"GOLD COAST, AUSTRALIA",,AUSTRALIA,3.0,False,Nebraska,False,False
5175717.0,Diana Collins,333,Crimson Tide,Alabama Crimson Tide,Alabama,Guard,G,35,998.0,109.0,238.0,41.0,103.0,35.0,53.0,20.0,83.0,103.0,84.0,34.0,6.0,80.0,81.0,294.0,35,70.0,61.6,28.5,8.4,2.9,2.4,1.0,0.2,2.3,11.8,4.1,3.4,1.4,0.2,3.2,45.8,39.8,66.0,54.4,56.3,21.0,True,69.0,Junior,GUARD,,False,SEC,I,AL,"LILBURN, GA",GA,USA,3.0,False,Alabama,False,False
5175721.0,Rashunda Jones,127,Spartans,Michigan State Spartans,Michigan State,Guard,G,31,856.0,121.0,266.0,24.0,74.0,97.0,118.0,39.0,66.0,105.0,100.0,67.0,2.0,56.0,78.0,363.0,28,81.4,66.1,27.6,11.7,3.4,3.2,2.2,0.1,1.8,17.0,4.9,4.7,3.1,0.1,2.6,45.5,32.4,82.2,50.0,57.1,12.0,True,68.0,Junior,GUARD,Purdue,False,Big Ten,I,MI,"SOUTH BEND, IND",IN,USA,3.0,True,Michigan,False,False
5175729.0,Jillian Huerter,2217,Stags,Fairfield Stags,Fairfield,Guard,G,31,787.0,95.0,227.0,71.0,163.0,27.0,29.0,7.0,70.0,77.0,78.0,25.0,14.0,46.0,69.0,288.0,28,74.5,56.2,25.4,9.3,2.5,2.5,0.8,0.5,1.5,14.6,3.9,4.0,1.3,0.7,2.3,41.9,43.6,93.1,57.5,60.1,25.0,True,72.0,Junior,GUARD,Rutgers,False,MAAC,I,CT,"CLIFTON PARK, NY",NY,USA,3.0,True,,False,False
5175754.0,Sahara Williams,201,Sooners,Oklahoma Sooners,Oklahoma,Forward,F,34,927.0,159.0,345.0,19.0,72.0,83.0,116.0,75.0,192.0,267.0,128.0,38.0,18.0,94.0,76.0,420.0,34,85.9,68.6,27.3,12.4,7.9,3.8,1.1,0.5,2.8,18.1,11.5,5.5,1.6,0.8,4.1,46.1,26.4,71.6,48.8,53.0,5.0,True,71.0,Junior,FORWARD,,False,SEC,I,OK,"WATERLOO, IOWA",IA,USA,3.0,False,Oklahoma,False,False
5175757.0,Stailee Heard,197,Cowgirls,Oklahoma State Cowgirls,Oklahoma State,Guard,G,34,1055.0,138.0,330.0,46.0,153.0,82.0,103.0,40.0,158.0,198.0,83.0,62.0,9.0,77.0,75.0,404.0,34,81.1,64.2,31.0,11.9,5.8,2.4,1.8,0.3,2.3,15.3,7.5,3.1,2.4,0.3,2.9,41.8,30.1,79.6,48.8,53.8,18.0,True,71.0,Junior,GUARD,,False,Big 12,I,OK,"SAPULPA, OKLAHOMA",OK,USA,3.0,False,Oklahoma,False,False
5175792.0,Madison Booker,251,Longhorns,Texas Longhorns,Texas,Forward,F,39,1264.0,293.0,577.0,23.0,81.0,129.0,152.0,75.0,188.0,263.0,144.0,85.0,26.0,82.0,87.0,738.0,39,83.9,55.8,32.4,18.9,6.7,3.7,2.2,0.7,2.1,23.4,8.3,4.6,2.7,0.8,2.6,50.8,28.4,84.9,52.8,57.3,2.0,True,73.0,Junior,FORWARD,,False,SEC,I,TX,"RIDGELAND, MISS",MS,USA,3.0,False,Texas,False,False
5175800.0,Loghan Johnson,277,Mountaineers,West Virginia Mountaineers,West Virginia,Guard,G,24,198.0,11.0,27.0,2.0,7.0,13.0,20.0,10.0,13.0,23.0,12.0,17.0,1.0,15.0,11.0,37.0,0,82.2,58.3,8.2,1.5,1.0,0.5,0.7,0.0,0.6,7.5,4.6,2.4,3.4,0.2,3.0,40.7,28.6,65.0,44.4,51.7,15.0,True,70.0,Junior,GUARD,,False,Big 12,I,WV,"HOUSTON, TEXAS",TX,USA,3.0,False,West Virginia,False,False
5175811.0,Achol Akot,197,Cowgirls,Oklahoma State Cowgirls,Oklahoma State,Forward,F,34,873.0,181.0,286.0,1.0,7.0,58.0,80.0,107.0,138.0,245.0,62.0,47.0,29.0,64.0,93.0,421.0,34,81.1,64.2,25.7,12.4,7.2,1.8,1.4,0.9,1.9,19.3,11.2,2.8,2.2,1.3,2.9,63.3,14.3,72.5,63.5,65.5,18.0,True,73.0,Junior,FORWARD,Central Florida,False,Big 12,I,OK,"OTTAWA, ONTARIO, CANADA",,CANADA,3.0,True,Oklahoma,False,False
5175867.0,Jada Williams,66,Cyclones,Iowa State Cyclones,Iowa State,Guard,G,32,955.0,176.0,422.0,46.0,152.0,91.0,113.0,12.0,99.0,111.0,246.0,31.0,1.0,111.0,74.0,489.0,32,81.7,67.3,29.8,15.3,3.5,7.7,1.0,0.0,3.5,20.5,4.6,10.3,1.3,0.0,4.6,41.7,30.3,80.5,47.2,51.8,10.0,True,68.0,Junior,GUARD,Arizona,False,Big 12,I,IA,"KANSAS CITY, MO",MO,USA,3.0,True,Iowa,False,False
5175869.0,Skylar Jones,97,Cardinals,Louisville Cardinals,Louisville,Guard,G,34,566.0,104.0,233.0,20.0,65.0,57.0,77.0,30.0,70.0,100.0,33.0,51.0,1.0,41.0,56.0,285.0,1,79.9,60.8,16.6,8.4,2.9,1.0,1.5,0.0,1.2,20.1,7.1,2.3,3.6,0.1,2.9,44.6,30.8,74.0,48.9,53.4,6.0,True,,Junior,GUARD,Arizona,False,ACC,I,KY,"CHICAGO, ILL",IL,USA,3.0,True,Kentucky,False,False
5175870.0,Breya Cunningham,251,Longhorns,Texas Longhorns,Texas,Forward,F,39,737.0,136.0,230.0,0.0,0.0,29.0,57.0,82.0,135.0,217.0,11.0,34.0,36.0,39.0,115.0,301.0,38,83.9,55.8,18.9,7.7,5.6,0.3,0.9,0.9,1.0,16.3,11.8,0.6,1.8,2.0,2.1,59.1,,50.9,59.1,59.0,2.0,True,76.0,Junior,FORWARD,Arizona,False,SEC,I,TX,"CHULA VISTA, CALIF",CA,USA,3.0,True,Texas,False,False
5175915.0,Donovyn Hunter,2628,Horned Frogs,TCU Horned Frogs,TCU,Guard,G,38,1287.0,149.0,326.0,60.0,178.0,31.0,42.0,37.0,83.0,120.0,80.0,50.0,11.0,51.0,62.0,389.0,38,76.8,56.9,33.9,10.2,3.2,2.1,1.3,0.3,1.3,12.1,3.7,2.5,1.6,0.3,1.6,45.7,33.7,73.8,54.9,56.5,8.0,True,,Junior,GUARD,Oregon State,False,Big 12,I,TX,"MEDFORD, ORE",OR,USA,3.0,True,Texas,False,False
5175937.0,Amanda Muse,26,Bruins,UCLA Bruins,UCLA,Forward,F,33,309.0,17.0,31.0,0.0,0.0,9.0,18.0,24.0,30.0,54.0,18.0,8.0,9.0,15.0,32.0,43.0,0,86.4,55.3,9.4,1.3,1.6,0.5,0.2,0.3,0.5,5.6,7.0,2.3,1.0,1.2,1.9,54.8,,50.0,54.8,55.2,2.0,True,76.0,Sophomore,FORWARD,,True,Big Ten,I,CA,"BRENTWOOD, CALIF",CA,USA,2.0,False,California,False,False
5175945.0,Malia Samuels,30,Trojans,USC Trojans,USC,Guard,G,30,707.0,35.0,112.0,10.0,44.0,22.0,36.0,24.0,55.0,79.0,72.0,44.0,6.0,47.0,62.0,102.0,19,68.9,64.4,23.6,3.4,2.6,2.4,1.5,0.2,1.6,5.8,4.5,4.1,2.5,0.3,2.7,31.2,22.7,61.1,35.7,39.9,8.0,True,66.0,Junior,GUARD,,False,Big Ten,I,CA,"SEATTLE, WASH",WA,USA,3.0,False,California,False,False
5175965.0,Sayvia Sellers,264,Huskies,Washington Huskies,Washington,Guard,G,33,1054.0,219.0,463.0,74.0,209.0,82.0,100.0,17.0,79.0,96.0,130.0,52.0,25.0,109.0,92.0,594.0,33,71.3,62.0,31.9,18.0,2.9,3.9,1.6,0.8,3.3,22.5,3.6,4.9,2.0,0.9,4.1,47.3,35.4,82.0,55.3,58.6,20.0,True,67.0,Junior,GUARD,,False,Big Ten,I,WA,"ANCHORAGE, ALASKA",AK,USA,3.0,False,Washington,False,False
5175966.0,Chloe Briggs,264,Huskies,Washington Huskies,Washington,Guard,G,25,316.0,14.0,47.0,5.0,21.0,20.0,28.0,12.0,36.0,48.0,23.0,4.0,0.0,17.0,19.0,53.0,0,73.6,60.6,12.6,2.1,1.9,0.9,0.2,0.0,0.7,6.7,6.1,2.9,0.5,0.0,2.2,29.8,23.8,71.4,35.1,44.7,20.0,True,71.0,Junior,GUARD,,False,Big Ten,I,WA,"ONTARIO, CALIF",CA,USA,3.0,False,Washington,False,False
5175968.0,Olivia Anderson,264,Huskies,Washington Huskies,Washington,Forward,F,10,45.0,6.0,17.0,1.0,5.0,4.0,8.0,6.0,5.0,11.0,2.0,2.0,10.0,6.0,6.0,17.0,0,78.7,50.0,4.5,1.7,1.1,0.2,0.2,1.0,0.6,15.1,9.8,1.8,1.8,8.9,5.3,35.3,20.0,50.0,38.2,41.4,20.0,True,78.0,Junior,FORWARD,,False,Big Ten,I,WA,"ELLENSBURG, WASH",WA,USA,3.0,False,Washington,False,False
5176452.0,Olivia Hutcherson,163,Tigers,Princeton Tigers,Princeton,Guard,G,30,833.0,131.0,247.0,0.0,5.0,67.0,102.0,82.0,87.0,169.0,44.0,47.0,23.0,54.0,85.0,329.0,30,72.4,60.7,27.8,11.0,5.6,1.5,1.6,0.8,1.8,15.8,8.1,2.1,2.3,1.1,2.6,53.0,0.0,65.7,53.0,56.4,19.0,True,72.0,Junior,GUARD,,False,Ivy,I,NJ,"JOHNS CREEK, GA",GA,USA,3.0,False,New Jersey,False,False
5176453.0,Skye Belker,163,Tigers,Princeton Tigers,Princeton,Guard,G,30,981.0,133.0,289.0,52.0,121.0,68.0,80.0,24.0,48.0,72.0,82.0,18.0,2.0,65.0,34.0,386.0,30,72.4,60.7,32.7,12.9,2.4,2.7,0.6,0.1,2.2,15.7,2.9,3.3,0.7,0.1,2.7,46.0,43.0,85.0,55.0,59.5,19.0,True,69.0,Junior,GUARD,,False,Ivy,I,NJ,"LOS ANGELES, CALIF",CA,USA,3.0,False,New Jersey,False,False
5176454.0,Ashley Chea,163,Tigers,Princeton Tigers,Princeton,Guard,G,30,967.0,107.0,292.0,47.0,147.0,42.0,52.0,19.0,69.0,88.0,113.0,43.0,2.0,72.0,40.0,303.0,29,72.4,60.7,32.2,10.1,2.9,3.8,1.4,0.1,2.4,12.5,3.6,4.7,1.8,0.1,3.0,36.6,32.0,80.8,44.7,48.1,19.0,True,68.0,Junior,GUARD,,False,Ivy,I,NJ,"LOS ANGELES, CALIF",CA,USA,3.0,False,New Jersey,False,False
5176455.0,Fadima Tall,163,Tigers,Princeton Tigers,Princeton,Guard,G,28,814.0,129.0,281.0,30.0,83.0,77.0,91.0,57.0,151.0,208.0,59.0,69.0,9.0,52.0,63.0,365.0,26,72.3,61.8,29.1,13.0,7.4,2.1,2.5,0.3,1.9,17.9,10.2,2.9,3.4,0.4,2.6,45.9,36.1,84.6,51.2,56.8,19.0,True,73.0,Junior,GUARD,,False,Ivy,I,NJ,"SILVER SPRING, MD",MD,USA,3.0,False,New Jersey,False,False
5176861.0,Kaety L'Amoreaux,2217,Stags,Fairfield Stags,Fairfield,Guard,G,33,1051.0,185.0,399.0,74.0,203.0,126.0,142.0,35.0,128.0,163.0,143.0,68.0,10.0,88.0,79.0,570.0,33,75.0,56.5,31.8,17.3,4.9,4.3,2.1,0.3,2.7,21.7,6.2,5.4,2.6,0.4,3.3,46.4,36.5,88.7,55.6,61.8,25.0,True,66.0,Junior,GUARD,,False,MAAC,I,CT,"ENDWELL, NY",NY,USA,3.0,False,,False,False
5176862.0,Meghan Andersen,2217,Stags,Fairfield Stags,Fairfield,Forward,F,33,983.0,198.0,444.0,88.0,221.0,48.0,54.0,33.0,123.0,156.0,63.0,41.0,33.0,56.0,64.0,532.0,33,75.0,56.5,29.8,16.1,4.7,1.9,1.2,1.0,1.7,21.6,6.3,2.6,1.7,1.3,2.3,44.6,39.8,88.9,54.5,56.9,25.0,True,73.0,Junior,,,False,MAAC,I,CT,"WANTAGH, NY",NY,USA,3.0,False,,False,False
5176903.0,Ashley Sofilkanich,130,Wolverines,Michigan Wolverines,Michigan,Forward,F,35,639.0,114.0,211.0,0.0,1.0,43.0,76.0,65.0,82.0,147.0,23.0,25.0,39.0,47.0,95.0,271.0,35,82.3,62.6,18.3,7.7,4.2,0.7,0.7,1.1,1.3,17.0,9.2,1.4,1.6,2.4,2.9,54.0,0.0,56.6,54.0,55.4,6.0,True,75.0,Junior,FORWARD,Bucknell,False,Big Ten,I,MI,"SOUTH AMBOY, NJ",NJ,USA,3.0,True,Michigan,False,False
5177067.0,Asia Boone,96,Wildcats,Kentucky Wildcats,Kentucky,Guard,G,36,1053.0,122.0,334.0,96.0,263.0,24.0,31.0,20.0,77.0,97.0,83.0,27.0,3.0,48.0,97.0,364.0,19,74.9,60.9,29.2,10.1,2.7,2.3,0.8,0.1,1.3,13.8,3.7,3.2,1.0,0.1,1.8,36.5,36.5,77.4,50.9,52.4,6.0,True,68.0,Junior,GUARD,Liberty,False,SEC,I,KY,"SAN DIEGO, CALIF",CA,USA,3.0,True,Kentucky,False,False
5177952.0,Evangelia Paulk,66,Cyclones,Iowa State Cyclones,Iowa State,Guard,G,25,315.0,17.0,49.0,6.0,21.0,12.0,28.0,32.0,46.0,78.0,15.0,24.0,3.0,15.0,36.0,52.0,5,82.2,65.5,12.6,2.1,3.1,0.6,1.0,0.1,0.6,6.6,9.9,1.9,3.0,0.4,1.9,34.7,28.6,42.9,40.8,42.4,10.0,True,,Junior,GUARD,Wofford,False,Big 12,I,IA,"ASHEVILLE, NC",NC,USA,3.0,True,Iowa,False,False
5178008.0,Carter McCray,277,Mountaineers,West Virginia Mountaineers,West Virginia,Forward,F,34,694.0,91.0,153.0,1.0,1.0,37.0,75.0,91.0,88.0,179.0,30.0,24.0,23.0,52.0,76.0,220.0,26,76.2,57.7,20.4,6.5,5.3,0.9,0.7,0.7,1.5,12.7,10.3,1.7,1.4,1.3,3.0,59.5,100.0,49.3,59.8,59.1,15.0,True,73.0,Junior,FORWARD,,False,Big 12,I,WV,"OBERLIN, OHIO",OH,USA,3.0,False,West Virginia,False,False
5178193.0,Desrae Kyles,145,Rebels,Ole Miss Rebels,Ole Miss,Center,C,16,86.0,6.0,18.0,0.0,0.0,4.0,6.0,10.0,14.0,24.0,2.0,1.0,2.0,8.0,27.0,16.0,0,75.6,62.1,5.4,1.0,1.5,0.1,0.1,0.1,0.5,7.4,11.2,0.9,0.5,0.9,3.7,33.3,,66.7,33.3,38.8,12.0,True,77.0,Sophomore,CENTER,Central Michigan,False,SEC,I,MS,"BENTON HARBOR, MICH",MI,USA,2.0,True,Mississippi,False,False
5178457.0,Kiera Pemberton,239,Bears,Baylor Bears,Baylor,Forward,F,18,103.0,11.0,19.0,1.0,3.0,12.0,16.0,7.0,9.0,16.0,3.0,5.0,3.0,7.0,12.0,35.0,0,74.2,57.1,5.7,1.9,0.9,0.2,0.3,0.2,0.4,13.6,6.2,1.2,1.9,1.2,2.7,57.9,33.3,75.0,60.5,67.2,7.0,True,73.0,Junior,FORWARD,North Dakota,False,Big 12,I,TX,"LANGLEY, BC, CANADA",,CANADA,3.0,True,Texas,False,False
5195636.0,Olivia Martin,150,Blue Devils,Duke Blue Devils,Duke,Guard,G,2,2.0,0.0,0.0,0.0,0.0,0.0,0.0,0.0,0.0,0.0,0.0,0.0,0.0,1.0,0.0,0.0,0,90.0,50.5,1.0,0.0,0.0,0.0,0.0,0.0,0.5,0.0,0.0,0.0,0.0,0.0,20.0,,,,,,7.0,True,66.0,Senior,GUARD,,False,ACC,I,NC,"GAITHERSBURG, MD",MD,USA,4.0,False,North Carolina,False,False
5196144.0,Adhel Tac,2579,Gamecocks,South Carolina Gamecocks,South Carolina,Forward,F,23,260.0,25.0,48.0,0.0,0.0,22.0,41.0,24.0,55.0,79.0,5.0,5.0,18.0,13.0,27.0,72.0,3,88.7,56.4,11.3,3.1,3.4,0.2,0.2,0.8,0.6,11.1,12.2,0.8,0.8,2.8,2.0,52.1,,53.7,52.1,54.5,2.0,True,77.0,Sophomore,FORWARD,,False,SEC,I,SC,"GRAND PRAIRIE, TEXAS",TX,USA,2.0,False,South Carolina,False,False
5197230.0,Kaniya Boyd,2633,Lady Volunteers,Tennessee Lady Volunteers,Tennessee,Guard,G,26,285.0,14.0,41.0,6.0,24.0,8.0,10.0,12.0,21.0,33.0,20.0,16.0,1.0,15.0,28.0,42.0,4,75.3,69.0,11.0,1.6,1.3,0.8,0.6,0.0,0.6,5.9,4.6,2.8,2.2,0.1,2.1,34.1,25.0,80.0,41.5,46.3,8.0,True,69.0,Sophomore,GUARD,,True,SEC,I,TN,"LAS VEGAS, NEV",NV,USA,2.0,False,Tennessee,False,False
5238276.0,Arianna Roberson,150,Blue Devils,Duke Blue Devils,Duke,Center,C,33,592.0,106.0,255.0,16.0,52.0,37.0,62.0,62.0,125.0,187.0,26.0,29.0,42.0,62.0,71.0,265.0,0,74.4,60.3,17.9,8.0,5.7,0.8,0.9,1.3,1.9,17.9,12.6,1.8,2.0,2.8,4.2,41.6,30.8,59.7,44.7,46.9,7.0,True,76.0,Freshman,CENTER,,True,ACC,I,NC,"SAN ANTONIO, TEXAS",TX,USA,1.0,False,North Carolina,False,False
5238277.0,Toby Fournier,150,Blue Devils,Duke Blue Devils,Duke,Forward,F,36,1046.0,242.0,461.0,18.0,54.0,122.0,210.0,99.0,186.0,285.0,44.0,32.0,78.0,80.0,86.0,624.0,36,74.1,59.7,29.1,17.3,7.9,1.2,0.9,2.2,2.2,23.9,10.9,1.7,1.2,3.0,3.1,52.5,33.3,58.1,54.4,56.4,7.0,True,74.0,Sophomore,FORWARD,,False,ACC,I,NC,"TORONTO, ONTARIO",,CANADA,2.0,False,North Carolina,False,False
5238283.0,Chazadi Wright,2294,Hawkeyes,Iowa Hawkeyes,Iowa,Guard,G,31,1063.0,124.0,289.0,70.0,159.0,69.0,82.0,18.0,75.0,93.0,138.0,39.0,2.0,63.0,24.0,387.0,31,76.0,65.0,34.3,12.5,3.0,4.5,1.3,0.1,2.0,14.6,3.5,5.2,1.5,0.1,2.4,42.9,44.0,84.1,55.0,59.5,8.0,True,64.0,Sophomore,GUARD,Georgia Tech,False,Big Ten,I,IA,"ATLANTA, GA",GA,USA,2.0,True,Iowa,False,False
5238284.0,Dani Carnegie,61,Lady Bulldogs,Georgia Lady Bulldogs,Georgia,Guard,G,32,1073.0,197.0,461.0,84.0,237.0,90.0,108.0,20.0,148.0,168.0,103.0,45.0,2.0,75.0,53.0,568.0,32,73.6,62.1,33.5,17.8,5.2,3.2,1.4,0.1,2.3,21.2,6.3,3.8,1.7,0.1,2.8,42.7,35.4,83.3,51.8,55.8,22.0,True,69.0,Sophomore,GUARD,Georgia Tech,False,SEC,I,GA,"MOUNT VERNON, NY",NY,USA,2.0,True,Georgia,False,False
5238286.0,Tianna Thompson,145,Rebels,Ole Miss Rebels,Ole Miss,Guard,G,34,503.0,67.0,166.0,37.0,89.0,34.0,36.0,13.0,30.0,43.0,27.0,29.0,3.0,32.0,56.0,205.0,2,75.9,62.2,14.8,6.0,1.3,0.8,0.9,0.1,0.9,16.3,3.4,2.1,2.3,0.2,2.5,40.4,41.6,94.4,51.5,56.4,12.0,True,70.0,Sophomore,GUARD,Georgia Tech,False,SEC,I,MS,"ATLANTA, GA",GA,USA,2.0,True,Mississippi,False,False
5238288.0,Imari Berry,97,Cardinals,Louisville Cardinals,Louisville,Guard,G,37,870.0,148.0,338.0,53.0,143.0,55.0,68.0,47.0,129.0,176.0,100.0,54.0,18.0,52.0,70.0,404.0,3,78.7,61.0,23.5,10.9,4.8,2.7,1.5,0.5,1.4,18.6,8.1,4.6,2.5,0.8,2.4,43.8,37.1,80.9,51.6,54.9,6.0,True,70.0,Sophomore,GUARD,,False,ACC,I,KY,"CLARKSVILLE, TENN",TN,USA,2.0,False,Kentucky,False,False
5238289.0,Mackenly Randolph,97,Cardinals,Louisville Cardinals,Louisville,Forward,F,37,924.0,122.0,230.0,19.0,58.0,51.0,64.0,76.0,130.0,206.0,55.0,37.0,15.0,42.0,77.0,314.0,37,78.7,61.0,25.0,8.5,5.6,1.5,1.0,0.4,1.1,13.6,8.9,2.4,1.6,0.6,1.8,53.0,32.8,79.7,57.2,60.8,6.0,True,,Sophomore,FORWARD,,False,ACC,I,KY,"LOS ANGELES, CALIF",CA,USA,2.0,False,Kentucky,False,False
5238290.0,Rebekah Graves,97,Cardinals,Louisville Cardinals,Louisville,Guard,G,18,100.0,12.0,36.0,5.0,25.0,0.0,0.0,3.0,5.0,8.0,1.0,5.0,0.0,6.0,10.0,29.0,0,85.3,55.8,5.6,1.6,0.4,0.1,0.3,0.0,0.3,11.6,3.2,0.4,2.0,0.0,2.4,33.3,20.0,,40.3,40.3,6.0,True,66.0,Freshman,GUARD,,True,ACC,I,KY,"KELLER, TEXAS",TX,USA,1.0,False,Kentucky,False,False
5238291.0,Anaya Hardy,97,Cardinals,Louisville Cardinals,Louisville,Forward,F,35,399.0,72.0,108.0,0.0,0.0,26.0,68.0,75.0,72.0,147.0,8.0,16.0,11.0,15.0,44.0,170.0,27,79.2,60.3,11.4,4.9,4.2,0.2,0.5,0.3,0.4,17.0,14.7,0.8,1.6,1.1,1.5,66.7,,38.2,66.7,61.6,6.0,True,75.0,Sophomore,FORWARD,,False,ACC,I,KY,"DETROIT, MICH",MI,USA,2.0,False,Kentucky,False,False
5238293.0,Reagan Bender,97,Cardinals,Louisville Cardinals,Louisville,Guard,G,20,214.0,20.0,49.0,13.0,36.0,11.0,17.0,12.0,15.0,27.0,21.0,13.0,3.0,14.0,16.0,64.0,1,84.9,55.8,10.7,3.2,1.4,1.0,0.6,0.2,0.7,12.0,5.0,3.9,2.4,0.6,2.6,40.8,36.1,64.7,54.1,56.7,6.0,True,70.0,Sophomore,GUARD,,False,ACC,I,KY,"LOUISVILLE, KY",KY,USA,2.0,False,Kentucky,False,False
5238294.0,Tajianna Roberts,97,Cardinals,Louisville Cardinals,Louisville,Guard,G,37,1078.0,158.0,406.0,65.0,184.0,43.0,57.0,36.0,53.0,89.0,115.0,50.0,2.0,66.0,43.0,424.0,37,78.7,61.0,29.1,11.5,2.4,3.1,1.4,0.1,1.8,15.7,3.3,4.3,1.9,0.1,2.4,38.9,35.3,75.4,46.9,49.2,6.0,True,70.0,Sophomore,GUARD,,False,ACC,I,KY,"SAN DIEGO, CALIF",CA,USA,2.0,False,Kentucky,False,False
5238298.0,Devyn Quigley,152,Wolfpack,NC State Wolfpack,NC State,Guard,G,29,479.0,49.0,118.0,18.0,62.0,10.0,14.0,17.0,52.0,69.0,20.0,11.0,1.0,23.0,26.0,126.0,6,77.4,66.8,16.5,4.3,2.4,0.7,0.4,0.0,0.8,10.5,5.8,1.7,0.9,0.1,1.9,41.5,29.0,71.4,49.2,50.7,9.0,True,71.0,Sophomore,GUARD,,False,ACC,I,NC,"MANCHESTER, NJ",NJ,USA,2.0,False,North Carolina,False,False
5238299.0,Lorena Awou,152,Wolfpack,NC State Wolfpack,NC State,Center,C,3,24.0,5.0,11.0,0.0,0.0,0.0,3.0,6.0,4.0,10.0,0.0,1.0,2.0,4.0,4.0,10.0,0,65.3,58.0,8.0,3.3,3.3,0.0,0.3,0.7,1.3,16.7,16.7,0.0,1.7,3.3,6.7,45.5,,0.0,45.5,40.6,9.0,True,77.0,Sophomore,CENTER,,False,ACC,I,NC,"EAST MOLINE, ILL",IL,USA,2.0,False,North Carolina,False,False
5238300.0,Zamareya Jones,152,Wolfpack,NC State Wolfpack,NC State,Guard,G,31,1002.0,170.0,404.0,68.0,186.0,54.0,71.0,8.0,93.0,101.0,119.0,38.0,17.0,72.0,63.0,462.0,30,77.1,66.8,32.3,14.9,3.3,3.8,1.2,0.5,2.3,18.4,4.0,4.8,1.5,0.7,2.9,42.1,36.6,76.1,50.5,53.1,9.0,True,67.0,Sophomore,GUARD,,False,ACC,I,NC,"GREENVILLE, NC",NC,USA,2.0,False,North Carolina,False,False
5238301.0,Tilda Trygger,152,Wolfpack,NC State Wolfpack,NC State,Forward,F,30,904.0,131.0,253.0,21.0,62.0,35.0,56.0,81.0,130.0,211.0,35.0,19.0,39.0,40.0,50.0,318.0,30,77.1,67.6,30.1,10.6,7.0,1.2,0.6,1.3,1.3,14.1,9.3,1.5,0.8,1.7,1.8,51.8,33.9,62.5,55.9,57.3,9.0,True,78.0,Sophomore,FORWARD,,False,ACC,I,NC,"STOCKHOLM, SWEDEN",,SWEDEN,2.0,False,North Carolina,False,False
5238302.0,Lanie Grant,153,Tar Heels,North Carolina Tar Heels,North Carolina,Guard,G,34,986.0,124.0,282.0,72.0,172.0,48.0,59.0,8.0,57.0,65.0,77.0,19.0,4.0,61.0,50.0,368.0,29,73.6,59.1,29.0,10.8,1.9,2.3,0.6,0.1,1.8,14.9,2.6,3.1,0.8,0.2,2.5,44.0,41.9,81.4,56.7,59.7,11.0,True,69.0,Sophomore,GUARD,,False,ACC,I,NC,"MIDLOTHIAN, VA",VA,USA,2.0,False,North Carolina,False,False
5238303.0,Jordan Zubich,153,Tar Heels,North Carolina Tar Heels,North Carolina,Guard,G,17,115.0,11.0,34.0,10.0,31.0,3.0,4.0,1.0,5.0,6.0,3.0,2.0,0.0,6.0,11.0,35.0,0,84.2,50.8,6.8,2.1,0.4,0.2,0.1,0.0,0.4,12.2,2.1,1.0,0.7,0.0,2.1,32.4,32.3,75.0,47.1,48.9,11.0,True,71.0,Sophomore,GUARD,,False,ACC,I,NC,"MOUNTAIN IRON, MINN",MN,USA,2.0,False,North Carolina,False,False
5238304.0,Blanca Thomas,153,Tar Heels,North Carolina Tar Heels,North Carolina,Center,C,20,138.0,16.0,35.0,1.0,1.0,1.0,5.0,12.0,25.0,37.0,9.0,1.0,4.0,13.0,18.0,34.0,0,75.0,59.2,6.9,1.7,1.8,0.4,0.0,0.2,0.6,9.9,10.7,2.6,0.3,1.2,3.8,45.7,100.0,20.0,47.1,45.7,11.0,True,77.0,Sophomore,CENTER,,False,ACC,I,NC,"CHARLOTTE, NC",NC,USA,2.0,False,North Carolina,False,False
5238305.0,Kate Koval,99,Tigers,LSU Tigers,LSU,Forward,F,35,582.0,108.0,193.0,0.0,0.0,76.0,101.0,93.0,126.0,219.0,15.0,37.0,43.0,46.0,55.0,292.0,17,95.0,61.1,16.6,8.3,6.3,0.4,1.1,1.2,1.3,20.1,15.1,1.0,2.5,3.0,3.2,56.0,,75.2,56.0,61.5,5.0,True,77.0,Sophomore,FORWARD,Notre Dame,False,SEC,I,LA,"KYIV, UKRAINE",,UKRAINE,2.0,True,Louisiana,False,False
5239058.0,Eris Lester,333,Crimson Tide,Alabama Crimson Tide,Alabama,Guard,G,5,37.0,6.0,13.0,0.0,2.0,2.0,6.0,2.0,6.0,8.0,2.0,3.0,1.0,6.0,3.0,14.0,0,76.4,46.8,7.4,2.8,1.6,0.4,0.6,0.2,1.2,15.1,8.6,2.2,3.2,1.1,6.5,46.2,0.0,33.3,46.2,44.8,21.0,True,71.0,Sophomore,GUARD,,False,SEC,I,AL,"JACKSONVILLE, FLA",FL,USA,2.0,False,Alabama,False,False
5239059.0,Leah Brooks,333,Crimson Tide,Alabama Crimson Tide,Alabama,Guard,G,13,63.0,5.0,11.0,0.0,4.0,0.0,0.0,5.0,8.0,13.0,2.0,1.0,1.0,4.0,2.0,10.0,0,73.3,60.2,4.8,0.8,1.0,0.2,0.1,0.1,0.3,6.3,8.3,1.3,0.6,0.6,2.5,45.5,0.0,,45.5,45.5,21.0,True,75.0,Sophomore,GUARD,,False,SEC,I,AL,"TONEY, ALA",AL,USA,2.0,False,Alabama,False,False
5239062.0,Vera Ojenuwa,61,Lady Bulldogs,Georgia Lady Bulldogs,Georgia,Forward,F,32,364.0,39.0,79.0,0.0,3.0,17.0,28.0,21.0,44.0,65.0,5.0,7.0,4.0,30.0,63.0,95.0,16,73.6,62.1,11.4,3.0,2.0,0.2,0.2,0.1,0.9,10.4,7.1,0.5,0.8,0.4,3.3,49.4,0.0,60.7,49.4,52.0,22.0,True,76.0,Junior,FORWARD,,False,SEC,I,GA,"DELTA STATE, NIGERIA",,NIGERIA,3.0,False,Georgia,False,False
5239069.0,Kylee Kitts,194,Buckeyes,Ohio State Buckeyes,Ohio State,Guard,G,30,591.0,80.0,185.0,13.0,39.0,48.0,60.0,72.0,97.0,169.0,28.0,19.0,21.0,50.0,70.0,221.0,19,81.7,65.8,19.7,7.4,5.6,0.9,0.6,0.7,1.7,15.0,11.4,1.9,1.3,1.4,3.4,43.2,33.3,80.0,46.8,52.3,8.0,True,76.0,Freshman,GUARD,Florida,True,Big Ten,I,OH,"OVIEDO, FLA",FL,USA,1.0,True,Ohio,False,False
5239073.0,Trinity Turner,61,Lady Bulldogs,Georgia Lady Bulldogs,Georgia,Guard,G,32,1066.0,135.0,344.0,31.0,114.0,47.0,64.0,16.0,145.0,161.0,150.0,54.0,5.0,93.0,59.0,348.0,32,73.6,62.1,33.3,10.9,5.0,4.7,1.7,0.2,2.9,13.1,6.0,5.6,2.0,0.2,3.5,39.2,27.2,73.4,43.8,46.8,22.0,True,66.0,Sophomore,GUARD,,False,SEC,I,GA,"ORLANDO, FLA",FL,USA,2.0,False,Georgia,False,False
5239076.0,Mia Woolfolk,61,Lady Bulldogs,Georgia Lady Bulldogs,Georgia,Forward,F,30,694.0,160.0,266.0,0.0,0.0,96.0,133.0,57.0,105.0,162.0,24.0,35.0,12.0,50.0,92.0,416.0,29,74.3,62.1,23.1,13.9,5.4,0.8,1.2,0.4,1.7,24.0,9.3,1.4,2.0,0.7,2.9,60.2,,72.2,60.2,64.1,22.0,True,75.0,Sophomore,FORWARD,,False,SEC,I,GA,"MIDLOTHIAN, VA",VA,USA,2.0,False,Georgia,False,False
5239077.0,Lexi Blue,96,Wildcats,Kentucky Wildcats,Kentucky,Guard,G,28,302.0,20.0,66.0,16.0,53.0,3.0,8.0,10.0,17.0,27.0,12.0,4.0,1.0,10.0,20.0,59.0,0,77.3,59.4,10.8,2.1,1.0,0.4,0.1,0.0,0.4,7.8,3.6,1.6,0.5,0.1,1.3,30.3,30.2,37.5,42.4,42.4,6.0,True,74.0,Sophomore,GUARD,,False,SEC,I,KY,"ORLANDO, FLA",FL,USA,2.0,False,Kentucky,False,False
5239079.0,Clara Silva,2628,Horned Frogs,TCU Horned Frogs,TCU,Center,C,38,911.0,154.0,260.0,0.0,0.0,35.0,62.0,99.0,182.0,281.0,50.0,21.0,67.0,53.0,79.0,343.0,38,76.8,56.9,24.0,9.0,7.4,1.3,0.6,1.8,1.4,15.1,12.3,2.2,0.9,2.9,2.3,59.2,,56.5,59.2,59.7,8.0,True,79.0,Sophomore,CENTER,Kentucky,False,Big 12,I,TX,"FARO, PORTUGAL",,PORTUGAL,2.0,True,Texas,False,False
5239080.0,Amelia Hassett,96,Wildcats,Kentucky Wildcats,Kentucky,Forward,F,36,1174.0,124.0,312.0,99.0,274.0,30.0,35.0,41.0,148.0,189.0,56.0,29.0,48.0,42.0,78.0,377.0,36,74.9,60.9,32.6,10.5,5.2,1.6,0.8,1.3,1.2,12.8,6.4,1.9,1.0,1.6,1.4,39.7,36.1,85.7,55.6,57.6,6.0,True,76.0,Senior,FORWARD,Eastern Florida State College,False,SEC,I,KY,"ALBURY, NEW SOUTH WALES, AUSTRALIA",,AUSTRALIA,4.0,True,Kentucky,False,False
5239081.0,Jada Richard,99,Tigers,LSU Tigers,LSU,Guard,G,35,918.0,116.0,259.0,31.0,76.0,70.0,79.0,8.0,88.0,96.0,117.0,47.0,4.0,56.0,61.0,333.0,34,95.0,61.1,26.2,9.5,2.7,3.3,1.3,0.1,1.6,14.5,4.2,5.1,2.0,0.2,2.4,44.8,40.8,88.6,50.8,56.7,5.0,True,67.0,Sophomore,GUARD,,False,SEC,I,LA,"OPELOUSAS, LA",LA,USA,2.0,False,Louisiana,False,False
5239093.0,Zya Vann,201,Sooners,Oklahoma Sooners,Oklahoma,Guard,G,34,939.0,137.0,338.0,36.0,109.0,45.0,61.0,42.0,102.0,144.0,77.0,71.0,19.0,72.0,89.0,355.0,34,85.9,68.6,27.6,10.4,4.2,2.3,2.1,0.6,2.1,15.1,6.1,3.3,3.0,0.8,3.1,40.5,33.0,73.8,45.9,48.7,5.0,True,69.0,Sophomore,GUARD,,False,SEC,I,OK,"EDMOND, OKLA",OK,USA,2.0,False,Oklahoma,False,False
5239094.0,Caya Smith,201,Sooners,Oklahoma Sooners,Oklahoma,Forward,F,34,496.0,50.0,101.0,11.0,34.0,35.0,59.0,27.0,58.0,85.0,39.0,53.0,6.0,49.0,60.0,146.0,0,85.9,68.6,14.6,4.3,2.5,1.1,1.6,0.2,1.4,11.8,6.9,3.1,4.3,0.5,4.0,49.5,32.4,59.3,55.0,57.5,5.0,True,73.0,Sophomore,FORWARD,,False,SEC,I,OK,"OKLAHOMA CITY, OKLA",OK,USA,2.0,False,Oklahoma,False,False
5239095.0,Sira Thienou,145,Rebels,Ole Miss Rebels,Ole Miss,Guard,G,29,821.0,105.0,284.0,27.0,99.0,43.0,55.0,55.0,109.0,164.0,67.0,48.0,14.0,35.0,66.0,280.0,29,77.1,59.2,28.3,9.7,5.7,2.3,1.7,0.5,1.2,13.6,8.0,3.3,2.3,0.7,1.7,37.0,27.3,78.2,41.7,45.4,12.0,True,73.0,Sophomore,GUARD,,False,SEC,I,MS,"BAMAKO, MALI",,MALI,2.0,False,Mississippi,False,False
5239099.0,Maddy McDaniel,2579,Gamecocks,South Carolina Gamecocks,South Carolina,Guard,G,33,649.0,41.0,116.0,11.0,33.0,50.0,71.0,8.0,43.0,51.0,88.0,35.0,2.0,17.0,30.0,143.0,1,84.7,59.5,19.7,4.3,1.5,2.7,1.1,0.1,0.5,8.8,3.1,5.4,2.2,0.1,1.0,35.3,33.3,70.4,40.1,48.6,2.0,True,69.0,Sophomore,GUARD,,False,SEC,I,SC,"UPPER MARLBORO, MD",MD,USA,2.0,False,South Carolina,False,False
5239100.0,Joyce Edwards,2579,Gamecocks,South Carolina Gamecocks,South Carolina,Forward,F,40,1221.0,307.0,538.0,2.0,10.0,152.0,215.0,115.0,157.0,272.0,95.0,72.0,44.0,106.0,75.0,768.0,40,85.6,57.8,30.5,19.2,6.8,2.4,1.8,1.1,2.6,25.2,8.9,3.1,2.4,1.4,3.5,57.1,20.0,70.7,57.2,60.7,2.0,True,75.0,Sophomore,FORWARD,,False,SEC,I,SC,"CAMDEN, SC",SC,USA,2.0,False,South Carolina,False,False
5239103.0,Bryanna Preston,251,Longhorns,Texas Longhorns,Texas,Guard,G,30,426.0,60.0,111.0,4.0,9.0,24.0,42.0,12.0,22.0,34.0,68.0,24.0,2.0,23.0,35.0,148.0,0,82.7,56.1,14.2,4.9,1.1,2.3,0.8,0.1,0.8,13.9,3.2,6.4,2.3,0.2,2.2,54.1,44.4,57.1,55.9,57.2,2.0,True,69.0,Sophomore,GUARD,,False,SEC,I,TX,"JONESBORO, GA",GA,USA,2.0,False,Texas,False,False
5239104.0,Jordan Lee,251,Longhorns,Texas Longhorns,Texas,Guard,G,39,1237.0,194.0,460.0,72.0,207.0,54.0,72.0,30.0,67.0,97.0,97.0,59.0,20.0,55.0,67.0,514.0,38,83.9,55.8,31.7,13.2,2.5,2.5,1.5,0.5,1.4,16.6,3.1,3.1,1.9,0.6,1.8,42.2,34.8,75.0,50.0,52.3,2.0,True,,Sophomore,GUARD,,False,SEC,I,TX,"STOCKTON, CALIF",CA,USA,2.0,False,Texas,False,False
5239105.0,Justice Carlton,251,Longhorns,Texas Longhorns,Texas,Forward,F,38,732.0,132.0,249.0,9.0,19.0,50.0,68.0,86.0,65.0,151.0,35.0,40.0,21.0,48.0,66.0,323.0,28,84.3,55.9,19.3,8.5,4.0,0.9,1.1,0.6,1.3,17.7,8.3,1.9,2.2,1.1,2.6,53.0,47.4,73.5,54.8,57.9,2.0,True,73.0,Sophomore,FORWARD,,False,SEC,I,TX,"KATY, TEXAS",TX,USA,2.0,False,Texas,False,False
5239106.0,Taliyah Parker,2628,Horned Frogs,TCU Horned Frogs,TCU,Guard,G,20,118.0,13.0,49.0,1.0,6.0,5.0,9.0,10.0,19.0,29.0,3.0,2.0,1.0,11.0,12.0,32.0,0,81.4,52.8,5.9,1.6,1.4,0.2,0.1,0.0,0.6,10.8,9.8,1.0,0.7,0.3,3.7,26.5,16.7,55.6,27.6,30.2,8.0,True,73.0,Sophomore,GUARD,Texas A&M,False,Big 12,I,TX,"OKLAHOMA CITY, OKLA",OK,USA,2.0,True,Texas,False,False
5239107.0,Mikayla Blakes,238,Commodores,Vanderbilt Commodores,Vanderbilt,Guard,G,34,1184.0,307.0,673.0,93.0,259.0,211.0,245.0,35.0,104.0,139.0,154.0,98.0,9.0,103.0,65.0,918.0,34,84.3,65.2,34.8,27.0,4.1,4.5,2.9,0.3,3.0,31.0,4.7,5.2,3.3,0.3,3.5,45.6,35.9,86.1,52.5,58.8,5.0,True,68.0,Sophomore,GUARD,,False,SEC,I,TN,"SOMERSET, NJ",NJ,USA,2.0,False,Tennessee,False,False
5239108.0,Trinity Wilson,238,Commodores,Vanderbilt Commodores,Vanderbilt,Forward,F,11,39.0,3.0,6.0,0.0,0.0,6.0,10.0,4.0,5.0,9.0,5.0,3.0,0.0,8.0,4.0,12.0,0,91.3,63.0,3.5,1.1,0.8,0.5,0.3,0.0,0.7,12.3,9.2,5.1,3.1,0.0,8.2,50.0,,60.0,50.0,57.7,5.0,True,75.0,Sophomore,FORWARD,,False,SEC,I,TN,"LAKEVILLE, MINN",MN,USA,2.0,False,Tennessee,False,False
5239451.0,Ines Goryanova,239,Bears,Baylor Bears,Baylor,Guard,G,10,44.0,4.0,8.0,1.0,2.0,0.0,2.0,1.0,1.0,2.0,8.0,2.0,0.0,9.0,10.0,9.0,0,71.5,63.4,4.4,0.9,0.2,0.8,0.2,0.0,0.9,8.2,1.8,7.3,1.8,0.0,8.2,50.0,50.0,0.0,56.2,50.7,7.0,True,68.0,Freshman,GUARD,,True,Big 12,I,TX,"SOFIA, BULGARIA",,BULGARIA,1.0,False,Texas,False,False
5239452.0,Waiata Jennings,333,Crimson Tide,Alabama Crimson Tide,Alabama,Guard,G,27,183.0,19.0,56.0,4.0,25.0,3.0,5.0,3.0,14.0,17.0,12.0,9.0,1.0,14.0,16.0,45.0,0,67.9,63.5,6.8,1.7,0.6,0.4,0.3,0.0,0.5,9.8,3.7,2.6,2.0,0.2,3.1,33.9,16.0,60.0,37.5,38.7,21.0,True,69.0,Senior,GUARD,,False,SEC,I,AL,"ROTORUA, NEW ZEALAND",,NEW ZEALAND,4.0,False,Alabama,False,False
5239453.0,Kayla Nelms,239,Bears,Baylor Bears,Baylor,Forward,F,29,272.0,45.0,79.0,4.0,15.0,25.0,35.0,31.0,53.0,84.0,12.0,8.0,8.0,23.0,38.0,119.0,0,72.2,60.6,9.4,4.1,2.9,0.4,0.3,0.3,0.8,17.5,12.4,1.8,1.2,1.2,3.4,57.0,26.7,71.4,59.5,63.0,7.0,True,73.0,Sophomore,FORWARD,,False,Big 12,I,TX,"MIAMI, FLA",FL,USA,2.0,False,Texas,False,False
5239461.0,Reagan Wilson,66,Cyclones,Iowa State Cyclones,Iowa State,Guard,G,27,253.0,24.0,52.0,15.0,37.0,8.0,13.0,6.0,14.0,20.0,25.0,11.0,1.0,7.0,16.0,71.0,1,83.0,65.1,9.4,2.6,0.7,0.9,0.4,0.0,0.3,11.2,3.2,4.0,1.7,0.2,1.1,46.2,40.5,61.5,60.6,61.5,10.0,True,68.0,Sophomore,GUARD,,False,Big 12,I,IA,"NOBLESVILLE, IND",IN,USA,2.0,False,Iowa,False,False
5239462.0,Aili Tanke,66,Cyclones,Iowa State Cyclones,Iowa State,Guard,G,12,84.0,4.0,11.0,3.0,7.0,0.0,0.0,3.0,14.0,17.0,6.0,2.0,1.0,5.0,2.0,11.0,0,87.3,58.3,7.0,0.9,1.4,0.5,0.2,0.1,0.4,5.2,8.1,2.9,1.0,0.5,2.4,36.4,42.9,,50.0,50.0,10.0,True,71.0,Sophomore,GUARD,,False,Big 12,I,IA,"JOHNSTON, IOWA",IA,USA,2.0,False,Iowa,False,False
5239469.0,Jadyn Wooten,197,Cowgirls,Oklahoma State Cowgirls,Oklahoma State,Guard,G,33,917.0,171.0,349.0,12.0,40.0,69.0,93.0,32.0,80.0,112.0,177.0,43.0,5.0,72.0,53.0,423.0,0,82.3,64.0,27.8,12.8,3.4,5.4,1.3,0.2,2.2,18.5,4.9,7.7,1.9,0.2,3.1,49.0,30.0,74.2,50.7,54.2,18.0,True,66.0,Sophomore,GUARD,,False,Big 12,I,OK,"OVERLAND PARK, KANSAS",KS,USA,2.0,False,Oklahoma,False,False
5239472.0,Kalysta Martin,2641,Lady Raiders,Texas Tech Lady Raiders,Texas Tech,Guard,G,7,39.0,1.0,6.0,1.0,6.0,2.0,2.0,1.0,3.0,4.0,2.0,1.0,1.0,2.0,4.0,5.0,0,78.1,49.7,5.6,0.7,0.6,0.3,0.1,0.1,0.3,5.1,4.1,2.1,1.0,1.0,2.1,16.7,16.7,100.0,25.0,36.3,16.0,True,74.0,Sophomore,GUARD,,False,Big 12,I,TX,"SAN ANTONIO, TEXAS",TX,USA,2.0,False,Texas,False,False
5239473.0,Sarengbe Sanogo,2641,Lady Raiders,Texas Tech Lady Raiders,Texas Tech,Forward,F,34,547.0,76.0,124.0,0.0,0.0,19.0,40.0,43.0,78.0,121.0,22.0,25.0,43.0,55.0,94.0,171.0,33,70.8,59.1,16.1,5.0,3.6,0.6,0.7,1.3,1.6,12.5,8.8,1.6,1.8,3.1,4.0,61.3,,47.5,61.3,60.4,16.0,True,75.0,Senior,FORWARD,,False,Big 12,I,TX,"PARIS, FRANCE",,FRANCE,4.0,False,Texas,False,False
5239475.0,Emely Rodriguez,2294,Hawkeyes,Iowa Hawkeyes,Iowa,Guard,G,6,85.0,17.0,40.0,1.0,7.0,8.0,10.0,3.0,9.0,12.0,10.0,4.0,1.0,13.0,9.0,43.0,0,83.3,51.0,14.2,7.2,2.0,1.7,0.7,0.2,2.2,20.2,5.6,4.7,1.9,0.5,6.1,42.5,14.3,80.0,43.8,48.4,8.0,True,72.0,Sophomore,GUARD,Central Florida,False,Big Ten,I,IA,"LA ROMANA, DR",,DOMINICAN REPUBLIC,2.0,True,Iowa,False,False
5239485.0,Jordan Thomas,277,Mountaineers,West Virginia Mountaineers,West Virginia,Forward,F,26,293.0,36.0,69.0,0.0,1.0,26.0,39.0,40.0,31.0,71.0,12.0,9.0,10.0,25.0,36.0,98.0,9,78.6,60.0,11.3,3.8,2.7,0.5,0.3,0.4,1.0,13.4,9.7,1.6,1.2,1.4,3.4,52.2,0.0,66.7,52.2,56.9,15.0,True,75.0,Sophomore,FORWARD,,False,Big 12,I,WV,"CARROLLTON, TEXAS",TX,USA,2.0,False,West Virginia,False,False
5239486.0,Célia Rivière,277,Mountaineers,West Virginia Mountaineers,West Virginia,Forward,F,34,449.0,42.0,87.0,0.0,2.0,12.0,23.0,34.0,55.0,89.0,47.0,17.0,2.0,30.0,50.0,96.0,0,76.6,58.1,13.2,2.8,2.6,1.4,0.5,0.1,0.9,8.6,7.9,4.2,1.5,0.2,2.7,48.3,0.0,52.2,48.3,49.4,15.0,True,75.0,Senior,FORWARD,,False,Big 12,I,WV,"PARIS, FRANCE",,FRANCE,4.0,False,West Virginia,False,False
5239591.0,Allie Ziebell,41,Huskies,UConn Huskies,UConn,Guard,G,39,701.0,99.0,197.0,58.0,141.0,26.0,33.0,12.0,51.0,63.0,48.0,37.0,12.0,19.0,30.0,282.0,2,86.8,50.4,18.0,7.2,1.6,1.2,0.9,0.3,0.5,16.1,3.6,2.7,2.1,0.7,1.1,50.3,41.1,78.8,65.0,66.7,1.0,True,,Sophomore,GUARD,,False,Big East,I,CT,"NEENAH, WIS",WI,USA,2.0,False,Connecticut,False,False
5239592.0,Sarah Strong,41,Huskies,UConn Huskies,UConn,Forward,F,38,1044.0,279.0,479.0,61.0,151.0,80.0,96.0,49.0,244.0,293.0,146.0,130.0,62.0,73.0,65.0,699.0,37,87.0,50.5,27.5,18.4,7.7,3.8,3.4,1.6,1.9,26.8,11.2,5.6,5.0,2.4,2.8,58.2,40.4,83.3,64.6,67.1,1.0,True,74.0,Sophomore,FORWARD,,False,Big East,I,CT,"DURHAM, NC",NC,USA,2.0,False,Connecticut,False,False
5239661.0,Vivian Iwuchukwu,30,Trojans,USC Trojans,USC,Forward,F,31,316.0,31.0,63.0,0.0,0.0,20.0,36.0,27.0,40.0,67.0,10.0,13.0,1.0,21.0,40.0,82.0,11,69.3,63.4,10.2,2.6,2.2,0.3,0.4,0.0,0.7,10.4,8.5,1.3,1.6,0.1,2.7,49.2,,55.6,49.2,52.0,8.0,True,75.0,Sophomore,FORWARD,,False,Big Ten,I,CA,"IMO STATE, NIGERIA",,NIGERIA,2.0,False,California,False,False
5239662.0,Rian Forestier,30,Trojans,USC Trojans,USC,Guard,G,13,72.0,8.0,26.0,6.0,23.0,1.0,2.0,2.0,6.0,8.0,6.0,1.0,0.0,5.0,2.0,23.0,0,72.5,58.5,5.5,1.8,0.6,0.5,0.1,0.0,0.4,12.8,4.4,3.3,0.6,0.0,2.8,30.8,26.1,50.0,42.3,42.8,8.0,True,71.0,Sophomore,GUARD,,False,Big Ten,I,CA,"HELOTES, TEXAS",TX,USA,2.0,False,California,False,False
5239663.0,Laura Williams,30,Trojans,USC Trojans,USC,Forward,F,31,457.0,36.0,85.0,0.0,1.0,19.0,38.0,65.0,83.0,148.0,16.0,10.0,38.0,19.0,54.0,91.0,11,70.0,64.3,14.7,2.9,4.8,0.5,0.3,1.2,0.6,8.0,13.0,1.4,0.9,3.3,1.7,42.4,0.0,50.0,42.4,44.7,8.0,True,73.0,Freshman,FORWARD,,True,Big Ten,I,CA,"TAMPA, FLA",FL,USA,1.0,False,California,False,False
5239664.0,Kayleigh Heckel,41,Huskies,UConn Huskies,UConn,Guard,G,39,739.0,110.0,204.0,18.0,47.0,31.0,45.0,24.0,85.0,109.0,108.0,56.0,4.0,44.0,65.0,269.0,0,86.8,50.4,18.9,6.9,2.8,2.8,1.4,0.1,1.1,14.6,5.9,5.8,3.0,0.2,2.4,53.9,38.3,68.9,58.3,60.1,1.0,True,69.0,Sophomore,GUARD,USC,False,Big East,I,CT,"PORT CHESTER, NY",NY,USA,2.0,True,Connecticut,False,False
5239665.0,Kennedy Smith,30,Trojans,USC Trojans,USC,Guard,G,29,944.0,132.0,329.0,26.0,115.0,43.0,63.0,26.0,99.0,125.0,104.0,54.0,31.0,66.0,80.0,333.0,29,70.6,64.1,32.6,11.5,4.3,3.6,1.9,1.1,2.3,14.1,5.3,4.4,2.3,1.3,2.8,40.1,22.6,68.3,44.1,46.7,8.0,True,73.0,Sophomore,GUARD,,False,Big Ten,I,CA,"CHINO, CALIF",CA,USA,2.0,False,California,False,False
5239666.0,Avery Howell,264,Huskies,Washington Huskies,Washington,Guard,G,33,1132.0,161.0,317.0,85.0,197.0,61.0,80.0,46.0,227.0,273.0,47.0,45.0,13.0,43.0,78.0,468.0,33,71.3,62.0,34.3,14.2,8.3,1.4,1.4,0.4,1.3,16.5,9.6,1.7,1.6,0.5,1.5,50.8,43.1,76.2,64.2,66.4,20.0,True,,Sophomore,GUARD,USC,False,Big Ten,I,WA,"BOISE, IDAHO",ID,USA,2.0,True,Washington,False,False
5239667.0,Brooklyn Shamblin,30,Trojans,USC Trojans,USC,Guard,G,13,41.0,1.0,3.0,1.0,2.0,0.0,0.0,0.0,7.0,7.0,5.0,1.0,0.0,3.0,4.0,3.0,0,72.5,58.5,3.2,0.2,0.5,0.4,0.1,0.0,0.2,2.9,6.8,4.9,1.0,0.0,2.9,33.3,50.0,,50.0,50.0,8.0,True,69.0,Sophomore,GUARD,,False,Big Ten,I,CA,"CARPINTERIA, CALIF",CA,USA,2.0,False,California,False,False
5239679.0,Ava Watson,194,Buckeyes,Ohio State Buckeyes,Ohio State,Guard,G,35,921.0,87.0,216.0,42.0,118.0,36.0,40.0,26.0,52.0,78.0,82.0,69.0,5.0,56.0,71.0,252.0,16,81.3,66.3,26.3,7.2,2.2,2.3,2.0,0.1,1.6,10.9,3.4,3.6,3.0,0.2,2.4,40.3,35.6,90.0,50.0,53.9,8.0,True,68.0,Sophomore,GUARD,,False,Big Ten,I,OH,"BUFORD, GA",GA,USA,2.0,False,Ohio,False,False
5239680.0,Elsa Lemmilä,194,Buckeyes,Ohio State Buckeyes,Ohio State,Center,C,34,897.0,131.0,236.0,2.0,13.0,45.0,73.0,78.0,177.0,255.0,74.0,33.0,77.0,69.0,65.0,309.0,26,81.1,66.3,26.4,9.1,7.5,2.2,1.0,2.3,2.0,13.8,11.4,3.3,1.5,3.4,3.1,55.5,15.4,61.6,55.9,57.6,8.0,True,78.0,Sophomore,CENTER,,False,Big Ten,I,OH,"ESPOO, FINLAND",,FINLAND,2.0,False,Ohio,False,False
5239681.0,Ella Hobbs,194,Buckeyes,Ohio State Buckeyes,Ohio State,Forward,F,28,198.0,23.0,51.0,7.0,16.0,5.0,6.0,17.0,42.0,59.0,12.0,4.0,3.0,8.0,17.0,58.0,0,82.3,64.4,7.1,2.1,2.1,0.4,0.1,0.1,0.3,11.7,11.9,2.4,0.8,0.6,1.6,45.1,43.8,83.3,52.0,54.1,8.0,True,76.0,Freshman,FORWARD,,True,Big Ten,I,OH,"CONCORD, NC",NC,USA,1.0,False,Ohio,False,False
5239682.0,Seini Henry,194,Buckeyes,Ohio State Buckeyes,Ohio State,Forward,F,17,109.0,12.0,32.0,1.0,11.0,10.0,16.0,13.0,25.0,38.0,4.0,4.0,3.0,10.0,15.0,35.0,0,87.5,59.2,6.4,2.1,2.2,0.2,0.2,0.2,0.6,12.8,13.9,1.5,1.5,1.1,3.7,37.5,9.1,62.5,39.1,44.8,8.0,True,,Freshman,FORWARD,,True,Big Ten,I,OH,"CHARLOTTE, NC",NC,USA,1.0,False,Ohio,False,False
5239683.0,Jaloni Cambridge,194,Buckeyes,Ohio State Buckeyes,Ohio State,Guard,G,35,1135.0,305.0,617.0,49.0,136.0,154.0,187.0,40.0,156.0,196.0,155.0,66.0,15.0,106.0,97.0,813.0,35,81.3,66.3,32.4,23.2,5.6,4.4,1.9,0.4,3.0,28.7,6.9,5.5,2.3,0.5,3.7,49.4,36.0,82.4,53.4,58.1,8.0,True,67.0,Sophomore,GUARD,,False,Big Ten,I,OH,"NASHVILLE, TENN",TN,USA,2.0,False,Ohio,False,False
5239704.0,Elina Aarnisalo,153,Tar Heels,North Carolina Tar Heels,North Carolina,Guard,G,36,962.0,147.0,311.0,38.0,94.0,35.0,46.0,23.0,98.0,121.0,105.0,32.0,6.0,79.0,53.0,367.0,26,74.6,59.1,26.7,10.2,3.4,2.9,0.9,0.2,2.2,15.3,5.0,4.4,1.3,0.2,3.3,47.3,40.4,76.1,53.4,55.4,11.0,True,70.0,Sophomore,GUARD,UCLA,False,ACC,I,NC,"HELSINKI, FINLAND",,FINLAND,2.0,True,North Carolina,False,False
5239705.0,Kendall Dudley,130,Wolverines,Michigan Wolverines,Michigan,Guard,G,34,641.0,89.0,164.0,1.0,4.0,18.0,49.0,56.0,76.0,132.0,34.0,41.0,10.0,43.0,74.0,197.0,2,81.8,63.3,18.9,5.8,3.9,1.0,1.2,0.3,1.3,12.3,8.2,2.1,2.6,0.6,2.7,54.3,25.0,36.7,54.6,53.1,6.0,True,74.0,Sophomore,GUARD,UCLA,False,Big Ten,I,MI,"MANASSAS PARK, VA",VA,USA,2.0,True,Michigan,False,False
5240010.0,Devin Coppinger,264,Huskies,Washington Huskies,Washington,Guard,G,33,595.0,47.0,111.0,13.0,49.0,19.0,29.0,44.0,27.0,71.0,20.0,19.0,4.0,29.0,50.0,126.0,0,71.3,62.0,18.0,3.8,2.2,0.6,0.6,0.1,0.9,8.5,4.8,1.3,1.3,0.3,1.9,42.3,26.5,65.5,48.2,50.9,20.0,True,70.0,Sophomore,GUARD,,False,Big Ten,I,WA,"EVERSON, WASH",WA,USA,2.0,False,Washington,False,False
5240167.0,Irene Noya Catoira,356,Fighting Illini,Illinois Fighting Illini,Illinois,Forward,F,17,95.0,9.0,16.0,0.0,3.0,3.0,6.0,10.0,10.0,20.0,5.0,5.0,3.0,6.0,9.0,21.0,0,81.7,61.7,5.6,1.2,1.2,0.3,0.3,0.2,0.4,8.8,8.4,2.1,2.1,1.3,2.5,56.2,0.0,50.0,56.2,56.3,25.0,True,75.0,Sophomore,FORWARD,,False,Big Ten,I,IL,"VILAGARCÍA DE AROUSA, PONTEVEDRA, SPAIN",,SPAIN,2.0,False,Illinois,False,False
5240168.0,Mia Zenere,356,Fighting Illini,Illinois Fighting Illini,Illinois,Guard,G,7,22.0,2.0,7.0,0.0,2.0,0.0,0.0,0.0,2.0,2.0,1.0,0.0,0.0,2.0,2.0,4.0,0,88.6,51.0,3.1,0.6,0.3,0.1,0.0,0.0,0.3,7.3,3.6,1.8,0.0,0.0,3.6,28.6,0.0,,28.6,28.6,25.0,True,71.0,Sophomore,GUARD,,False,Big Ten,I,IL,"MOKENA, ILL",IL,USA,2.0,False,Illinois,False,False
5240169.0,Berry Wallace,356,Fighting Illini,Illinois Fighting Illini,Illinois,Forward,F,34,1213.0,227.0,481.0,50.0,144.0,122.0,141.0,67.0,145.0,212.0,60.0,24.0,12.0,68.0,78.0,626.0,34,76.5,66.1,35.7,18.4,6.2,1.8,0.7,0.4,2.0,20.6,7.0,2.0,0.8,0.4,2.2,47.2,34.7,86.5,52.4,57.6,25.0,True,73.0,Sophomore,FORWARD,,False,Big Ten,I,IL,"PICKERINGTON, OHIO",OH,USA,2.0,False,Illinois,False,False
5240170.0,Hayven Smith,356,Fighting Illini,Illinois Fighting Illini,Illinois,Center,C,18,67.0,0.0,5.0,0.0,0.0,2.0,2.0,2.0,7.0,9.0,0.0,0.0,1.0,1.0,9.0,2.0,0,79.8,63.1,3.7,0.1,0.5,0.0,0.0,0.1,0.1,1.2,5.4,0.0,0.0,0.6,0.6,0.0,,100.0,0.0,17.0,25.0,True,78.0,Sophomore,CENTER,,False,Big Ten,I,IL,"FRANKFORT, ILL",IL,USA,2.0,False,Illinois,False,False
5240174.0,Taylor Stremlow,2294,Hawkeyes,Iowa Hawkeyes,Iowa,Guard,G,34,835.0,103.0,214.0,43.0,116.0,21.0,31.0,36.0,61.0,97.0,146.0,42.0,11.0,81.0,56.0,270.0,18,76.2,65.2,24.6,7.9,2.9,4.3,1.2,0.3,2.4,12.9,4.6,7.0,2.0,0.5,3.9,48.1,37.1,67.7,58.2,59.3,8.0,True,70.0,Sophomore,GUARD,,False,Big Ten,I,IA,"VERONA, WIS",WI,USA,2.0,False,Iowa,False,False
5240175.0,Ava Heiden,2294,Hawkeyes,Iowa Hawkeyes,Iowa,Center,C,34,876.0,264.0,412.0,0.0,2.0,84.0,114.0,48.0,198.0,246.0,51.0,40.0,43.0,78.0,103.0,612.0,34,76.2,65.2,25.8,18.0,7.2,1.5,1.2,1.3,2.3,27.9,11.2,2.3,1.8,2.0,3.6,64.1,0.0,73.7,64.1,66.2,8.0,True,76.0,Sophomore,CENTER,,False,Big Ten,I,IA,"SHERWOOD, ORE",OR,USA,2.0,False,Iowa,False,False
5240176.0,Aaliyah Guyton,356,Fighting Illini,Illinois Fighting Illini,Illinois,Guard,G,30,620.0,67.0,173.0,27.0,71.0,28.0,33.0,11.0,48.0,59.0,60.0,21.0,0.0,34.0,55.0,189.0,15,76.1,66.4,20.7,6.3,2.0,2.0,0.7,0.0,1.1,12.2,3.8,3.9,1.4,0.0,2.2,38.7,38.0,84.8,46.5,50.4,25.0,True,67.0,Sophomore,GUARD,Iowa,False,Big Ten,I,IL,"PEORIA, ILL",IL,USA,2.0,True,Illinois,True,False
5240177.0,Callie Levin,2294,Hawkeyes,Iowa Hawkeyes,Iowa,Guard,G,19,115.0,8.0,24.0,1.0,9.0,6.0,8.0,2.0,9.0,11.0,10.0,7.0,0.0,6.0,12.0,23.0,0,80.5,66.0,6.1,1.2,0.6,0.5,0.4,0.0,0.3,8.0,3.8,3.5,2.4,0.0,2.1,33.3,11.1,75.0,35.4,41.8,8.0,True,69.0,Sophomore,GUARD,,False,Big Ten,I,IA,"SOLON, IOWA",IA,USA,2.0,False,Iowa,False,False
5240178.0,Teagan Mallegni,2294,Hawkeyes,Iowa Hawkeyes,Iowa,Guard,G,15,84.0,8.0,33.0,3.0,20.0,3.0,6.0,7.0,12.0,19.0,10.0,3.0,0.0,7.0,5.0,22.0,0,76.9,69.8,5.6,1.5,1.3,0.7,0.2,0.0,0.5,10.5,9.0,4.8,1.4,0.0,3.3,24.2,15.0,50.0,28.8,30.9,8.0,True,73.0,Sophomore,GUARD,,False,Big Ten,I,IA,"MCFARLAND, WIS",WI,USA,2.0,False,Iowa,False,False
5240179.0,Ava McKennie,120,Terrapins,Maryland Terrapins,Maryland,Guard,G,7,71.0,8.0,12.0,2.0,3.0,8.0,11.0,5.0,4.0,9.0,1.0,2.0,1.0,5.0,6.0,26.0,0,87.7,52.1,10.1,3.7,1.3,0.1,0.3,0.1,0.7,14.6,5.1,0.6,1.1,0.6,2.8,66.7,66.7,72.7,75.0,77.2,7.0,True,74.0,Sophomore,GUARD,,False,Big Ten,I,MD,"MCSHERRYSTOWN, PA",PA,USA,2.0,False,Maryland,False,False
5240180.0,Kyndal Walker,120,Terrapins,Maryland Terrapins,Maryland,Guard,G,32,718.0,68.0,185.0,3.0,25.0,79.0,98.0,31.0,53.0,84.0,70.0,35.0,2.0,41.0,55.0,218.0,4,82.5,63.6,22.4,6.8,2.6,2.2,1.1,0.1,1.3,12.1,4.7,3.9,1.9,0.1,2.3,36.8,12.0,80.6,37.6,47.8,7.0,True,69.0,Freshman,GUARD,,True,Big Ten,I,MD,"BELTSVILLE, MD",MD,USA,1.0,False,Maryland,False,False
5240181.0,Isimenme Ozzy-Momodu,120,Terrapins,Maryland Terrapins,Maryland,Forward,F,31,568.0,109.0,190.0,0.0,0.0,29.0,54.0,85.0,112.0,197.0,23.0,24.0,32.0,56.0,65.0,247.0,21,81.8,63.8,18.3,8.0,6.4,0.7,0.8,1.0,1.8,17.4,13.9,1.6,1.7,2.3,3.9,57.4,,53.7,57.4,57.8,7.0,True,75.0,Junior,FORWARD,,True,Big Ten,I,MD,"LONDON, ENGLAND",,UNITED KINGDOM,3.0,False,Maryland,False,False
5240182.0,Breanna Williams,120,Terrapins,Maryland Terrapins,Maryland,Forward,F,24,246.0,35.0,72.0,4.0,15.0,39.0,54.0,26.0,42.0,68.0,10.0,8.0,5.0,21.0,27.0,113.0,0,84.5,58.8,10.2,4.7,2.8,0.4,0.3,0.2,0.9,18.4,11.1,1.6,1.3,0.8,3.4,48.6,26.7,72.2,51.4,59.0,7.0,True,74.0,Freshman,FORWARD,,True,Big Ten,I,MD,"BILLINGS, MT",MT,USA,1.0,False,Maryland,False,False
5240183.0,Olivia Olson,130,Wolverines,Michigan Wolverines,Michigan,Guard,G,35,1090.0,246.0,526.0,39.0,128.0,132.0,163.0,57.0,155.0,212.0,86.0,63.0,16.0,69.0,77.0,663.0,35,82.3,62.6,31.1,18.9,6.1,2.5,1.8,0.5,2.0,24.3,7.8,3.2,2.3,0.6,2.5,46.8,30.5,81.0,50.5,55.5,6.0,True,73.0,Sophomore,GUARD,,False,Big Ten,I,MI,"NEW HOPE, MINN",MN,USA,2.0,False,Michigan,False,False
5240184.0,Mila Holloway,130,Wolverines,Michigan Wolverines,Michigan,Guard,G,35,1007.0,155.0,360.0,45.0,131.0,77.0,99.0,13.0,129.0,142.0,167.0,54.0,7.0,98.0,94.0,432.0,35,82.3,62.6,28.8,12.3,4.1,4.8,1.5,0.2,2.8,17.2,5.6,6.6,2.1,0.3,3.9,43.1,34.4,77.8,49.3,53.5,6.0,True,70.0,Sophomore,GUARD,,False,Big Ten,I,MI,"CHARLOTTE, NC",NC,USA,2.0,False,Michigan,False,False
5240185.0,Syla Swords,130,Wolverines,Michigan Wolverines,Michigan,Guard,G,34,1152.0,183.0,451.0,84.0,247.0,47.0,61.0,38.0,106.0,144.0,82.0,54.0,7.0,67.0,53.0,497.0,34,82.2,62.7,33.9,14.6,4.2,2.4,1.6,0.2,2.0,17.3,5.0,2.8,1.9,0.2,2.3,40.6,34.0,77.0,49.9,52.0,6.0,True,,Sophomore,GUARD,,False,Big Ten,I,MI,"SUDBURY, ONTARIO",,CANADA,2.0,False,Michigan,False,False
5240186.0,Te'Yala Delfosse,130,Wolverines,Michigan Wolverines,Michigan,Guard,G,35,674.0,110.0,218.0,22.0,67.0,64.0,88.0,72.0,91.0,163.0,33.0,21.0,17.0,42.0,48.0,306.0,1,82.3,62.6,19.3,8.7,4.7,0.9,0.6,0.5,1.2,18.2,9.7,2.0,1.2,1.0,2.5,50.5,32.8,72.7,55.5,59.6,6.0,True,75.0,Sophomore,GUARD,,False,Big Ten,I,MI,"EWING, NJ",NJ,USA,2.0,False,Michigan,False,False
5240187.0,Aaiyanna Dunbar,130,Wolverines,Michigan Wolverines,Michigan,Forward,F,6,10.0,0.0,2.0,0.0,0.0,0.0,0.0,0.0,1.0,1.0,0.0,1.0,0.0,0.0,1.0,0.0,0,96.2,55.8,1.7,0.0,0.2,0.0,0.2,0.0,0.0,0.0,4.0,0.0,4.0,0.0,0.0,0.0,,,0.0,0.0,6.0,True,74.0,Sophomore,FORWARD,,False,Big Ten,I,MI,"MURFREESBORO, TENN",TN,USA,2.0,False,Michigan,False,False
5240188.0,Yulia Grabovskaia,264,Huskies,Washington Huskies,Washington,Center,C,33,480.0,62.0,133.0,0.0,0.0,19.0,28.0,73.0,79.0,152.0,46.0,19.0,13.0,46.0,55.0,143.0,23,71.3,62.0,14.5,4.3,4.6,1.4,0.6,0.4,1.4,11.9,12.7,3.8,1.6,1.1,3.8,46.6,,67.9,46.6,49.2,20.0,True,77.0,Senior,CENTER,Michigan,False,Big Ten,I,WA,"ROSTOV ON-DON, RUSSIA",,RUSSIA,4.0,True,Washington,False,False
5240191.0,Inés Sotelo,127,Spartans,Michigan State Spartans,Michigan State,Center,C,23,552.0,65.0,144.0,7.0,34.0,19.0,32.0,38.0,54.0,92.0,35.0,27.0,13.0,44.0,61.0,156.0,20,77.9,71.1,24.0,6.8,4.0,1.5,1.2,0.6,1.9,11.3,6.7,2.5,2.0,0.9,3.2,45.1,20.6,59.4,47.6,49.3,12.0,True,75.0,Sophomore,CENTER,,False,Big Ten,I,MI,"OURENSE, SPAIN",,SPAIN,2.0,False,Michigan,False,False
5240192.0,Juliann Woodard,127,Spartans,Michigan State Spartans,Michigan State,Forward,F,26,232.0,28.0,75.0,21.0,56.0,18.0,20.0,18.0,41.0,59.0,14.0,10.0,7.0,13.0,35.0,95.0,0,81.5,66.7,8.9,3.7,2.3,0.5,0.4,0.3,0.5,16.4,10.2,2.4,1.7,1.2,2.2,37.3,37.5,90.0,51.3,56.7,12.0,True,,Sophomore,FORWARD,,False,Big Ten,I,MI,"NORTH VERNON, IND",IN,USA,2.0,False,Michigan,False,False
5240193.0,Tori McKinney,135,Golden Gophers,Minnesota Golden Gophers,Minnesota,Guard,G,29,793.0,132.0,286.0,33.0,97.0,72.0,87.0,17.0,69.0,86.0,75.0,57.0,16.0,34.0,71.0,369.0,29,76.4,58.2,27.3,12.7,3.0,2.6,2.0,0.6,1.2,18.6,4.3,3.8,2.9,0.8,1.7,46.2,34.0,82.8,51.9,56.9,19.0,True,73.0,Sophomore,GUARD,,False,Big Ten,I,MN,"MINNETONKA, MINN",MN,USA,2.0,False,Minnesota,False,False
5240194.0,Kennadi Williams,158,Cornhuskers,Nebraska Cornhuskers,Nebraska,Guard,G,32,491.0,28.0,75.0,11.0,44.0,11.0,17.0,12.0,15.0,27.0,80.0,29.0,1.0,27.0,43.0,78.0,0,78.7,67.3,15.3,2.4,0.8,2.5,0.9,0.0,0.8,6.4,2.2,6.5,2.4,0.1,2.2,37.3,25.0,64.7,44.7,47.3,20.0,True,64.0,Freshman,GUARD,,True,Big Ten,I,NE,"LINCOLN, NEB",NE,USA,1.0,False,Nebraska,False,False
5240195.0,Britt Prince,158,Cornhuskers,Nebraska Cornhuskers,Nebraska,Guard,G,32,1040.0,213.0,398.0,42.0,92.0,104.0,114.0,34.0,97.0,131.0,142.0,47.0,16.0,90.0,61.0,572.0,32,78.7,67.3,32.5,17.9,4.1,4.4,1.5,0.5,2.8,22.0,5.0,5.5,1.8,0.6,3.5,53.5,45.7,91.2,58.8,63.8,20.0,True,71.0,Sophomore,GUARD,,False,Big Ten,I,NE,"OMAHA, NEB",NE,USA,2.0,False,Nebraska,False,False
5240196.0,Amiah Hargrove,158,Cornhuskers,Nebraska Cornhuskers,Nebraska,Forward,F,31,755.0,156.0,293.0,24.0,59.0,57.0,71.0,57.0,114.0,171.0,20.0,21.0,10.0,23.0,61.0,393.0,12,78.7,66.7,24.4,12.7,5.5,0.6,0.7,0.3,0.7,20.8,9.1,1.1,1.1,0.5,1.2,53.2,40.7,80.3,57.3,60.6,20.0,True,74.0,Sophomore,FORWARD,,False,Big Ten,I,NE,"CHRISTOPHER, ILL",IL,USA,2.0,False,Nebraska,False,False
5240197.0,Petra Bozan,158,Cornhuskers,Nebraska Cornhuskers,Nebraska,Forward,F,32,473.0,91.0,178.0,6.0,30.0,24.0,41.0,41.0,67.0,108.0,16.0,19.0,14.0,37.0,71.0,212.0,19,78.7,67.3,14.8,6.6,3.4,0.5,0.6,0.4,1.2,17.9,9.1,1.4,1.6,1.2,3.1,51.1,20.0,58.5,52.8,54.1,20.0,True,75.0,Sophomore,FORWARD,,False,Big Ten,I,NE,"SPLIT, CROATIA",,CROATIA,2.0,False,Nebraska,False,False
5240395.0,Alicia Newell,257,Spiders,Richmond Spiders,Richmond,Guard,G,32,713.0,90.0,211.0,24.0,72.0,27.0,42.0,48.0,64.0,112.0,58.0,61.0,5.0,46.0,62.0,231.0,31,71.2,58.8,22.3,7.2,3.5,1.8,1.9,0.2,1.4,13.0,6.3,3.3,3.4,0.3,2.6,42.7,33.3,64.3,48.3,50.3,24.0,True,69.0,Sophomore,GUARD,,False,Atlantic 10,I,VA,"CLINTON, MD",MD,USA,2.0,False,Virginia,False,False
5240396.0,Payton Richard,257,Spiders,Richmond Spiders,Richmond,Guard,G,26,143.0,8.0,30.0,5.0,21.0,0.0,0.0,1.0,9.0,10.0,3.0,2.0,0.0,7.0,5.0,21.0,0,76.2,59.0,5.5,0.8,0.4,0.1,0.1,0.0,0.3,5.9,2.8,0.8,0.6,0.0,2.0,26.7,23.8,,35.0,35.0,24.0,True,,Sophomore,GUARD,,False,Atlantic 10,I,VA,"BOLTON, MASS",MA,USA,2.0,False,Virginia,False,False
5240397.0,Annika Manthy,257,Spiders,Richmond Spiders,Richmond,Forward,F,11,19.0,0.0,3.0,0.0,0.0,1.0,2.0,1.0,4.0,5.0,0.0,3.0,1.0,1.0,2.0,1.0,0,81.8,53.0,1.7,0.1,0.5,0.0,0.3,0.1,0.1,2.1,10.5,0.0,6.3,2.1,2.1,0.0,,50.0,0.0,12.9,24.0,True,75.0,Sophomore,FORWARD,,False,Atlantic 10,I,VA,"ARLINGTON HEIGHTS, ILL",IL,USA,2.0,False,Virginia,False,False
5240738.0,Tyla Heard,197,Cowgirls,Oklahoma State Cowgirls,Oklahoma State,Guard,G,18,82.0,3.0,15.0,2.0,12.0,0.0,2.0,5.0,10.0,15.0,9.0,4.0,0.0,4.0,5.0,8.0,0,87.2,57.5,4.6,0.4,0.8,0.5,0.2,0.0,0.2,3.9,7.3,4.4,2.0,0.0,2.0,20.0,16.7,0.0,26.7,25.2,18.0,True,71.0,Sophomore,GUARD,Oral Roberts,False,Big 12,I,OK,"SAPULPA, OKLAHOMA",OK,USA,2.0,True,Oklahoma,True,False
5241566.0,Dayana Mendes,30,Trojans,USC Trojans,USC,Forward,F,32,443.0,34.0,91.0,16.0,49.0,11.0,18.0,25.0,66.0,91.0,29.0,10.0,9.0,34.0,31.0,95.0,0,69.7,64.2,13.8,3.0,2.8,0.9,0.3,0.3,1.1,8.6,8.2,2.6,0.9,0.8,3.1,37.4,32.7,61.1,46.2,48.0,8.0,True,75.0,Sophomore,GUARD,,False,Big Ten,I,CA,"PARIS, FRANCE",,FRANCE,2.0,False,California,False,False
5241765.0,Mariam Sanogo,2641,Lady Raiders,Texas Tech Lady Raiders,Texas Tech,Forward,F,19,60.0,2.0,12.0,0.0,0.0,9.0,12.0,6.0,11.0,17.0,4.0,1.0,1.0,10.0,6.0,13.0,0,76.5,55.9,3.2,0.7,0.9,0.2,0.1,0.1,0.5,8.7,11.3,2.7,0.7,0.7,6.7,16.7,,75.0,16.7,37.6,16.0,True,74.0,Senior,GUARD,,False,Big 12,I,TX,"PARIS, FRANCE",,FRANCE,4.0,False,Texas,False,False
5241769.0,Cyanne Coe,2217,Stags,Fairfield Stags,Fairfield,Forward,F,32,697.0,129.0,201.0,0.0,2.0,27.0,69.0,75.0,110.0,185.0,51.0,36.0,25.0,55.0,44.0,285.0,28,74.9,56.4,21.8,8.9,5.8,1.6,1.1,0.8,1.7,16.4,10.6,2.9,2.1,1.4,3.2,64.2,0.0,39.1,64.2,61.6,25.0,True,72.0,Sophomore,,,False,MAAC,I,CT,"BOLTON, ONTARIO",,CANADA,2.0,False,,False,False
5241770.0,Julia Karpell,2217,Stags,Fairfield Stags,Fairfield,Guard,G,19,76.0,9.0,25.0,8.0,24.0,3.0,3.0,1.0,3.0,4.0,4.0,2.0,0.0,8.0,7.0,29.0,0,80.5,51.4,4.0,1.5,0.2,0.2,0.1,0.0,0.4,15.3,2.1,2.1,1.1,0.0,4.2,36.0,33.3,100.0,52.0,55.1,25.0,True,71.0,Sophomore,GUARD,,False,MAAC,I,CT,"HOLMDEL, NJ",NJ,USA,2.0,False,,False,False
5241872.0,Cristina Parrella,163,Tigers,Princeton Tigers,Princeton,Guard,G,2,24.0,3.0,6.0,1.0,2.0,0.0,0.0,0.0,2.0,2.0,2.0,1.0,0.0,1.0,1.0,7.0,0,72.5,45.5,12.0,3.5,1.0,1.0,0.5,0.0,0.5,11.7,3.3,3.3,1.7,0.0,1.7,50.0,50.0,,58.3,58.3,19.0,True,71.0,Sophomore,GUARD,,False,Ivy,I,NJ,"CLOSTER, NJ",NJ,USA,2.0,False,New Jersey,False,False
5241873.0,Emily Eadie,163,Tigers,Princeton Tigers,Princeton,Forward,F,30,263.0,21.0,58.0,2.0,11.0,9.0,13.0,24.0,33.0,57.0,14.0,5.0,10.0,15.0,25.0,53.0,0,72.4,60.7,8.8,1.8,1.9,0.5,0.2,0.3,0.5,8.1,8.7,2.1,0.8,1.5,2.3,36.2,18.2,69.2,37.9,41.6,19.0,True,73.0,Sophomore,FORWARD,,False,Ivy,I,NJ,"NEWPORT BEACH, CALIF",CA,USA,2.0,False,New Jersey,False,False
5241874.0,Toby Nweke,163,Tigers,Princeton Tigers,Princeton,Guard,G,28,612.0,61.0,133.0,25.0,72.0,16.0,20.0,14.0,43.0,57.0,18.0,35.0,14.0,26.0,41.0,163.0,3,73.0,62.4,21.9,5.8,2.0,0.6,1.2,0.5,0.9,10.7,3.7,1.2,2.3,0.9,1.7,45.9,34.7,80.0,55.3,57.5,19.0,True,70.0,Sophomore,GUARD,,False,Ivy,I,NJ,"WOODBINE, MD",MD,USA,2.0,False,New Jersey,False,False
5243328.0,Gisela Segura,356,Fighting Illini,Illinois Fighting Illini,Illinois,Forward,F,8,23.0,1.0,5.0,0.0,0.0,1.0,1.0,1.0,4.0,5.0,0.0,1.0,0.0,0.0,2.0,3.0,0,88.9,53.0,2.9,0.4,0.6,0.0,0.1,0.0,0.0,5.2,8.7,0.0,1.7,0.0,0.0,20.0,,100.0,20.0,27.6,25.0,True,71.0,Graduate Student,FORWARD,Franklin Pierce/LIU,False,Big Ten,I,IL,"CERVERA, SPAIN",,SPAIN,5.0,True,Illinois,False,False
5243562.0,Claire Johnson,158,Cornhuskers,Nebraska Cornhuskers,Nebraska,Guard,G,31,329.0,37.0,86.0,10.0,43.0,24.0,32.0,5.0,21.0,26.0,26.0,14.0,1.0,18.0,19.0,108.0,0,79.0,67.2,10.6,3.5,0.8,0.8,0.5,0.0,0.6,13.1,3.2,3.2,1.7,0.1,2.2,43.0,23.3,75.0,48.8,54.0,20.0,True,69.0,Sophomore,GUARD,Samford,False,Big Ten,I,NE,"PADUCAH, KY",KY,USA,2.0,True,Nebraska,False,False
5259684.0,Luci Jensen,87,Fighting Irish,Notre Dame Fighting Irish,Notre Dame,Guard,G,11,26.0,1.0,5.0,1.0,5.0,0.0,0.0,0.0,2.0,2.0,0.0,0.0,0.0,0.0,0.0,3.0,0,92.5,54.3,2.4,0.3,0.2,0.0,0.0,0.0,0.0,4.6,3.1,0.0,0.0,0.0,0.0,20.0,20.0,,30.0,30.0,15.0,True,70.0,Sophomore,GUARD,,False,ACC,I,IN,"BROOKFIELD, WI",WI,USA,2.0,False,Indiana,False,False
5263907.0,Yuting Deng,239,Bears,Baylor Bears,Baylor,Guard,G,33,553.0,77.0,182.0,37.0,100.0,26.0,35.0,18.0,46.0,64.0,29.0,12.0,9.0,37.0,33.0,217.0,0,71.1,60.2,16.8,6.6,1.9,0.9,0.4,0.3,1.1,15.7,4.6,2.1,0.9,0.7,2.7,42.3,37.0,74.3,52.5,55.0,7.0,True,74.0,Sophomore,GUARD,Auburn,False,Big 12,I,TX,"HUNAN PROVINCE, CHINA",,CHINA,2.0,True,Texas,False,False
5264834.0,Keyarah Gregory,2217,Stags,Fairfield Stags,Fairfield,Guard,G,25,194.0,17.0,39.0,7.0,18.0,14.0,19.0,10.0,31.0,41.0,19.0,10.0,0.0,7.0,17.0,55.0,0,77.2,53.1,7.8,2.2,1.6,0.8,0.4,0.0,0.3,11.3,8.5,3.9,2.1,0.0,1.4,43.6,38.9,73.7,52.6,58.1,25.0,True,63.0,Freshman,GUARD,,True,MAAC,I,CT,"PICKERING, ONT",,CANADA,1.0,False,,False,False
5311535.0,Destiny Jackson,356,Fighting Illini,Illinois Fighting Illini,Illinois,Guard,G,34,1065.0,107.0,260.0,11.0,39.0,110.0,134.0,18.0,127.0,145.0,176.0,54.0,6.0,88.0,97.0,335.0,34,76.5,66.1,31.3,9.9,4.3,5.2,1.6,0.2,2.6,12.6,5.4,6.6,2.0,0.2,3.3,41.2,28.2,82.1,43.3,52.5,25.0,True,66.0,Freshman,GUARD,,False,Big Ten,I,IL,"CHICAGO, ILL",IL,USA,1.0,False,Illinois,False,False
5311538.0,Naomi Benson,356,Fighting Illini,Illinois Fighting Illini,Illinois,Forward,F,21,78.0,7.0,10.0,0.0,0.0,0.0,0.0,7.0,15.0,22.0,2.0,0.0,3.0,7.0,15.0,14.0,0,78.9,66.6,3.7,0.7,1.0,0.1,0.0,0.1,0.3,7.2,11.3,1.0,0.0,1.5,3.6,70.0,,,70.0,70.0,25.0,True,74.0,Freshman,FORWARD,,False,Big Ten,I,IL,"STREETSBORO, OHIO",OH,USA,1.0,False,Illinois,False,False
5311539.0,Cearah Parchment,356,Fighting Illini,Illinois Fighting Illini,Illinois,Forward,F,34,978.0,164.0,324.0,35.0,86.0,100.0,125.0,91.0,194.0,285.0,48.0,57.0,16.0,64.0,89.0,463.0,34,76.5,66.1,28.8,13.6,8.4,1.4,1.7,0.5,1.9,18.9,11.7,2.0,2.3,0.7,2.6,50.6,40.7,80.0,56.0,61.1,25.0,True,75.0,Freshman,FORWARD,,False,Big Ten,I,IL,"WHITBY, ONTARIO, CANADA",,CANADA,1.0,False,Illinois,False,False
5311543.0,Addie Deal,2294,Hawkeyes,Iowa Hawkeyes,Iowa,Guard,G,34,528.0,67.0,170.0,22.0,74.0,17.0,25.0,3.0,39.0,42.0,56.0,12.0,6.0,59.0,35.0,173.0,3,76.2,65.2,15.5,5.1,1.2,1.6,0.4,0.2,1.7,13.1,3.2,4.2,0.9,0.5,4.5,39.4,29.7,68.0,45.9,47.8,8.0,True,72.0,Freshman,GUARD,,False,Big Ten,I,IA,"IRVINE, CALIF",CA,USA,1.0,False,Iowa,False,False
5311544.0,Journey Houston,2294,Hawkeyes,Iowa Hawkeyes,Iowa,Guard,G,34,534.0,75.0,150.0,4.0,11.0,31.0,43.0,53.0,119.0,172.0,39.0,20.0,3.0,27.0,33.0,185.0,2,76.2,65.2,15.7,5.4,5.1,1.1,0.6,0.1,0.8,13.9,12.9,2.9,1.5,0.2,2.0,50.0,36.4,72.1,51.3,54.8,8.0,True,71.0,Freshman,GUARD,,False,Big Ten,I,IA,"DAVENPORT, IOWA",IA,USA,1.0,False,Iowa,False,False
5311545.0,Layla Hays,2294,Hawkeyes,Iowa Hawkeyes,Iowa,Center,C,31,307.0,50.0,99.0,0.0,0.0,23.0,48.0,27.0,51.0,78.0,14.0,8.0,10.0,31.0,50.0,123.0,0,77.8,67.2,9.9,4.0,2.5,0.5,0.3,0.3,1.0,16.0,10.2,1.8,1.0,1.3,4.0,50.5,,47.9,50.5,51.2,8.0,True,77.0,Freshman,CENTER,,False,Big Ten,I,IA,"WASILLA, ALASKA",AK,USA,1.0,False,Iowa,False,False
5311546.0,Aubrey Galvan,238,Commodores,Vanderbilt Commodores,Vanderbilt,Guard,G,34,1168.0,174.0,412.0,60.0,182.0,51.0,65.0,24.0,92.0,116.0,193.0,89.0,3.0,94.0,59.0,459.0,33,84.3,65.2,34.4,13.5,3.4,5.7,2.6,0.1,2.8,15.7,4.0,6.6,3.0,0.1,3.2,42.2,33.0,78.5,49.5,52.1,5.0,True,66.0,Freshman,GUARD,,False,SEC,I,TN,"DEERFIELD, ILL",IL,USA,1.0,False,Tennessee,False,False
5311547.0,Ava Black,238,Commodores,Vanderbilt Commodores,Vanderbilt,Guard,G,29,305.0,35.0,67.0,6.0,23.0,7.0,10.0,24.0,46.0,70.0,17.0,22.0,2.0,14.0,38.0,83.0,0,85.4,64.8,10.5,2.9,2.4,0.6,0.8,0.1,0.5,10.9,9.2,2.2,2.9,0.3,1.8,52.2,26.1,70.0,56.7,58.1,5.0,True,71.0,Freshman,GUARD,,False,SEC,I,TN,"AUBURN, NH",NH,USA,1.0,False,Tennessee,False,False
5311548.0,Monique Williams,238,Commodores,Vanderbilt Commodores,Vanderbilt,Forward,F,13,51.0,4.0,10.0,1.0,2.0,3.0,8.0,2.0,2.0,4.0,1.0,0.0,0.0,1.0,3.0,12.0,0,90.9,51.1,3.9,0.9,0.3,0.1,0.0,0.0,0.1,9.4,3.1,0.8,0.0,0.0,0.8,40.0,50.0,37.5,45.0,44.4,5.0,True,75.0,Freshman,FORWARD,,False,SEC,I,TN,"PERTH, AUSTRALIA",,AUSTRALIA,1.0,False,Tennessee,False,False
5311549.0,Rainey Welson,120,Terrapins,Maryland Terrapins,Maryland,Guard,G,25,312.0,35.0,96.0,19.0,60.0,8.0,9.0,8.0,11.0,19.0,16.0,10.0,0.0,16.0,23.0,97.0,0,82.6,62.0,12.5,3.9,0.8,0.6,0.4,0.0,0.6,12.4,2.4,2.1,1.3,0.0,2.1,36.5,31.7,88.9,46.4,48.5,7.0,True,70.0,Freshman,GUARD,,False,Big Ten,I,MD,"GREENVILLE, WI",WI,USA,1.0,False,Maryland,False,False
5311550.0,Lea Bartelme,120,Terrapins,Maryland Terrapins,Maryland,Guard,G,4,79.0,11.0,21.0,3.0,7.0,2.0,3.0,7.0,5.0,12.0,15.0,3.0,0.0,9.0,8.0,27.0,4,85.0,54.0,19.8,6.8,3.0,3.8,0.8,0.0,2.2,13.7,6.1,7.6,1.5,0.0,4.6,52.4,42.9,66.7,59.5,60.5,7.0,True,68.0,Freshman,GUARD,,False,Big Ten,I,MD,"KISOVEC, SLOVENIA",,SLOVENIA,1.0,False,Maryland,False,False
5311551.0,Addi Mack,120,Terrapins,Maryland Terrapins,Maryland,Guard,G,31,839.0,124.0,295.0,26.0,87.0,66.0,77.0,20.0,71.0,91.0,68.0,33.0,4.0,51.0,47.0,340.0,26,81.6,65.5,27.1,11.0,2.9,2.2,1.1,0.1,1.6,16.2,4.3,3.2,1.6,0.2,2.4,42.0,29.9,85.7,46.4,51.7,7.0,True,69.0,Freshman,GUARD,,False,Big Ten,I,MD,"MINNEAPOLIS, MN",MN,USA,1.0,False,Maryland,False,False
5311552.0,Marya Boiko,120,Terrapins,Maryland Terrapins,Maryland,Forward,F,28,374.0,35.0,81.0,0.0,2.0,23.0,26.0,26.0,45.0,71.0,27.0,14.0,20.0,29.0,24.0,93.0,0,84.4,61.6,13.4,3.3,2.5,1.0,0.5,0.7,1.0,9.9,7.6,2.9,1.5,2.1,3.1,43.2,0.0,88.5,43.2,50.3,7.0,True,76.0,Freshman,FORWARD,,False,Big Ten,I,MD,"MINSK, BELARUS",,BELARUS,1.0,False,Maryland,False,False
5311553.0,Nicole Fritea,120,Terrapins,Maryland Terrapins,Maryland,Forward,F,12,54.0,4.0,8.0,1.0,1.0,3.0,6.0,4.0,7.0,11.0,1.0,1.0,4.0,3.0,4.0,12.0,0,90.0,46.8,4.5,1.0,0.9,0.1,0.1,0.3,0.2,8.9,8.1,0.7,0.7,3.0,2.2,50.0,100.0,50.0,56.2,56.4,7.0,True,74.0,Freshman,FORWARD,,False,Big Ten,I,MD,"ARAD, ROMANIA",,ROMANIA,1.0,False,Maryland,False,False
5311555.0,Jessica Fields,130,Wolverines,Michigan Wolverines,Michigan,Forward,F,17,50.0,7.0,14.0,0.0,0.0,3.0,9.0,5.0,8.0,13.0,3.0,5.0,3.0,4.0,10.0,17.0,0,91.3,55.4,2.9,1.0,0.8,0.2,0.3,0.2,0.2,13.6,10.4,2.4,4.0,2.4,3.2,50.0,,33.3,50.0,47.3,6.0,True,73.0,Freshman,FORWARD,,False,Big Ten,I,MI,"KENNESAW, GA",GA,USA,1.0,False,Michigan,False,False
5311556.0,Ciara Byars,130,Wolverines,Michigan Wolverines,Michigan,Forward,F,15,50.0,9.0,18.0,0.0,0.0,9.0,17.0,9.0,6.0,15.0,2.0,1.0,1.0,5.0,11.0,27.0,0,91.7,55.3,3.3,1.8,1.0,0.1,0.1,0.1,0.3,21.6,12.0,1.6,0.8,0.8,4.0,50.0,,52.9,50.0,53.0,6.0,True,74.0,Freshman,FORWARD,,False,Big Ten,I,MI,"PARIS, KY",KY,USA,1.0,False,Michigan,False,False
5311557.0,McKenzie Mathurin,130,Wolverines,Michigan Wolverines,Michigan,Guard,G,25,224.0,29.0,63.0,14.0,36.0,16.0,19.0,5.0,13.0,18.0,12.0,13.0,3.0,24.0,28.0,88.0,0,83.9,60.3,9.0,3.5,0.7,0.5,0.5,0.1,1.0,15.7,3.2,2.1,2.3,0.5,4.3,46.0,38.9,84.2,57.1,61.7,6.0,True,70.0,Freshman,GUARD,,False,Big Ten,I,MI,"BROKEN ARROW, OKLA",OK,USA,1.0,False,Michigan,False,False
5311564.0,Sara Sambolic,127,Spartans,Michigan State Spartans,Michigan State,Guard,G,22,205.0,12.0,35.0,5.0,17.0,22.0,28.0,6.0,13.0,19.0,16.0,6.0,0.0,9.0,17.0,51.0,4,78.2,70.8,9.3,2.3,0.9,0.7,0.3,0.0,0.4,10.0,3.7,3.1,1.2,0.0,1.8,34.3,29.4,78.6,41.4,53.9,12.0,True,,,,,False,Big Ten,,,,,,,False,Michigan,False,False
5311565.0,Amy Terrian,127,Spartans,Michigan State Spartans,Michigan State,Guard,G,22,240.0,30.0,68.0,27.0,61.0,0.0,0.0,5.0,15.0,20.0,21.0,12.0,0.0,5.0,19.0,87.0,0,85.6,61.9,10.9,4.0,0.9,1.0,0.5,0.0,0.2,14.5,3.3,3.5,2.0,0.0,0.8,44.1,44.3,,64.0,64.0,12.0,True,68.0,Freshman,GUARD,,False,Big Ten,I,MI,"PEWAUKEE, WIS",WI,USA,1.0,False,Michigan,False,False
5311566.0,Anna Terrian,127,Spartans,Michigan State Spartans,Michigan State,Guard,G,9,45.0,3.0,10.0,3.0,10.0,0.0,0.0,4.0,4.0,8.0,3.0,2.0,0.0,1.0,5.0,9.0,0,100.4,50.1,5.0,1.0,0.9,0.3,0.2,0.0,0.1,8.0,7.1,2.7,1.8,0.0,0.9,30.0,30.0,,45.0,45.0,12.0,True,68.0,Freshman,GUARD,,False,Big Ten,I,MI,"PEWAUKEE, WIS",WI,USA,1.0,False,Michigan,False,False
5311567.0,Grace Prenter,251,Longhorns,Texas Longhorns,Texas,Guard,G,15,86.0,9.0,32.0,2.0,12.0,1.0,2.0,3.0,6.0,9.0,5.0,3.0,1.0,5.0,7.0,21.0,0,96.8,45.3,5.7,1.4,0.6,0.3,0.2,0.1,0.3,9.8,4.2,2.3,1.4,0.5,2.3,28.1,16.7,50.0,31.2,31.9,2.0,True,68.0,Freshman,GUARD,,False,SEC,I,TX,"DUBLIN, IRELAND",,IRELAND,1.0,False,Texas,False,False
5311568.0,Aaliyah Crump,251,Longhorns,Texas Longhorns,Texas,Guard,G,24,419.0,69.0,168.0,23.0,73.0,28.0,36.0,12.0,42.0,54.0,33.0,23.0,4.0,23.0,40.0,189.0,5,83.4,55.9,17.5,7.9,2.2,1.4,1.0,0.2,1.0,18.0,5.2,3.2,2.2,0.4,2.2,41.1,31.5,77.8,47.9,51.4,2.0,True,73.0,Freshman,GUARD,,False,SEC,I,TX,"MINNETONKA, MINN",MN,USA,1.0,False,Texas,False,False
5311569.0,Zoey Bershers,135,Golden Gophers,Minnesota Golden Gophers,Minnesota,Center,C,12,25.0,2.0,7.0,2.0,7.0,0.0,0.0,1.0,3.0,4.0,2.0,0.0,2.0,0.0,1.0,6.0,0,78.4,54.4,2.1,0.5,0.3,0.2,0.0,0.2,0.0,9.6,6.4,3.2,0.0,3.2,0.0,28.6,28.6,,42.9,42.9,19.0,True,75.0,Freshman,CENTER,,False,Big Ten,I,MN,"GLENWOOD, ARK",AR,USA,1.0,False,Minnesota,False,False
5311570.0,Makena Christian,135,Golden Gophers,Minnesota Golden Gophers,Minnesota,Guard,G,29,311.0,32.0,84.0,23.0,66.0,16.0,22.0,9.0,21.0,30.0,13.0,12.0,0.0,6.0,30.0,103.0,0,75.0,57.6,10.7,3.6,1.0,0.4,0.4,0.0,0.2,13.2,3.9,1.7,1.5,0.0,0.8,38.1,34.8,72.7,51.8,55.0,19.0,True,,Freshman,GUARD,,False,Big Ten,I,MN,"LOMIRA, WIS",WI,USA,1.0,False,Minnesota,False,False
5311571.0,Lauren Hurst,2633,Lady Volunteers,Tennessee Lady Volunteers,Tennessee,Guard,G,24,241.0,21.0,43.0,12.0,29.0,0.0,2.0,10.0,28.0,38.0,16.0,7.0,0.0,14.0,20.0,54.0,1,77.9,68.3,10.0,2.2,1.6,0.7,0.3,0.0,0.6,9.0,6.3,2.7,1.2,0.0,2.3,48.8,41.4,0.0,62.8,61.5,8.0,True,75.0,Freshman,GUARD,,False,SEC,I,TN,"CLEVELAND, TENN",TN,USA,1.0,False,Tennessee,False,False
5311572.0,Mya Pauldo,2633,Lady Volunteers,Tennessee Lady Volunteers,Tennessee,Guard,G,27,271.0,20.0,57.0,9.0,34.0,0.0,3.0,15.0,28.0,43.0,24.0,12.0,0.0,14.0,32.0,49.0,1,76.9,68.0,10.0,1.8,1.6,0.9,0.4,0.0,0.5,7.2,6.3,3.5,1.8,0.0,2.1,35.1,26.5,0.0,43.0,42.0,8.0,True,66.0,Freshman,GUARD,,False,SEC,I,TN,"PATERSON, NJ",NJ,USA,1.0,False,Tennessee,False,False
5311573.0,Mia Pauldo,2633,Lady Volunteers,Tennessee Lady Volunteers,Tennessee,Guard,G,27,630.0,90.0,253.0,47.0,161.0,53.0,62.0,19.0,48.0,67.0,67.0,29.0,1.0,41.0,58.0,280.0,16,76.0,69.5,23.3,10.4,2.5,2.5,1.1,0.0,1.5,17.8,4.3,4.3,1.8,0.1,2.6,35.6,29.2,85.5,44.9,50.0,8.0,True,66.0,Freshman,GUARD,,False,SEC,I,TN,"PATERSON, NJ",NJ,USA,1.0,False,Tennessee,False,False
5311574.0,Jaida Civil,2633,Lady Volunteers,Tennessee Lady Volunteers,Tennessee,Guard,G,30,566.0,66.0,159.0,17.0,59.0,43.0,62.0,40.0,81.0,121.0,45.0,20.0,5.0,43.0,49.0,192.0,10,76.4,69.6,18.9,6.4,4.0,1.5,0.7,0.2,1.4,13.6,8.6,3.2,1.4,0.4,3.0,41.5,28.8,69.4,46.9,51.5,8.0,True,,Freshman,GUARD,,False,SEC,I,TN,"VERO BEACH, FLA",FL,USA,1.0,False,Tennessee,False,False
5311575.0,Deniya Prawl,2633,Lady Volunteers,Tennessee Lady Volunteers,Tennessee,Guard,G,29,448.0,45.0,109.0,5.0,34.0,20.0,42.0,31.0,47.0,78.0,13.0,29.0,6.0,21.0,36.0,115.0,8,76.9,69.4,15.4,4.0,2.7,0.4,1.0,0.2,0.7,10.3,7.0,1.2,2.6,0.5,1.9,41.3,14.7,47.6,43.6,45.1,8.0,True,74.0,Freshman,GUARD,,False,SEC,I,TN,"TORONTO, CANADA",,CANADA,1.0,False,Tennessee,False,False
5311576.0,Ayla McDowell,2579,Gamecocks,South Carolina Gamecocks,South Carolina,Guard,G,36,503.0,49.0,121.0,29.0,80.0,20.0,27.0,25.0,24.0,49.0,8.0,22.0,5.0,21.0,33.0,147.0,1,87.5,56.8,14.0,4.1,1.4,0.2,0.6,0.1,0.6,11.7,3.9,0.6,1.7,0.4,1.7,40.5,36.2,74.1,52.5,55.3,2.0,True,73.0,Freshman,GUARD,,False,SEC,I,SC,"CYPRESS, TEXAS",TX,USA,1.0,False,South Carolina,False,False
5311577.0,Agot Makeer,2579,Gamecocks,South Carolina Gamecocks,South Carolina,Guard,G,32,616.0,91.0,197.0,17.0,68.0,36.0,52.0,23.0,84.0,107.0,43.0,36.0,22.0,38.0,44.0,235.0,6,83.8,59.4,19.2,7.3,3.3,1.3,1.1,0.7,1.2,15.3,6.9,2.8,2.3,1.4,2.5,46.2,25.0,69.2,50.5,53.4,2.0,True,73.0,Freshman,GUARD,,False,SEC,I,SC,"THUNDER BAY, ONTARIO",,CANADA,1.0,False,South Carolina,False,False
5311578.0,Lauren Jacobs,145,Rebels,Ole Miss Rebels,Ole Miss,Guard,G,21,155.0,20.0,56.0,7.0,27.0,9.0,18.0,11.0,12.0,23.0,11.0,14.0,2.0,19.0,14.0,56.0,0,77.3,57.7,7.4,2.7,1.1,0.5,0.7,0.1,0.9,14.5,5.9,2.8,3.6,0.5,4.9,35.7,25.9,50.0,42.0,43.8,12.0,True,69.0,Freshman,GUARD,,False,SEC,I,MS,"COLUMBIA, SC",SC,USA,1.0,False,Mississippi,False,False
5311585.0,Aaliyah Chavez,201,Sooners,Oklahoma Sooners,Oklahoma,Guard,G,34,1105.0,212.0,563.0,83.0,272.0,118.0,127.0,27.0,101.0,128.0,143.0,46.0,10.0,99.0,59.0,625.0,34,85.9,68.6,32.5,18.4,3.8,4.2,1.4,0.3,2.9,22.6,4.6,5.2,1.7,0.4,3.6,37.7,30.5,92.9,45.0,50.5,5.0,True,70.0,Freshman,GUARD,,False,SEC,I,OK,"LUBBOCK, TEXAS",TX,USA,1.0,False,Oklahoma,False,False
5311586.0,Emma Tolan,201,Sooners,Oklahoma Sooners,Oklahoma,Forward,F,21,169.0,11.0,26.0,8.0,18.0,4.0,6.0,6.0,20.0,26.0,8.0,5.0,2.0,7.0,16.0,34.0,0,91.9,60.8,8.0,1.6,1.2,0.4,0.2,0.1,0.3,8.0,6.2,1.9,1.2,0.5,1.7,42.3,44.4,66.7,57.7,59.4,5.0,True,71.0,Freshman,FORWARD,,False,SEC,I,OK,"VIRGINIA, CAVAN, IRELAND",,IRELAND,1.0,False,Oklahoma,False,False
5311587.0,Brooklyn Stewart,201,Sooners,Oklahoma Sooners,Oklahoma,Forward,F,34,544.0,87.0,177.0,4.0,24.0,47.0,61.0,69.0,80.0,149.0,43.0,19.0,38.0,34.0,90.0,225.0,0,85.9,68.6,16.0,6.6,4.4,1.3,0.6,1.1,1.0,16.5,11.0,3.2,1.4,2.8,2.5,49.2,16.7,77.0,50.3,55.2,5.0,True,75.0,Freshman,FORWARD,,False,SEC,I,OK,"COLORADO SPRINGS, COLO",CO,USA,1.0,False,Oklahoma,False,False
5311588.0,Keziah Lofton,201,Sooners,Oklahoma Sooners,Oklahoma,Guard,G,34,467.0,52.0,118.0,4.0,30.0,27.0,44.0,30.0,43.0,73.0,16.0,20.0,9.0,26.0,45.0,135.0,0,85.9,68.6,13.7,4.0,2.1,0.5,0.6,0.3,0.8,11.6,6.3,1.4,1.7,0.8,2.2,44.1,13.3,61.4,45.8,49.1,5.0,True,,Freshman,GUARD,,False,SEC,I,OK,"BETHANY, OKLA",OK,USA,1.0,False,Oklahoma,False,False
5311589.0,Daffa Cissoko,201,Sooners,Oklahoma Sooners,Oklahoma,Center,C,9,21.0,1.0,4.0,0.0,0.0,2.0,2.0,0.0,3.0,3.0,5.0,0.0,0.0,2.0,4.0,4.0,0,99.2,49.1,2.3,0.4,0.3,0.6,0.0,0.0,0.2,7.6,5.7,9.5,0.0,0.0,3.8,25.0,,100.0,25.0,41.0,5.0,True,76.0,Freshman,CENTER,,False,SEC,I,OK,"DRAVEIL, PARIS, FRANCE",,FRANCE,1.0,False,Oklahoma,False,False
5311590.0,Alanna Neale,158,Cornhuskers,Nebraska Cornhuskers,Nebraska,Guard,G,8,41.0,4.0,9.0,1.0,4.0,1.0,1.0,0.0,2.0,2.0,1.0,1.0,0.0,3.0,10.0,10.0,0,90.1,48.5,5.1,1.2,0.2,0.1,0.1,0.0,0.4,9.8,2.0,1.0,1.0,0.0,2.9,44.4,25.0,100.0,50.0,53.0,20.0,True,70.0,Freshman,GUARD,,False,Big Ten,I,NE,"LOS ANGELES, CALIF",CA,USA,1.0,False,Nebraska,False,False
5311597.0,Dasha Biriuk,194,Buckeyes,Ohio State Buckeyes,Ohio State,Guard,G,20,147.0,23.0,50.0,11.0,32.0,8.0,9.0,5.0,19.0,24.0,8.0,7.0,3.0,14.0,13.0,65.0,0,86.2,61.5,7.4,3.2,1.2,0.4,0.4,0.2,0.7,17.7,6.5,2.2,1.9,0.8,3.8,46.0,34.4,88.9,57.0,60.2,8.0,True,73.0,Freshman,GUARD,,False,Big Ten,I,OH,"BERDIANSKI, UKRAINE",,UKRAINE,1.0,False,Ohio,False,False
5311598.0,Bryn Martin,194,Buckeyes,Ohio State Buckeyes,Ohio State,Guard,G,34,481.0,52.0,118.0,25.0,68.0,4.0,4.0,7.0,41.0,48.0,33.0,25.0,10.0,18.0,52.0,133.0,0,81.5,65.8,14.1,3.9,1.4,1.0,0.7,0.3,0.5,11.1,4.0,2.7,2.1,0.8,1.5,44.1,36.8,100.0,54.7,55.5,8.0,True,73.0,Freshman,GUARD,,False,Big Ten,I,OH,"SPRINGBORO, OHIO",OH,USA,1.0,False,Ohio,False,False
5311611.0,Grace Knox,99,Tigers,LSU Tigers,LSU,Forward,F,33,611.0,113.0,182.0,0.0,0.0,65.0,87.0,66.0,86.0,152.0,18.0,20.0,23.0,34.0,82.0,291.0,11,94.2,61.9,18.5,8.8,4.6,0.5,0.6,0.7,1.0,19.1,10.0,1.2,1.3,1.5,2.2,62.1,,74.7,62.1,66.1,5.0,True,74.0,Freshman,FORWARD,,False,SEC,I,LA,"LAS VEGAS, NEV",NV,USA,1.0,False,Louisiana,False,False
5311612.0,Bella Hines,99,Tigers,LSU Tigers,LSU,Guard,G,33,430.0,53.0,118.0,22.0,59.0,11.0,20.0,21.0,51.0,72.0,37.0,23.0,7.0,22.0,44.0,139.0,0,96.5,60.4,13.0,4.2,2.2,1.1,0.7,0.2,0.7,12.9,6.7,3.4,2.1,0.7,2.0,44.9,37.3,55.0,54.2,54.8,5.0,True,70.0,Freshman,GUARD,,False,SEC,I,LA,"ALBUQUERQUE, NM",NM,USA,1.0,False,Louisiana,False,False
5311613.0,Divine Bourrage,99,Tigers,LSU Tigers,LSU,Guard,G,24,238.0,16.0,48.0,5.0,16.0,13.0,20.0,15.0,25.0,40.0,17.0,17.0,1.0,24.0,18.0,50.0,0,103.1,56.1,9.9,2.1,1.7,0.7,0.7,0.0,1.0,8.4,6.7,2.9,2.9,0.2,4.0,33.3,31.2,65.0,38.5,44.0,5.0,True,71.0,Freshman,GUARD,,False,SEC,I,LA,"DAVENPORT, IOWA",IA,USA,1.0,False,Louisiana,False,False
5311614.0,ZaKiyah Johnson,99,Tigers,LSU Tigers,LSU,Guard,G,34,642.0,133.0,222.0,2.0,3.0,62.0,89.0,97.0,92.0,189.0,34.0,28.0,17.0,35.0,59.0,330.0,23,94.6,61.6,18.9,9.7,5.6,1.0,0.8,0.5,1.0,20.6,11.8,2.1,1.7,1.1,2.2,59.9,66.7,69.7,60.4,63.2,5.0,True,72.0,Freshman,GUARD,,False,SEC,I,LA,"SHELBYVILLE, KY",KY,USA,1.0,False,Louisiana,False,False
5311615.0,Meghan Yarnevich,99,Tigers,LSU Tigers,LSU,Forward,F,20,125.0,14.0,33.0,0.0,0.0,13.0,23.0,18.0,13.0,31.0,4.0,7.0,1.0,8.0,21.0,41.0,0,102.4,54.1,6.2,2.0,1.6,0.2,0.4,0.0,0.4,13.1,9.9,1.3,2.2,0.3,2.6,42.4,,56.5,42.4,47.5,5.0,True,72.0,Freshman,FORWARD,,False,SEC,I,LA,"POTOMAC, MD",MD,USA,1.0,False,Louisiana,False,False
5311619.0,Kaelyn Carroll,96,Wildcats,Kentucky Wildcats,Kentucky,Forward,F,34,399.0,41.0,117.0,29.0,94.0,6.0,10.0,20.0,56.0,76.0,14.0,12.0,12.0,11.0,23.0,117.0,0,75.3,61.3,11.7,3.4,2.2,0.4,0.4,0.4,0.3,11.7,7.6,1.4,1.2,1.2,1.1,35.0,30.9,60.0,47.4,48.2,6.0,True,75.0,Freshman,FORWARD,,False,SEC,I,KY,"DEDHAM, MASS",MA,USA,1.0,False,Kentucky,False,False
5311701.0,Jocelyn Faison,61,Lady Bulldogs,Georgia Lady Bulldogs,Georgia,Guard,G,24,192.0,15.0,42.0,0.0,7.0,2.0,6.0,16.0,18.0,34.0,14.0,6.0,4.0,6.0,16.0,32.0,0,75.8,59.9,8.0,1.3,1.4,0.6,0.2,0.2,0.2,6.7,7.1,2.9,1.2,0.8,1.2,35.7,0.0,33.3,35.7,35.8,22.0,True,73.0,Freshman,GUARD,,False,SEC,I,GA,"ATLANTA, GEORGIA",GA,USA,1.0,False,Georgia,False,False
5311702.0,Zhen Craft,61,Lady Bulldogs,Georgia Lady Bulldogs,Georgia,Forward,F,27,425.0,61.0,130.0,0.0,0.0,31.0,50.0,47.0,67.0,114.0,26.0,12.0,17.0,30.0,39.0,153.0,4,75.0,60.8,15.7,5.7,4.2,1.0,0.4,0.6,1.1,14.4,10.7,2.4,1.1,1.6,2.8,46.9,,62.0,46.9,50.3,22.0,True,74.0,Freshman,FORWARD,,False,SEC,I,GA,"WALDORF, MARYLAND",MD,USA,1.0,False,Georgia,False,False
5311703.0,Aubrey Beckham,61,Lady Bulldogs,Georgia Lady Bulldogs,Georgia,Guard,G,6,49.0,1.0,4.0,1.0,1.0,1.0,2.0,0.0,5.0,5.0,8.0,1.0,2.0,3.0,5.0,4.0,0,73.5,59.0,8.2,0.7,0.8,1.3,0.2,0.3,0.5,3.3,4.1,6.5,0.8,1.6,2.4,25.0,100.0,50.0,37.5,41.0,22.0,True,71.0,Freshman,GUARD,,False,SEC,I,GA,"DACULA, GEORGIA",GA,USA,1.0,False,Georgia,False,False
5311721.0,Ace Austin,333,Crimson Tide,Alabama Crimson Tide,Alabama,Guard,G,32,633.0,71.0,190.0,34.0,90.0,47.0,58.0,23.0,62.0,85.0,54.0,29.0,4.0,39.0,79.0,223.0,0,70.1,60.2,19.8,7.0,2.7,1.7,0.9,0.1,1.2,14.1,5.4,3.4,1.8,0.3,2.5,37.4,37.8,81.0,46.3,51.7,21.0,True,67.0,Freshman,GUARD,,False,SEC,I,AL,"SPRING GARDEN, ALA",AL,USA,1.0,False,Alabama,False,False
5311722.0,Tianna Chambers,333,Crimson Tide,Alabama Crimson Tide,Alabama,Guard,G,15,82.0,7.0,21.0,2.0,7.0,4.0,7.0,3.0,7.0,10.0,4.0,2.0,2.0,11.0,12.0,20.0,0,69.4,62.9,5.5,1.3,0.7,0.3,0.1,0.1,0.7,9.8,4.9,2.0,1.0,1.0,5.4,33.3,28.6,57.1,38.1,41.5,21.0,True,73.0,Freshman,GUARD,,False,SEC,I,AL,"AURORA, COLO",CO,USA,1.0,False,Alabama,False,False
5311723.0,Lourdes Da Silva Costa,333,Crimson Tide,Alabama Crimson Tide,Alabama,Forward,F,26,174.0,19.0,58.0,3.0,13.0,12.0,15.0,23.0,23.0,46.0,13.0,6.0,1.0,26.0,10.0,53.0,0,70.6,60.7,6.7,2.0,1.8,0.5,0.2,0.0,1.0,12.2,10.6,3.0,1.4,0.2,6.0,32.8,23.1,80.0,35.3,41.0,21.0,True,75.0,Freshman,FORWARD,,False,SEC,I,AL,"STOCKHOLM, SWEDEN",,SWEDEN,1.0,False,Alabama,False,False
5311724.0,Joy Egbuna,333,Crimson Tide,Alabama Crimson Tide,Alabama,Forward,F,17,85.0,7.0,18.0,0.0,0.0,5.0,7.0,11.0,7.0,18.0,0.0,2.0,2.0,7.0,18.0,19.0,0,71.1,60.1,5.0,1.1,1.1,0.0,0.1,0.1,0.4,8.9,8.5,0.0,0.9,0.9,3.3,38.9,,71.4,38.9,45.1,21.0,True,75.0,Freshman,FORWARD,,False,SEC,I,AL,"ARLINGTON, TEXAS",TX,USA,1.0,False,Alabama,False,False
5311744.0,Christina Karamouzi,26,Bruins,UCLA Bruins,UCLA,Guard,G,24,71.0,4.0,13.0,3.0,10.0,2.0,3.0,2.0,6.0,8.0,2.0,2.0,0.0,2.0,3.0,13.0,0,89.0,53.7,3.0,0.5,0.3,0.1,0.1,0.0,0.1,7.3,4.5,1.1,1.1,0.0,1.1,30.8,30.0,66.7,42.3,45.4,2.0,True,,Freshman,GUARD,,False,Big Ten,I,CA,"STOCKHOLM, SWEDEN",,SWEDEN,1.0,False,California,False,False
5311745.0,Lena Bilic,26,Bruins,UCLA Bruins,UCLA,Guard,G,32,400.0,38.0,107.0,20.0,73.0,3.0,3.0,18.0,28.0,46.0,21.0,13.0,9.0,5.0,35.0,99.0,0,85.6,55.8,12.5,3.1,1.4,0.7,0.4,0.3,0.2,9.9,4.6,2.1,1.3,0.9,0.5,35.5,27.4,100.0,44.9,45.7,2.0,True,75.0,Freshman,GUARD,,False,Big Ten,I,CA,"ZAGREB, CROATIA",,CROATIA,1.0,False,California,False,False
5311746.0,Sienna Betts,26,Bruins,UCLA Bruins,UCLA,Forward,F,28,396.0,73.0,138.0,1.0,10.0,21.0,41.0,42.0,71.0,113.0,29.0,14.0,12.0,30.0,47.0,168.0,0,84.2,55.5,14.1,6.0,4.0,1.0,0.5,0.4,1.1,17.0,11.4,2.9,1.4,1.2,3.0,52.9,10.0,51.2,53.3,53.8,2.0,True,76.0,Freshman,FORWARD,,False,Big Ten,I,CA,"CENTENNIAL, COLO",CO,USA,1.0,False,California,False,False
5311753.0,Gerda Raulusaityte,30,Trojans,USC Trojans,USC,Forward,F,32,432.0,25.0,52.0,0.0,1.0,20.0,31.0,40.0,48.0,88.0,26.0,8.0,6.0,25.0,42.0,70.0,10,69.7,64.2,13.5,2.2,2.8,0.8,0.2,0.2,0.8,6.5,8.1,2.4,0.7,0.6,2.3,48.1,0.0,64.5,48.1,53.3,8.0,True,75.0,Junior,FORWARD,,False,Big Ten,I,CA,"VARENA, LITHUANIA",,LITHUANIA,3.0,False,California,False,False
5311754.0,Jazzy Davidson,30,Trojans,USC Trojans,USC,Guard,G,32,1106.0,216.0,540.0,59.0,199.0,83.0,114.0,40.0,139.0,179.0,132.0,64.0,63.0,96.0,78.0,574.0,32,69.7,64.2,34.6,17.9,5.6,4.1,2.0,2.0,3.0,20.8,6.5,4.8,2.3,2.3,3.5,40.0,29.6,72.8,45.5,48.6,8.0,True,73.0,Freshman,GUARD,,False,Big Ten,I,CA,"CLACKAMAS, ORE",OR,USA,1.0,False,California,False,False
5311756.0,Brynn McGaughy,264,Huskies,Washington Huskies,Washington,Forward,F,33,696.0,130.0,271.0,5.0,27.0,42.0,60.0,64.0,78.0,142.0,38.0,12.0,34.0,51.0,79.0,307.0,10,71.3,62.0,21.1,9.3,4.3,1.2,0.4,1.0,1.5,17.6,8.2,2.2,0.7,2.0,2.9,48.0,18.5,70.0,48.9,51.6,20.0,True,75.0,Freshman,FORWARD,,False,Big Ten,I,WA,"COLFAX, WASH",WA,USA,1.0,False,Washington,False,False
5311757.0,Nina Cain,264,Huskies,Washington Huskies,Washington,Forward,F,9,43.0,2.0,3.0,0.0,0.0,2.0,4.0,4.0,4.0,8.0,0.0,2.0,0.0,4.0,4.0,6.0,0,79.4,49.6,4.8,0.7,0.9,0.0,0.2,0.0,0.4,5.6,7.4,0.0,1.9,0.0,3.7,66.7,,50.0,66.7,63.0,20.0,True,74.0,Freshman,FORWARD,,False,Big Ten,I,WA,"SACRAMENTO, CALIF",CA,USA,1.0,False,Washington,False,False
5311758.0,Sienna Harvey,264,Huskies,Washington Huskies,Washington,Guard,G,25,274.0,38.0,88.0,6.0,17.0,16.0,22.0,11.0,33.0,44.0,19.0,4.0,0.0,37.0,28.0,98.0,0,72.2,59.5,11.0,3.9,1.8,0.8,0.2,0.0,1.5,14.3,6.4,2.8,0.6,0.0,5.4,43.2,35.3,72.7,46.6,50.2,20.0,True,70.0,Freshman,GUARD,,False,Big Ten,I,WA,"GEELONG, VICTORIA, AUSTRALIA",,AUSTRALIA,1.0,False,Washington,False,False
5311809.0,Madison Parrish,277,Mountaineers,West Virginia Mountaineers,West Virginia,Guard,G,14,73.0,8.0,27.0,3.0,18.0,2.0,4.0,3.0,7.0,10.0,6.0,5.0,1.0,10.0,11.0,21.0,0,89.1,54.9,5.2,1.5,0.7,0.4,0.4,0.1,0.7,11.5,5.5,3.3,2.7,0.5,5.5,29.6,16.7,50.0,35.2,36.5,15.0,True,71.0,Freshman,GUARD,,False,Big 12,I,WV,"MASON, OHIO",OH,USA,1.0,False,West Virginia,False,False
5311816.0,Julie Nekolná,2641,Lady Raiders,Texas Tech Lady Raiders,Texas Tech,Forward,F,14,37.0,3.0,7.0,0.0,0.0,0.0,2.0,5.0,1.0,6.0,2.0,2.0,1.0,4.0,1.0,6.0,0,78.4,49.9,2.6,0.4,0.4,0.1,0.1,0.1,0.3,6.5,6.5,2.2,2.2,1.1,4.3,42.9,,0.0,42.9,38.1,16.0,True,75.0,Junior,FORWARD,Shelton State Community College,False,Big 12,I,TX,"PRAGUE, CZECH REPUBLIC",,CZECH REPUBLIC,3.0,True,Texas,False,False
5311970.0,Emilee Skinner,150,Blue Devils,Duke Blue Devils,Duke,Guard,G,3,48.0,5.0,20.0,0.0,2.0,3.0,6.0,9.0,5.0,14.0,5.0,3.0,1.0,13.0,3.0,13.0,0,67.3,47.7,16.0,4.3,4.7,1.7,1.0,0.3,4.3,10.8,11.7,4.2,2.5,0.8,10.8,25.0,0.0,50.0,25.0,28.7,7.0,True,,Freshman,GUARD,,False,ACC,I,NC,"PROVIDENCE, UTAH",UT,USA,1.0,False,North Carolina,False,False
5311971.0,Anna Wikstrom,150,Blue Devils,Duke Blue Devils,Duke,Guard,G,16,173.0,9.0,21.0,3.0,11.0,2.0,5.0,2.0,9.0,11.0,9.0,4.0,1.0,12.0,12.0,23.0,0,82.8,49.9,10.8,1.4,0.7,0.6,0.2,0.1,0.8,5.3,2.5,2.1,0.9,0.2,2.8,42.9,27.3,40.0,50.0,49.6,7.0,True,71.0,Freshman,GUARD,,False,ACC,I,NC,"BERGEN, NORWAY",,NORWAY,1.0,False,North Carolina,False,False
5312306.0,Blanca Quiñonez,41,Huskies,UConn Huskies,UConn,Forward,F,31,626.0,133.0,248.0,34.0,86.0,33.0,44.0,24.0,73.0,97.0,66.0,63.0,15.0,61.0,64.0,333.0,0,86.6,49.7,20.2,10.7,3.1,2.1,2.0,0.5,2.0,21.3,6.2,4.2,4.0,1.0,3.9,53.6,39.5,75.0,60.5,62.3,1.0,True,74.0,Freshman,FORWARD,,False,Big East,I,CT,"MILAGRO, ECUADOR",,ECUADOR,1.0,False,Connecticut,False,False
5312307.0,Kelis Fisher,41,Huskies,UConn Huskies,UConn,Guard,G,30,170.0,33.0,76.0,0.0,14.0,15.0,21.0,10.0,12.0,22.0,19.0,9.0,1.0,15.0,13.0,81.0,0,90.2,48.0,5.7,2.7,0.7,0.6,0.3,0.0,0.5,19.1,5.2,4.5,2.1,0.2,3.5,43.4,0.0,71.4,43.4,47.5,1.0,True,69.0,Freshman,GUARD,,False,Big East,I,CT,"BALTIMORE, MD",MD,USA,1.0,False,Connecticut,False,False
5312308.0,Gandy Malou-Mamel,41,Huskies,UConn Huskies,UConn,Center,C,2,4.0,1.0,1.0,0.0,0.0,0.0,0.0,0.0,0.0,0.0,0.0,0.0,0.0,0.0,0.0,2.0,0,94.5,35.0,2.0,1.0,0.0,0.0,0.0,0.0,0.0,20.0,0.0,0.0,0.0,0.0,0.0,100.0,,,100.0,100.0,1.0,True,77.0,Freshman,CENTER,,False,Big East,I,CT,"LIMERICK, IRELAND",,IRELAND,1.0,False,Connecticut,False,False
5312309.0,Jordyn Smith,87,Fighting Irish,Notre Dame Fighting Irish,Notre Dame,Guard,G,15,48.0,2.0,5.0,0.0,2.0,0.0,1.0,2.0,1.0,3.0,3.0,3.0,0.0,1.0,3.0,4.0,0,85.1,60.1,3.2,0.3,0.2,0.2,0.2,0.0,0.1,3.3,2.5,2.5,2.5,0.0,0.8,40.0,0.0,0.0,40.0,36.8,15.0,True,66.0,Graduate Student,GUARD,,False,ACC,I,IN,"GRANGER, IN",IN,USA,5.0,False,Indiana,False,False
5312382.0,Yevheniia Putra,97,Cardinals,Louisville Cardinals,Louisville,Forward,F,24,224.0,27.0,59.0,0.0,0.0,7.0,11.0,21.0,37.0,58.0,10.0,9.0,4.0,26.0,28.0,61.0,0,81.2,59.3,9.3,2.5,2.4,0.4,0.4,0.2,1.1,10.9,10.4,1.8,1.6,0.7,4.6,45.8,,63.6,45.8,47.8,6.0,True,75.0,Freshman,FORWARD,,False,ACC,I,KY,"KYIV, UKRAINE",,UKRAINE,1.0,False,Kentucky,False,False
5312383.0,Peyton Bradley,97,Cardinals,Louisville Cardinals,Louisville,Guard,G,8,80.0,12.0,34.0,8.0,26.0,2.0,2.0,1.0,9.0,10.0,7.0,3.0,0.0,5.0,6.0,34.0,0,90.9,48.9,10.0,4.2,1.2,0.9,0.4,0.0,0.6,17.0,5.0,3.5,1.5,0.0,2.5,35.3,30.8,100.0,47.1,48.7,6.0,True,69.0,Freshman,GUARD,,False,ACC,I,KY,"BRANDENBURG, KY",KY,USA,1.0,False,Kentucky,False,False
5312384.0,Grace Mbugua,97,Cardinals,Louisville Cardinals,Louisville,Forward,F,18,134.0,22.0,52.0,2.0,10.0,8.0,12.0,12.0,42.0,54.0,2.0,7.0,11.0,17.0,14.0,54.0,0,78.1,61.1,7.4,3.0,3.0,0.1,0.4,0.6,0.9,16.1,16.1,0.6,2.1,3.3,5.1,42.3,20.0,66.7,44.2,47.1,6.0,True,76.0,Freshman,FORWARD,,False,ACC,I,KY,"DANVILLE, KY",KY,USA,1.0,False,Kentucky,False,False
5312397.0,Destiny Lunan,152,Wolfpack,NC State Wolfpack,NC State,Guard,G,31,507.0,47.0,130.0,17.0,50.0,30.0,39.0,6.0,36.0,42.0,37.0,26.0,4.0,44.0,48.0,141.0,1,77.0,67.4,16.4,4.5,1.4,1.2,0.8,0.1,1.4,11.1,3.3,2.9,2.1,0.3,3.5,36.2,34.0,76.9,42.7,47.9,9.0,True,70.0,Freshman,GUARD,,False,ACC,I,NC,"GOODYEAR, ARIZ",AZ,USA,1.0,False,North Carolina,False,False
5312398.0,Adelaide Jernigan,152,Wolfpack,NC State Wolfpack,NC State,Guard,G,15,95.0,13.0,40.0,5.0,27.0,0.0,1.0,1.0,7.0,8.0,2.0,1.0,0.0,1.0,8.0,31.0,0,82.3,64.3,6.3,2.1,0.5,0.1,0.1,0.0,0.1,13.1,3.4,0.8,0.4,0.0,0.4,32.5,18.5,0.0,38.8,38.3,9.0,True,71.0,Freshman,GUARD,,False,ACC,I,NC,"WINSTON SALEM, NC",NC,USA,1.0,False,North Carolina,False,False
5312400.0,Taliyah Henderson,153,Tar Heels,North Carolina Tar Heels,North Carolina,Guard,G,33,342.0,50.0,88.0,8.0,28.0,14.0,29.0,24.0,42.0,66.0,9.0,21.0,1.0,16.0,45.0,122.0,0,75.1,58.1,10.4,3.7,2.0,0.3,0.6,0.0,0.5,14.3,7.7,1.1,2.5,0.1,1.9,56.8,28.6,48.3,61.4,60.5,11.0,True,73.0,Freshman,GUARD,,False,ACC,I,NC,"VAIL, ARIZ",AZ,USA,1.0,False,North Carolina,False,False
5312401.0,Liza Astakhova,153,Tar Heels,North Carolina Tar Heels,North Carolina,Forward,F,12,56.0,10.0,29.0,2.0,10.0,3.0,4.0,7.0,5.0,12.0,2.0,0.0,0.0,3.0,9.0,25.0,0,85.7,46.2,4.7,2.1,1.0,0.2,0.0,0.0,0.2,17.9,8.6,1.4,0.0,0.0,2.1,34.5,20.0,75.0,37.9,40.6,11.0,True,74.0,Freshman,FORWARD,,False,ACC,I,NC,"MOSCOW, RUSSIA",,RUSSIA,1.0,False,North Carolina,False,False
5312402.0,Nyla Brooks,153,Tar Heels,North Carolina Tar Heels,North Carolina,Guard,G,36,716.0,106.0,290.0,63.0,167.0,34.0,57.0,15.0,110.0,125.0,38.0,27.0,14.0,54.0,45.0,309.0,1,74.6,59.1,19.9,8.6,3.5,1.1,0.8,0.4,1.5,17.3,7.0,2.1,1.5,0.8,3.0,36.6,37.7,59.6,47.4,49.0,11.0,True,73.0,Freshman,GUARD,,False,ACC,I,NC,"WALDORF, MD",MD,USA,1.0,False,North Carolina,False,False
5312403.0,Taissa Queiroz,153,Tar Heels,North Carolina Tar Heels,North Carolina,Guard,G,25,299.0,31.0,63.0,0.0,9.0,7.0,10.0,25.0,44.0,69.0,23.0,7.0,4.0,24.0,37.0,69.0,0,73.4,55.8,12.0,2.8,2.8,0.9,0.3,0.2,1.0,9.2,9.2,3.1,0.9,0.5,3.2,49.2,0.0,70.0,49.2,51.2,11.0,True,73.0,Freshman,GUARD,,False,ACC,I,NC,"BELO HORIZONTE, BRAZIL",,BRAZIL,1.0,False,North Carolina,False,False
5312749.0,Clara Bielefeld,2628,Horned Frogs,TCU Horned Frogs,TCU,Guard,G,30,389.0,23.0,55.0,5.0,24.0,9.0,14.0,27.0,63.0,90.0,26.0,7.0,15.0,21.0,34.0,60.0,0,78.8,54.7,13.0,2.0,3.0,0.9,0.2,0.5,0.7,6.2,9.3,2.7,0.7,1.5,2.2,41.8,20.8,64.3,46.4,49.1,8.0,True,76.0,Freshman,GUARD,,False,Big 12,I,TX,"RECKLINGHAUSEN, GERMANY",,GERMANY,1.0,False,Texas,False,False
5312750.0,Emily Hunter,2628,Horned Frogs,TCU Horned Frogs,TCU,Center,C,7,13.0,0.0,1.0,0.0,0.0,0.0,0.0,1.0,2.0,3.0,1.0,0.0,2.0,1.0,0.0,0.0,0,93.1,47.4,1.9,0.0,0.4,0.1,0.0,0.3,0.1,0.0,9.2,3.1,0.0,6.2,3.1,0.0,,,0.0,0.0,8.0,True,79.0,Freshman,CENTER,,False,Big 12,I,TX,"NOLENSVILLE, TENN",TN,USA,1.0,False,Texas,False,False
5312751.0,Lena Girardi,197,Cowgirls,Oklahoma State Cowgirls,Oklahoma State,Guard,G,28,416.0,71.0,163.0,51.0,128.0,25.0,30.0,18.0,41.0,59.0,11.0,20.0,2.0,23.0,38.0,218.0,0,83.1,63.9,14.9,7.8,2.1,0.4,0.7,0.1,0.8,21.0,5.7,1.1,1.9,0.2,2.2,43.6,39.8,83.3,59.2,61.9,18.0,True,71.0,Freshman,GUARD,,False,Big 12,I,OK,"PURCHASE, NEW YORK",NY,USA,1.0,False,Oklahoma,False,False
5312752.0,Favour Onoh,197,Cowgirls,Oklahoma State Cowgirls,Oklahoma State,Center,C,5,19.0,1.0,1.0,0.0,0.0,0.0,0.0,1.0,7.0,8.0,2.0,0.0,2.0,2.0,4.0,2.0,0,110.0,45.8,3.8,0.4,1.6,0.4,0.0,0.4,0.4,4.2,16.8,4.2,0.0,4.2,4.2,100.0,,,100.0,100.0,18.0,True,77.0,Sophomore,CENTER,,False,Big 12,I,OK,"ENUGU, NIGERIA",,NIGERIA,2.0,False,Oklahoma,False,False
5313317.0,Grace O'Sullivan,163,Tigers,Princeton Tigers,Princeton,Guard,G,23,209.0,13.0,27.0,8.0,16.0,0.0,2.0,9.0,18.0,27.0,9.0,8.0,0.0,8.0,18.0,34.0,0,73.9,59.8,9.1,1.5,1.2,0.4,0.3,0.0,0.3,6.5,5.2,1.7,1.5,0.0,1.5,48.1,50.0,0.0,63.0,61.0,19.0,True,72.0,Freshman,GUARD,,False,Ivy,I,NJ,"ACTON, MASS",MA,USA,1.0,False,New Jersey,False,False
5313318.0,Sarah Lessig,163,Tigers,Princeton Tigers,Princeton,Forward,F,11,56.0,8.0,12.0,1.0,2.0,5.0,5.0,6.0,7.0,13.0,3.0,1.0,2.0,4.0,6.0,22.0,0,75.2,54.5,5.1,2.0,1.2,0.3,0.1,0.2,0.4,15.7,9.3,2.1,0.7,1.4,2.9,66.7,50.0,100.0,70.8,77.5,19.0,True,74.0,Freshman,FORWARD,,False,Ivy,I,NJ,"SEATTLE, WASH",WA,USA,1.0,False,New Jersey,False,False
5313582.0,Selen Yusan,2217,Stags,Fairfield Stags,Fairfield,Forward,F,13,41.0,0.0,8.0,0.0,6.0,0.0,0.0,2.0,5.0,7.0,2.0,1.0,0.0,3.0,10.0,0.0,0,82.5,49.8,3.2,0.0,0.5,0.2,0.1,0.0,0.2,0.0,6.8,2.0,1.0,0.0,2.9,0.0,0.0,,0.0,0.0,25.0,True,73.0,Freshman,,,False,MAAC,I,CT,"ISTANBUL, TURKEY",,TURKEY,1.0,False,,False,False
5313584.0,Christina Pham,2217,Stags,Fairfield Stags,Fairfield,Guard,G,27,370.0,48.0,131.0,42.0,112.0,4.0,6.0,2.0,12.0,14.0,32.0,11.0,0.0,27.0,24.0,142.0,1,75.9,58.3,13.7,5.3,0.5,1.2,0.4,0.0,1.0,15.4,1.5,3.5,1.2,0.0,2.9,36.6,37.5,66.7,52.7,53.1,25.0,True,67.0,Freshman,GUARD,,False,MAAC,I,CT,"BOSTON, MASS",MA,USA,1.0,False,,False,False
5313585.0,Milou van Vliet,2217,Stags,Fairfield Stags,Fairfield,Forward,F,23,324.0,34.0,79.0,9.0,38.0,4.0,12.0,10.0,34.0,44.0,28.0,10.0,7.0,19.0,22.0,81.0,4,74.7,58.7,14.1,3.5,1.9,1.2,0.4,0.3,0.8,10.0,5.4,3.5,1.2,0.9,2.3,43.0,23.7,33.3,48.7,48.1,25.0,True,72.0,Freshman,,,False,MAAC,I,CT,"BARENDRECHT, NETHERLANDS",,NETHERLANDS,1.0,False,,False,False
5313586.0,Marcayla Johnson,239,Bears,Baylor Bears,Baylor,Guard,G,32,565.0,53.0,149.0,6.0,38.0,29.0,53.0,19.0,52.0,71.0,23.0,14.0,5.0,33.0,26.0,141.0,2,71.4,60.0,17.7,4.4,2.2,0.7,0.4,0.2,1.0,10.0,5.0,1.6,1.0,0.4,2.3,35.6,15.8,54.7,37.6,40.9,7.0,True,,Freshman,GUARD,,False,Big 12,I,TX,"TULSA, OKLA",OK,USA,1.0,False,Texas,False,False
5314955.0,Reese Beaty,66,Cyclones,Iowa State Cyclones,Iowa State,Guard,G,27,553.0,40.0,106.0,6.0,22.0,38.0,50.0,19.0,50.0,69.0,90.0,25.0,4.0,50.0,42.0,124.0,2,81.3,68.2,20.5,4.6,2.6,3.3,0.9,0.1,1.9,9.0,5.0,6.5,1.8,0.3,3.6,37.7,27.3,76.0,40.6,48.4,10.0,True,68.0,Freshman,GUARD,,False,Big 12,I,IA,"JAMESTOWN, TENN",TN,USA,1.0,False,Iowa,False,False
5314956.0,Freya Jensen,66,Cyclones,Iowa State Cyclones,Iowa State,Guard,G,11,68.0,5.0,27.0,3.0,17.0,5.0,5.0,3.0,3.0,6.0,5.0,0.0,1.0,8.0,5.0,18.0,0,90.1,56.0,6.2,1.6,0.5,0.5,0.0,0.1,0.7,10.6,3.5,2.9,0.0,0.6,4.7,18.5,17.6,100.0,24.1,30.8,10.0,True,70.0,Freshman,GUARD,,False,Big 12,I,IA,"RISSKOV, DENMARK",,DENMARK,1.0,False,Iowa,False,False
5315267.0,Rayne Wright,257,Spiders,Richmond Spiders,Richmond,Guard,G,34,452.0,48.0,95.0,3.0,30.0,18.0,27.0,19.0,28.0,47.0,30.0,21.0,4.0,33.0,44.0,117.0,1,72.1,59.5,13.3,3.4,1.4,0.9,0.6,0.1,1.0,10.4,4.2,2.7,1.9,0.4,2.9,50.5,10.0,66.7,52.1,54.7,24.0,True,,Freshman,GUARD,,False,Atlantic 10,I,VA,"MIDLOTHIAN, VA",VA,USA,1.0,False,Virginia,False,False
5315268.0,Ava Persichetti,257,Spiders,Richmond Spiders,Richmond,Guard,G,34,514.0,48.0,125.0,25.0,73.0,9.0,12.0,21.0,42.0,63.0,20.0,25.0,2.0,19.0,32.0,130.0,2,72.1,59.5,15.1,3.8,1.9,0.6,0.7,0.1,0.6,10.1,4.9,1.6,1.9,0.2,1.5,38.4,34.2,75.0,48.4,49.9,24.0,True,70.0,Freshman,GUARD,,False,Atlantic 10,I,VA,"BLAIRSVILLE, PA",PA,USA,1.0,False,Virginia,False,False
5315269.0,Aneisha Scott,257,Spiders,Richmond Spiders,Richmond,Guard,G,22,147.0,20.0,44.0,3.0,12.0,13.0,22.0,1.0,12.0,13.0,15.0,3.0,0.0,20.0,11.0,56.0,0,71.9,57.9,6.7,2.5,0.6,0.7,0.1,0.0,0.9,15.2,3.5,4.1,0.8,0.0,5.4,45.5,25.0,59.1,48.9,52.2,24.0,True,65.0,Freshman,GUARD,,False,Atlantic 10,I,VA,"MINNEAPOLIS, MINN",MN,USA,1.0,False,Virginia,False,False
5315270.0,Shaneka Campbell,257,Spiders,Richmond Spiders,Richmond,Forward,F,22,95.0,9.0,20.0,1.0,8.0,3.0,5.0,5.0,15.0,20.0,3.0,1.0,0.0,6.0,14.0,22.0,0,74.9,56.9,4.3,1.0,0.9,0.1,0.0,0.0,0.3,9.3,8.4,1.3,0.4,0.0,2.5,45.0,12.5,60.0,47.5,49.5,24.0,True,74.0,Freshman,FORWARD,,False,Atlantic 10,I,VA,"THE BRONX, NY",NY,USA,1.0,False,Virginia,False,False
5329673.0,Alicia Tournebize,2579,Gamecocks,South Carolina Gamecocks,South Carolina,Forward,F,20,250.0,33.0,79.0,4.0,16.0,9.0,17.0,21.0,47.0,68.0,8.0,6.0,13.0,16.0,43.0,79.0,0,83.2,61.2,12.5,4.0,3.4,0.4,0.3,0.6,0.8,12.6,10.9,1.3,1.0,2.1,2.6,41.8,25.0,52.9,44.3,45.7,2.0,True,,,,,False,SEC,,,,,,,False,South Carolina,False,False
