team_id,games_played,total_points,ppg,total_opp_points,opp_ppg,wins,losses,win_pct,team_display_name,team_name,team_location,point_diff,total_players_used,total_team_minutes,starter_minutes,bench_minutes,bench_points,bench_players,bench_minutes_pct,bench_points_pct,best_ap_rank,is_ap_top25,roster_size,avg_height_inches,height_std,avg_year,min_year,max_year,transfer_count,guard_count,forward_count,center_count,conference,division,team_state,avg_height_ft,freshmen_count,upperclassmen_count,transfer_pct,exp_minutes_weighted,minutes_share_freshman,minutes_share_sophomore,minutes_share_junior,minutes_share_senior_plus,minutes_share_transfer,num_transfers_in_rotation,rotation_size_10mpg,minutes_share_guard,minutes_share_wing,minutes_share_big,avg_height_guard,avg_height_wing,avg_height_big,height_gap_vs_league
1,3,176,58.7,213,71.0,0,3,0.0,Alaska Anchorage Seawolves,Seawolves,Alaska Anchorage,-12.3,9.0,600.0,539.0,61.0,12.0,4.0,10.2,6.8,,False,,,,,,,,,,,,,,,,,,0.0,0.0,0.0,0.0,0.0,0.0,0.0,6.0,80.7,19.3,0.0,,,,
2,32,1898,59.3,2012,62.9,15,17,46.9,Auburn Tigers,Tigers,Auburn,-3.6,13.0,6449.0,4285.0,2164.0,480.0,8.0,33.6,25.3,,False,13.0,71.7,4.2,2.54,1.0,4.0,7.0,9.0,3.0,1.0,SEC,I,AL,"5'11""",3.0,7.0,53.8,2.63,21.8,20.0,31.9,26.3,42.5,5.0,10.0,79.7,17.6,2.7,69.4,75.3,81.0,1.7
5,30,2047,68.2,2097,69.9,11,19,36.7,UAB Blazers,Blazers,UAB,-1.7,13.0,6075.0,4612.0,1463.0,337.0,8.0,24.1,16.5,,False,13.0,70.8,2.8,2.46,1.0,5.0,8.0,8.0,5.0,0.0,C-USA,I,AL,"5'10""",5.0,6.0,61.5,2.86,24.0,14.7,18.1,43.3,76.0,6.0,7.0,69.0,31.0,0.0,69.1,73.4,,0.8
6,36,2434,67.6,2434,67.6,17,19,47.2,South Alabama Jaguars,Jaguars,South Alabama,0.0,13.0,7224.0,5041.0,2183.0,694.0,8.0,30.2,28.5,,False,15.0,69.8,3.1,2.67,1.0,5.0,0.0,9.0,5.0,1.0,Sun Belt,I,AL,"5'9""",3.0,7.0,0.0,3.31,2.2,27.8,27.4,42.6,0.0,0.0,8.0,48.8,45.9,5.3,68.1,72.2,75.0,-0.2
8,32,2253,70.4,2431,76.0,12,20,37.5,Arkansas Razorbacks,Razorbacks,Arkansas,-5.6,12.0,6425.0,4106.0,2319.0,730.0,7.0,36.1,32.4,,False,13.0,71.4,3.1,2.46,1.0,4.0,3.0,8.0,3.0,2.0,SEC,I,AR,"5'11""",3.0,7.0,23.1,2.64,23.4,15.1,35.7,25.7,39.0,3.0,9.0,72.7,16.8,10.4,70.0,73.7,75.0,1.4
9,35,2317,66.2,2117,60.5,24,11,68.6,Arizona State Sun Devils,Sun Devils,Arizona State,5.7,11.0,7051.0,4990.0,2061.0,482.0,6.0,29.2,20.8,,False,13.0,71.4,3.2,3.0,1.0,5.0,10.0,9.0,2.0,2.0,Big 12,I,AZ,"5'11""",3.0,9.0,76.9,3.22,12.2,13.2,31.2,43.3,87.8,7.0,8.0,67.4,28.9,3.7,70.0,73.5,76.0,1.4
12,30,2094,69.8,2135,71.2,12,18,40.0,Arizona Wildcats,Wildcats,Arizona,-1.4,11.0,6025.0,3790.0,2235.0,706.0,6.0,37.1,33.7,,False,13.0,71.5,3.8,2.85,1.0,5.0,9.0,7.0,5.0,1.0,Big 12,I,AZ,"5'11""",3.0,8.0,69.2,2.88,26.2,6.5,27.5,35.4,69.4,6.0,10.0,73.0,25.1,1.9,68.6,73.5,79.0,1.5
13,30,1706,56.9,2172,72.4,4,26,13.3,Cal Poly Mustangs,Mustangs,Cal Poly,-15.5,16.0,6025.0,3604.0,2421.0,542.0,11.0,40.2,31.8,,False,16.0,,,1.75,1.0,3.0,3.0,10.0,6.0,0.0,Big West,I,CA,,6.0,2.0,18.8,1.86,27.2,59.2,13.6,0.0,27.5,3.0,12.0,61.4,38.6,0.0,,,,
14,2,91,45.5,141,70.5,0,2,0.0,Chico State Wildcats,Wildcats,Chico State,-25.0,12.0,400.0,234.0,166.0,23.0,7.0,41.5,25.3,,False,,,,,,,,,,,,,,,,,,0.0,0.0,0.0,0.0,0.0,0.0,0.0,8.0,65.5,34.5,0.0,,,,
16,33,2088,63.3,2002,60.7,15,18,45.5,Sacramento State Hornets,Hornets,Sacramento State,2.6,13.0,6625.0,4628.0,1997.0,507.0,8.0,30.1,24.3,,False,16.0,70.9,3.8,2.5,1.0,4.0,0.0,9.0,6.0,1.0,Big Sky,I,CA,"5'10""",3.0,8.0,0.0,2.76,11.3,26.7,36.5,25.6,0.0,0.0,7.0,68.9,29.4,1.7,68.9,74.0,77.0,0.9
18,1,38,38.0,83,83.0,False,1,0.0,Bridgewater State Bears,Bears,Bridgewater State,-45.0,11.0,200.0,137.0,63.0,8.0,6.0,31.5,21.1,,False,,,,,,,,,,,,,,,,,,0.0,0.0,0.0,0.0,0.0,0.0,0.0,8.0,70.5,14.0,15.5,,,,
21,33,2314,70.1,1982,60.1,27,6,81.8,San Diego State Aztecs,Aztecs,San Diego State,10.0,13.0,6625.0,4207.0,2418.0,638.0,8.0,36.5,27.6,,False,14.0,70.5,3.0,2.36,1.0,4.0,5.0,10.0,3.0,1.0,Mountain West,I,CA,"5'10""",2.0,5.0,35.7,2.46,2.3,64.1,18.9,14.7,41.2,4.0,9.0,70.6,29.3,0.2,68.9,73.0,76.0,0.5
22,1,38,38.0,77,77.0,False,1,0.0,San Francisco State Gators,Gators,San Francisco State,-39.0,12.0,200.0,128.0,72.0,11.0,7.0,36.0,28.9,,False,13.0,71.3,3.1,2.54,1.0,5.0,0.0,7.0,6.0,0.0,WCC,I,CA,"5'11""",5.0,5.0,0.0,0.0,0.0,0.0,0.0,0.0,0.0,0.0,9.0,75.5,18.0,6.5,,,,1.3
23,32,1786,55.8,2304,72.0,4,28,12.5,San José State Spartans,Spartans,San José State,-16.2,14.0,6400.0,3837.0,2563.0,559.0,9.0,40.0,31.3,,False,,,,,,,,,,,,,,,,,,0.0,0.0,0.0,0.0,0.0,0.0,0.0,11.0,90.4,9.6,0.0,,,,
24,35,2468,70.5,2213,63.2,21,14,60.0,Stanford Cardinal,Cardinal,Stanford,7.3,14.0,7075.0,4942.0,2133.0,476.0,9.0,30.1,19.3,,False,15.0,72.3,3.4,2.33,1.0,4.0,1.0,7.0,7.0,1.0,ACC,I,CA,"6'0""",5.0,7.0,6.7,1.76,35.6,0.6,36.0,7.8,6.0,1.0,9.0,45.4,54.6,0.0,70.0,74.7,,2.3
25,36,2511,69.8,2297,63.8,21,15,58.3,California Golden Bears,Golden Bears,California,6.0,13.0,7300.0,5199.0,2101.0,597.0,8.0,28.8,23.8,,False,13.0,71.2,3.0,2.46,1.0,5.0,0.0,9.0,3.0,1.0,ACC,I,CA,"5'11""",4.0,6.0,0.0,2.66,14.0,13.5,47.1,16.8,0.0,0.0,9.0,66.1,20.5,13.3,70.4,73.7,77.0,1.2
26,38,3187,83.9,2144,56.4,37,1,97.4,UCLA Bruins,Bruins,UCLA,27.5,11.0,7600.0,5489.0,2111.0,670.0,6.0,27.8,21.0,2.0,True,12.0,74.2,3.2,3.33,1.0,5.0,5.0,7.0,4.0,1.0,Big Ten,I,CA,"6'2""",3.0,8.0,41.7,3.98,11.4,4.1,0.0,84.5,53.5,4.0,8.0,65.3,21.2,13.5,71.5,76.0,79.0,4.2
27,32,2009,62.8,2085,65.2,11,21,34.4,UC Riverside Highlanders,Highlanders,UC Riverside,-2.4,13.0,6425.0,4541.0,1884.0,452.0,8.0,29.3,22.5,,False,15.0,70.4,3.1,2.8,1.0,5.0,6.0,10.0,5.0,0.0,Big West,I,CA,"5'10""",4.0,8.0,40.0,2.88,16.5,39.3,12.6,31.7,33.4,4.0,9.0,79.5,20.5,0.0,69.4,72.2,,0.4
28,33,2315,70.2,2067,62.6,24,9,72.7,UC San Diego Tritons,Tritons,UC San Diego,7.6,13.0,6700.0,5506.0,1194.0,405.0,8.0,17.8,17.5,,False,14.0,70.7,2.7,2.71,1.0,5.0,0.0,11.0,3.0,0.0,Big West,I,CA,"5'10""",4.0,9.0,0.0,3.14,10.4,2.9,50.7,35.9,0.0,0.0,7.0,81.2,18.8,0.0,69.7,74.0,,0.7
30,32,2230,69.7,2054,64.2,18,14,56.2,USC Trojans,Trojans,USC,5.5,12.0,6425.0,4551.0,1874.0,400.0,7.0,29.2,17.9,8.0,True,13.0,,,2.46,1.0,4.0,0.0,9.0,4.0,0.0,Big Ten,I,CA,,2.0,6.0,0.0,2.51,24.3,28.3,19.5,27.9,0.0,0.0,9.0,79.5,20.5,0.0,,,,
36,35,2324,66.4,1931,55.2,27,8,77.1,Colorado State Rams,Rams,Colorado State,11.2,12.0,7000.0,5176.0,1824.0,480.0,7.0,26.1,20.7,,False,13.0,,,2.38,1.0,4.0,0.0,7.0,4.0,2.0,Pac-12,I,CO,,5.0,7.0,0.0,0.0,0.0,0.0,0.0,0.0,0.0,0.0,7.0,79.5,20.5,0.0,,,,
38,34,2295,67.5,2069,60.9,22,12,64.7,Colorado Buffaloes,Buffaloes,Colorado,6.6,14.0,6825.0,4607.0,2218.0,477.0,9.0,32.5,20.8,,False,13.0,,,2.38,1.0,4.0,0.0,7.0,4.0,2.0,Big 12,I,CO,,5.0,7.0,0.0,2.54,25.5,3.0,35.9,28.8,0.0,0.0,11.0,45.7,48.1,6.2,,,,
41,39,3387,86.8,1966,50.4,38,1,97.4,UConn Huskies,Huskies,UConn,36.4,14.0,7799.0,4879.0,2920.0,1186.0,9.0,37.4,35.0,1.0,True,15.0,73.1,2.9,2.47,1.0,5.0,2.0,8.0,5.0,2.0,Big East,I,CT,"6'1""",3.0,6.0,13.3,2.8,10.3,38.9,25.6,25.2,18.0,2.0,10.0,62.7,32.1,5.2,70.3,74.6,77.0,3.1
43,27,1566,58.0,1827,67.7,7,20,25.9,Yale Bulldogs,Bulldogs,Yale,-9.7,12.0,5476.0,4080.0,1396.0,231.0,7.0,25.5,14.8,,False,14.0,71.4,2.9,2.07,1.0,4.0,0.0,8.0,6.0,0.0,Ivy League,I,CT,"5'11""",5.0,5.0,0.0,2.5,11.1,44.1,28.8,16.1,0.0,0.0,8.0,46.5,53.5,0.0,70.0,73.8,,1.4
44,30,1671,55.7,1989,66.3,7,23,23.3,American University Eagles,Eagles,American University,-10.6,13.0,6050.0,4407.0,1643.0,364.0,8.0,27.2,21.8,,False,13.0,69.5,3.6,2.15,1.0,4.0,0.0,10.0,3.0,0.0,Patriot,I,DC,"5'9""",4.0,4.0,0.0,0.0,0.0,0.0,0.0,0.0,0.0,0.0,9.0,77.9,22.1,0.0,,,,-0.5
45,36,2195,61.0,2185,60.7,18,18,50.0,George Washington Revolutionaries,Revolutionaries,George Washington,0.3,13.0,7250.0,4709.0,2541.0,713.0,8.0,35.0,32.5,,False,14.0,70.6,3.0,2.79,1.0,5.0,6.0,10.0,4.0,0.0,Atlantic 10,I,DC,"5'10""",3.0,8.0,42.9,2.36,20.4,37.6,27.3,14.7,34.6,3.0,9.0,68.9,31.1,0.0,69.4,73.5,,0.6
46,31,1942,62.6,1937,62.5,14,17,45.2,Georgetown Hoyas,Hoyas,Georgetown,0.1,15.0,6250.0,3650.0,2600.0,728.0,10.0,41.6,37.5,,False,15.0,71.3,2.5,3.0,1.0,5.0,8.0,9.0,6.0,0.0,Big East,I,DC,"5'11""",1.0,8.0,53.3,3.34,0.8,32.9,30.7,35.6,72.8,7.0,10.0,62.1,37.9,0.0,69.8,73.7,,1.3
47,34,2263,66.6,2053,60.4,26,8,76.5,Howard Bison,Bison,Howard,6.2,13.0,6800.0,4286.0,2514.0,665.0,8.0,37.0,29.4,,False,14.0,71.6,3.1,2.36,1.0,4.0,6.0,6.0,8.0,0.0,MEAC,I,DC,"5'11""",5.0,7.0,42.9,2.51,19.3,13.5,28.4,29.9,47.8,3.0,7.0,47.3,52.7,0.0,69.0,73.1,,1.6
48,32,2018,63.1,2103,65.7,13,19,40.6,Delaware Blue Hens,Blue Hens,Delaware,-2.6,13.0,6525.0,4474.0,2051.0,499.0,8.0,31.4,24.7,,False,15.0,70.9,3.2,2.6,1.0,5.0,7.0,10.0,3.0,2.0,CAA,I,DE,"5'10""",3.0,9.0,46.7,2.83,14.9,12.8,59.4,13.0,48.7,5.0,10.0,77.9,7.4,14.7,68.9,74.5,75.0,0.9
50,31,1828,59.0,2161,69.7,9,22,29.0,Florida A&M Rattlers,Rattlers,Florida A&M,-10.7,15.0,6200.0,4136.0,2064.0,494.0,10.0,33.3,27.0,,False,15.0,70.1,4.8,2.47,1.0,4.0,0.0,9.0,3.0,3.0,SWAC,I,FL,"5'10""",4.0,8.0,0.0,2.51,19.9,25.2,39.0,15.8,0.0,0.0,12.0,67.2,18.8,14.1,68.1,70.3,76.0,0.1
52,31,2217,71.5,2389,77.1,10,21,32.3,Florida State Seminoles,Seminoles,Florida State,-5.6,10.0,6275.0,3913.0,2362.0,834.0,5.0,37.6,37.6,,False,12.0,,,2.33,1.0,5.0,0.0,7.0,4.0,1.0,ACC,I,FL,,4.0,5.0,0.0,0.0,0.0,0.0,0.0,0.0,0.0,0.0,10.0,74.0,17.3,8.7,,,,
53,1,47,47.0,75,75.0,False,1,0.0,Florida Tech Panthers,Panthers,Florida Tech,-28.0,12.0,200.0,135.0,65.0,12.0,7.0,32.5,25.5,,False,13.0,69.5,3.0,2.92,1.0,4.0,4.0,6.0,6.0,1.0,Sunshine State,II,FL,"5'9""",1.0,9.0,30.8,2.89,14.0,18.5,32.0,35.5,30.0,3.0,8.0,58.5,36.0,5.5,67.6,71.2,73.0,-0.5
55,32,2015,63.0,1902,59.4,16,16,50.0,Jacksonville State Gamecocks,Gamecocks,Jacksonville State,3.6,11.0,6475.0,4384.0,2091.0,634.0,6.0,32.3,31.5,,False,14.0,69.4,3.0,2.43,1.0,5.0,8.0,9.0,5.0,0.0,ASUN,I,FL,"5'9""",4.0,6.0,57.1,0.0,0.0,0.0,0.0,0.0,0.0,0.0,10.0,51.9,48.1,0.0,,,,-0.6
56,32,2231,69.7,2077,64.9,20,12,62.5,Stetson Hatters,Hatters,Stetson,4.8,12.0,6425.0,4610.0,1815.0,399.0,7.0,28.2,17.9,,False,12.0,69.2,3.2,3.33,1.0,5.0,0.0,9.0,3.0,0.0,ASUN,I,FL,"5'9""",1.0,9.0,0.0,4.02,3.6,5.7,18.9,71.8,0.0,0.0,8.0,84.3,15.7,0.0,68.0,73.0,,-0.8
57,33,2417,73.2,2204,66.8,18,15,54.5,Florida Gators,Gators,Florida,6.4,12.0,6601.0,4437.0,2164.0,559.0,7.0,32.8,23.1,,False,12.0,,,2.33,1.0,5.0,0.0,7.0,4.0,1.0,SEC,I,FL,,4.0,5.0,0.0,2.43,25.3,34.4,23.0,17.3,0.0,0.0,9.0,60.2,36.0,3.8,,,,
58,32,2253,70.4,2127,66.5,20,12,62.5,South Florida Bulls,Bulls,South Florida,3.9,13.0,6425.0,4313.0,2112.0,606.0,8.0,32.9,26.9,,False,14.0,71.3,2.9,3.14,1.0,5.0,9.0,8.0,5.0,1.0,AAC,I,FL,"5'11""",3.0,9.0,64.3,3.81,10.1,3.0,27.4,59.5,75.8,9.0,11.0,60.6,39.0,0.4,69.4,73.0,77.0,1.3
59,33,2171,65.8,2175,65.9,14,19,42.4,Georgia Tech Yellow Jackets,Yellow Jackets,Georgia Tech,-0.1,10.0,6675.0,4581.0,2094.0,844.0,5.0,31.4,38.9,,False,13.0,71.9,3.4,2.77,1.0,4.0,0.0,9.0,1.0,3.0,ACC,I,GA,"5'11""",2.0,8.0,0.0,3.07,0.0,29.9,33.7,36.4,0.0,0.0,10.0,83.4,4.2,12.3,70.5,72.0,78.0,1.9
61,32,2354,73.6,1988,62.1,22,10,68.8,Georgia Lady Bulldogs,Lady Bulldogs,Georgia,11.5,12.0,6475.0,4311.0,2164.0,537.0,7.0,33.4,22.8,22.0,True,12.0,72.3,3.6,2.25,1.0,4.0,4.0,7.0,4.0,1.0,SEC,I,GA,"6'0""",3.0,5.0,33.3,2.33,10.3,49.9,36.5,3.2,42.6,3.0,9.0,67.7,29.1,3.2,70.3,74.5,78.0,2.3
62,33,2096,63.5,1884,57.1,22,11,66.7,Hawai'i Rainbow Wahine,Rainbow Wahine,Hawai'i,6.4,15.0,6675.0,4024.0,2651.0,686.0,10.0,39.7,32.7,,False,,,,,,,,,,,,,,,,,,0.0,0.0,0.0,0.0,0.0,0.0,0.0,10.0,60.8,32.0,7.2,,,,
63,1,54,54.0,104,104.0,False,1,0.0,Buena Vista Beavers,Beavers,Buena Vista,-50.0,14.0,200.0,118.0,82.0,10.0,9.0,41.0,18.5,,False,22.0,68.8,2.8,2.41,1.0,4.0,0.0,14.0,8.0,0.0,American Rivers,III,IA,"5'8""",5.0,8.0,0.0,2.42,26.5,32.5,13.5,27.5,0.0,0.0,8.0,67.5,32.5,0.0,67.8,71.8,,-1.2
66,32,2615,81.7,2154,67.3,22,10,68.8,Iowa State Cyclones,Cyclones,Iowa State,14.4,13.0,6400.0,4061.0,2339.0,685.0,8.0,36.5,26.2,10.0,True,13.0,71.2,2.9,2.62,1.0,4.0,6.0,9.0,3.0,1.0,Big 12,I,IA,"5'11""",2.0,9.0,46.2,2.84,9.7,5.3,76.2,8.9,48.8,5.0,9.0,68.9,17.2,13.9,69.5,74.3,75.0,1.2
68,34,2370,69.7,2173,63.9,25,9,73.5,Boise State Broncos,Broncos,Boise State,5.8,14.0,6800.0,4992.0,1808.0,445.0,9.0,26.6,18.8,,False,15.0,71.6,2.7,2.2,0.0,4.0,2.0,7.0,5.0,3.0,Mountain West,I,ID,"5'11""",6.0,6.0,13.3,3.03,21.3,13.0,2.8,61.9,2.5,1.0,7.0,56.2,37.2,6.6,69.5,72.5,75.3,1.6
70,35,2681,76.6,2279,65.1,29,6,82.9,Idaho Vandals,Vandals,Idaho,11.5,13.0,7011.0,4760.0,2251.0,928.0,8.0,32.1,34.7,,False,15.0,70.5,2.9,2.93,1.0,4.0,7.0,10.0,5.0,0.0,Big Sky,I,ID,"5'10""",3.0,9.0,46.7,2.88,6.6,38.7,14.8,39.9,46.5,4.0,9.0,79.8,20.2,0.0,69.1,73.5,,0.5
71,33,2301,69.7,2117,64.2,20,13,60.6,Bradley Braves,Braves,Bradley,5.5,13.0,6674.0,4810.0,1864.0,516.0,8.0,27.9,22.4,,False,14.0,70.1,2.9,2.71,1.0,5.0,0.0,10.0,4.0,0.0,MVC,I,IL,"5'10""",2.0,6.0,0.0,2.78,18.3,38.9,2.6,40.1,0.0,0.0,9.0,72.8,27.2,0.0,69.1,73.2,,0.1
77,29,1896,65.4,2201,75.9,8,21,27.6,Northwestern Wildcats,Wildcats,Northwestern,-10.5,15.0,5800.0,4393.0,1407.0,295.0,10.0,24.3,15.6,,False,16.0,71.9,3.5,2.94,1.0,5.0,3.0,9.0,7.0,0.0,Big Ten,I,IL,"5'11""",3.0,9.0,18.8,3.21,3.9,31.8,17.4,46.9,29.7,2.0,7.0,64.7,35.3,0.0,69.2,74.7,,1.9
79,30,2008,66.9,2146,71.5,10,20,33.3,Southern Illinois Salukis,Salukis,Southern Illinois,-4.6,13.0,6000.0,4469.0,1531.0,357.0,8.0,25.5,17.8,,False,15.0,72.5,3.7,2.07,1.0,5.0,5.0,7.0,6.0,2.0,Big Ten,I,IL,"6'0""",5.0,4.0,33.3,0.0,0.0,0.0,0.0,0.0,0.0,0.0,7.0,80.4,12.7,6.9,,,,2.5
82,32,2117,66.2,2113,66.0,14,18,43.8,UIC Flames,Flames,UIC,0.2,13.0,6425.0,4490.0,1935.0,510.0,8.0,30.1,24.1,,False,,,,,,,,,,,,,,,,,,0.0,0.0,0.0,0.0,0.0,0.0,0.0,9.0,67.7,22.4,9.9,,,,
84,32,2284,71.4,2245,70.2,18,14,56.2,Indiana Hoosiers,Hoosiers,Indiana,1.2,12.0,6400.0,4810.0,1590.0,383.0,7.0,24.8,16.8,,False,13.0,,,2.23,1.0,4.0,8.0,7.0,6.0,0.0,Big Ten,I,IN,,3.0,4.0,61.5,2.32,29.2,33.5,13.7,23.6,52.0,6.0,9.0,66.6,33.4,0.0,,,,
85,31,2054,66.3,2131,68.7,14,17,45.2,IU Indianapolis Jaguars,Jaguars,IU Indianapolis,-2.4,13.0,6250.0,3985.0,2265.0,629.0,8.0,36.2,30.6,,False,13.0,,,2.23,1.0,4.0,8.0,7.0,6.0,0.0,Big Ten,I,IN,,3.0,4.0,61.5,0.0,0.0,0.0,0.0,0.0,0.0,0.0,9.0,46.0,54.0,0.0,,,,
87,36,2774,77.1,2344,65.1,25,11,69.4,Notre Dame Fighting Irish,Fighting Irish,Notre Dame,12.0,11.0,7225.0,5725.0,1500.0,410.0,6.0,20.8,14.8,15.0,True,12.0,71.0,3.8,3.83,1.0,5.0,5.0,8.0,4.0,0.0,ACC,I,IN,"5'11""",1.0,10.0,41.7,4.34,0.0,0.4,20.0,79.7,55.8,4.0,7.0,77.8,22.2,0.0,69.0,75.3,,1.0
88,32,2221,69.4,1878,58.7,21,11,65.6,Southern Indiana Screaming Eagles,Screaming Eagles,Southern Indiana,10.7,12.0,6450.0,4729.0,1721.0,506.0,7.0,26.7,22.8,,False,13.0,,,2.23,1.0,4.0,8.0,7.0,6.0,0.0,Big Ten,I,IN,,3.0,4.0,61.5,0.0,0.0,0.0,0.0,0.0,0.0,0.0,9.0,61.3,38.7,0.0,,,,
91,32,1558,48.7,2611,81.6,2,30,6.2,Bellarmine Knights,Knights,Bellarmine,-32.9,17.0,6425.0,3781.0,2644.0,629.0,12.0,41.2,40.4,,False,14.0,70.6,3.4,3.14,1.0,5.0,7.0,8.0,3.0,3.0,ASUN,I,KY,"5'10""",1.0,8.0,50.0,2.15,6.6,38.5,24.6,11.6,48.3,6.0,15.0,48.6,37.9,13.5,68.0,72.7,74.5,0.6
93,35,2995,85.6,2585,73.9,31,4,88.6,Murray State Racers,Racers,Murray State,11.7,11.0,7100.0,5361.0,1739.0,380.0,6.0,24.5,12.7,,False,13.0,69.7,3.3,2.23,1.0,4.0,4.0,9.0,4.0,0.0,MVC,I,KY,"5'9""",4.0,6.0,30.8,2.93,1.3,17.8,67.7,13.1,50.1,3.0,8.0,81.2,18.8,0.0,68.0,74.5,,-0.3
94,32,2189,68.4,2233,69.8,15,17,46.9,Northern Kentucky Norse,Norse,Northern Kentucky,-1.4,15.0,6475.0,4214.0,2261.0,568.0,10.0,34.9,25.9,,False,15.0,70.4,3.2,2.6,1.0,5.0,6.0,10.0,5.0,0.0,Horizon,I,KY,"5'10""",4.0,9.0,40.0,2.75,33.1,9.5,20.6,36.8,42.5,4.0,9.0,64.1,35.9,0.0,68.9,73.4,,0.4
96,36,2695,74.9,2193,60.9,25,11,69.4,Kentucky Wildcats,Wildcats,Kentucky,14.0,10.0,7200.0,5538.0,1662.0,529.0,5.0,23.1,19.6,6.0,True,12.0,73.4,3.2,3.0,1.0,5.0,9.0,7.0,3.0,2.0,SEC,I,KY,"6'1""",2.0,8.0,75.0,3.57,5.5,4.2,30.9,59.3,90.3,6.0,8.0,52.2,32.3,15.6,71.0,76.0,77.0,3.4
97,37,2911,78.7,2257,61.0,29,8,78.4,Louisville Cardinals,Cardinals,Louisville,17.7,13.0,7477.0,4890.0,2587.0,1101.0,8.0,34.6,37.8,6.0,True,14.0,72.2,3.4,2.14,1.0,4.0,3.0,7.0,7.0,0.0,ACC,I,KY,"6'0""",4.0,4.0,21.4,2.65,7.2,46.6,20.3,25.9,33.5,3.0,10.0,50.8,49.2,0.0,69.2,75.0,,2.2
98,29,1665,57.4,1883,64.9,8,21,27.6,Western Kentucky Lady Toppers,Lady Toppers,Western Kentucky,-7.5,13.0,5825.0,3653.0,2172.0,489.0,8.0,37.3,29.4,,False,12.0,73.4,3.2,3.0,1.0,5.0,9.0,7.0,3.0,2.0,SEC,I,KY,"6'1""",2.0,8.0,75.0,0.0,0.0,0.0,0.0,0.0,0.0,0.0,9.0,43.0,57.0,0.0,,,,3.4
99,35,3325,95.0,2139,61.1,29,6,82.9,LSU Tigers,Tigers,LSU,33.9,12.0,7000.0,4304.0,2696.0,1171.0,7.0,38.5,35.2,5.0,True,13.0,71.3,2.7,2.38,1.0,4.0,4.0,9.0,4.0,0.0,SEC,I,LA,"5'11""",5.0,6.0,30.8,2.44,29.2,21.4,25.6,23.7,30.8,4.0,10.0,71.0,29.0,0.0,70.0,74.2,,1.3
100,1,73,73.0,65,65.0,True,0,100.0,Loyola New Orleans Wolfpack,Wolfpack,Loyola New Orleans,8.0,9.0,200.0,164.0,36.0,0.0,4.0,18.0,0.0,,False,15.0,70.1,3.1,3.53,1.0,5.0,0.0,10.0,5.0,0.0,Southland,I,LA,"5'10""",2.0,13.0,0.0,0.0,0.0,0.0,0.0,0.0,0.0,0.0,7.0,60.0,40.0,0.0,,,,0.1
103,31,1987,64.1,2382,76.8,5,26,16.1,Boston College Eagles,Eagles,Boston College,-12.7,13.0,6225.0,4001.0,2224.0,734.0,8.0,35.7,36.9,,False,12.0,,,2.5,1.0,5.0,1.0,8.0,4.0,0.0,ACC,I,MA,,4.0,5.0,8.3,2.7,23.2,30.8,5.6,39.7,9.3,1.0,9.0,82.2,17.8,0.0,,,,
104,31,1826,58.9,1908,61.5,11,20,35.5,Boston University Terriers,Terriers,Boston University,-2.6,14.0,6250.0,3669.0,2581.0,565.0,9.0,41.3,30.9,,False,15.0,,,2.6,1.0,4.0,0.0,9.0,6.0,0.0,Patriot,I,MA,,1.0,8.0,0.0,0.0,0.0,0.0,0.0,0.0,0.0,0.0,11.0,62.0,38.0,0.0,,,,
107,33,2010,60.9,1901,57.6,23,10,69.7,Holy Cross Crusaders,Crusaders,Holy Cross,3.3,14.0,6650.0,4674.0,1976.0,449.0,9.0,29.7,22.3,,False,15.0,69.3,3.2,2.47,1.0,4.0,1.0,11.0,4.0,0.0,Patriot,I,MA,"5'9""",5.0,8.0,6.7,3.39,8.3,0.6,35.0,56.1,14.2,1.0,9.0,83.5,16.5,0.0,67.8,74.0,,-0.7
108,32,2090,65.3,1813,56.7,20,12,62.5,Harvard Crimson,Crimson,Harvard,8.6,16.0,6500.0,4278.0,2222.0,516.0,11.0,34.2,24.7,,False,16.0,71.8,2.1,2.25,1.0,4.0,0.0,12.0,4.0,0.0,Ivy League,I,MA,"5'11""",5.0,6.0,0.0,2.77,16.7,21.4,30.1,31.7,0.0,0.0,10.0,69.5,30.5,0.0,71.2,73.5,,1.8
111,29,1758,60.6,1952,67.3,7,22,24.1,Northeastern Huskies,Huskies,Northeastern,-6.7,13.0,5925.0,3715.0,2210.0,521.0,8.0,37.3,29.6,,False,14.0,70.0,3.7,2.29,1.0,5.0,2.0,9.0,4.0,1.0,CAA,I,MA,"5'10""",3.0,4.0,14.3,2.43,7.9,64.9,15.4,11.8,11.0,1.0,10.0,67.6,26.1,6.3,68.1,73.0,74.0,-0.0
113,30,2065,68.8,1811,60.4,23,7,76.7,Massachusetts Minutewomen,Minutewomen,Massachusetts,8.4,12.0,5999.0,4491.0,1508.0,410.0,7.0,25.1,19.9,,False,13.0,70.7,3.3,2.23,1.0,5.0,4.0,7.0,5.0,1.0,Atlantic 10,I,MA,"5'10""",5.0,4.0,30.8,2.99,10.6,37.9,9.1,42.4,47.5,3.0,7.0,58.9,32.0,9.1,68.0,72.8,76.0,0.7
116,30,1803,60.1,1872,62.4,15,15,50.0,Mount St. Mary's Mountaineers,Mountaineers,Mount St. Mary's,-2.3,15.0,6050.0,3235.0,2815.0,846.0,10.0,46.5,46.9,,False,14.0,71.4,2.8,2.5,1.0,4.0,5.0,8.0,5.0,1.0,MAAC,I,MD,"5'11""",2.0,7.0,35.7,2.6,10.9,25.2,43.7,17.0,33.6,4.0,12.0,61.4,30.9,7.7,69.4,73.8,76.0,1.4
117,1,38,38.0,83,83.0,False,1,0.0,St. Mary's (MD) Seahawks,Seahawks,St. Mary's (MD),-45.0,15.0,200.0,139.0,61.0,8.0,10.0,30.5,21.1,,False,16.0,67.5,2.7,2.38,1.0,4.0,0.0,12.0,4.0,0.0,United East,III,MD,"5'7""",4.0,7.0,0.0,2.43,15.5,41.5,27.5,15.5,0.0,0.0,6.0,78.0,22.0,0.0,66.8,70.7,,-2.5
118,1,75,75.0,59,59.0,True,0,100.0,Johns Hopkins University Blue Jays,Blue Jays,Johns Hopkins University,16.0,15.0,200.0,111.0,89.0,40.0,10.0,44.5,53.3,,False,17.0,68.8,3.3,2.94,1.0,5.0,0.0,10.0,6.0,1.0,Centennial,III,MD,"5'8""",4.0,11.0,0.0,0.0,0.0,0.0,0.0,0.0,0.0,0.0,10.0,60.0,32.5,7.5,,,,-1.2
119,31,2057,66.4,2037,65.7,17,14,54.8,Towson Tigers,Tigers,Towson,0.7,14.0,6250.0,4069.0,2181.0,639.0,9.0,34.9,31.1,,False,15.0,70.2,3.0,2.6,1.0,5.0,8.0,11.0,4.0,0.0,CAA,I,MD,"5'10""",6.0,8.0,53.3,3.4,12.3,2.1,25.7,59.9,78.9,8.0,9.0,81.5,18.5,0.0,68.8,74.0,,0.2
120,33,2715,82.3,2101,63.7,24,9,72.7,Maryland Terrapins,Terrapins,Maryland,18.6,14.0,6725.0,4435.0,2290.0,864.0,9.0,34.1,31.8,7.0,True,15.0,72.1,2.6,2.4,1.0,5.0,5.0,11.0,4.0,0.0,Big Ten,I,MD,"6'0""",7.0,7.0,33.3,2.66,39.0,1.1,21.7,38.3,51.5,5.0,13.0,81.5,18.5,0.0,71.2,74.8,,2.1
123,1,31,31.0,104,104.0,False,1,0.0,Aquinas Saints,Saints,Aquinas,-73.0,17.0,200.0,98.0,102.0,12.0,12.0,51.0,38.7,,False,,,,,,,,,,,,,,,,,,0.0,0.0,0.0,0.0,0.0,0.0,0.0,10.0,92.5,7.5,0.0,,,,
127,32,2627,82.1,2116,66.1,23,9,71.9,Michigan State Spartans,Spartans,Michigan State,16.0,14.0,6425.0,4283.0,2142.0,760.0,9.0,33.3,28.9,12.0,True,15.0,71.2,3.1,2.87,1.0,4.0,5.0,10.0,4.0,1.0,Big Ten,I,MI,"5'11""",3.0,9.0,33.3,3.06,4.4,27.2,13.3,51.8,56.9,5.0,10.0,64.7,26.8,8.6,69.9,74.7,75.0,1.2
130,35,2880,82.3,2192,62.6,28,7,80.0,Michigan Wolverines,Wolverines,Michigan,19.7,14.0,7100.0,4814.0,2286.0,776.0,9.0,32.2,26.9,6.0,True,14.0,72.8,2.5,2.43,1.0,5.0,4.0,8.0,6.0,0.0,Big Ten,I,MI,"6'0""",3.0,5.0,28.6,2.45,4.6,64.4,14.2,16.8,31.9,3.0,8.0,85.2,14.8,0.0,71.5,74.0,,2.8
131,1,63,63.0,75,75.0,False,1,0.0,Wayne State (MI) Warriors,Warriors,Wayne State (MI),-12.0,10.0,200.0,149.0,51.0,15.0,5.0,25.5,23.8,,False,,,,,,,,,,,,,,,,,,0.0,0.0,0.0,0.0,0.0,0.0,0.0,9.0,62.5,34.5,3.0,,,,
135,33,2444,74.1,1939,58.8,24,9,72.7,Minnesota Golden Gophers,Golden Gophers,Minnesota,15.3,14.0,6650.0,4823.0,1827.0,555.0,9.0,27.5,22.7,19.0,True,14.0,72.1,3.1,3.21,1.0,5.0,5.0,8.0,4.0,2.0,Big Ten,I,MN,"6'0""",2.0,10.0,35.7,3.5,5.1,13.5,36.8,44.6,29.5,4.0,9.0,78.9,9.1,12.1,70.2,74.0,76.0,2.1
139,33,2120,64.2,2221,67.3,12,21,36.4,Saint Louis Billikens,Billikens,Saint Louis,-3.1,12.0,6625.0,4849.0,1776.0,317.0,7.0,26.8,15.0,,False,12.0,71.2,3.8,2.75,1.0,5.0,3.0,8.0,2.0,2.0,Atlantic 10,I,MO,"5'11""",4.0,6.0,25.0,2.8,44.9,10.1,4.7,40.2,40.1,3.0,8.0,75.5,9.4,15.0,69.0,73.5,77.5,1.2
140,30,1997,66.6,2106,70.2,7,23,23.3,Kansas City Roos,Roos,Kansas City,-3.6,15.0,6075.0,3962.0,2113.0,531.0,10.0,34.8,26.6,,False,15.0,,,3.47,1.0,5.0,0.0,11.0,4.0,0.0,Summit League,I,MO,,2.0,11.0,0.0,3.77,3.6,7.7,32.3,56.4,0.0,0.0,11.0,82.3,17.7,0.0,,,,
142,34,2460,72.4,2601,76.5,17,17,50.0,Missouri Tigers,Tigers,Missouri,-4.1,10.0,6825.0,4837.0,1988.0,558.0,5.0,29.1,22.7,,False,13.0,71.4,3.4,2.77,1.0,4.0,8.0,10.0,3.0,0.0,SEC,I,MO,"5'11""",2.0,9.0,61.5,3.04,5.9,14.7,48.5,30.9,65.9,6.0,8.0,84.8,15.2,0.0,69.8,75.0,,1.4
144,2,95,47.5,140,70.0,0,2,0.0,Franklin Pierce Ravens,Ravens,Franklin Pierce,-22.5,17.0,400.0,201.0,199.0,28.0,12.0,49.8,29.5,,False,18.0,68.7,3.5,1.94,1.0,4.0,0.0,11.0,2.0,2.0,NE10,II,NH,"5'8""",9.0,5.0,0.0,2.13,43.0,22.0,14.2,20.8,0.0,0.0,12.0,75.2,14.8,10.0,67.6,71.5,74.5,-1.3
145,36,2709,75.2,2239,62.2,24,12,66.7,Ole Miss Rebels,Rebels,Ole Miss,13.0,12.0,7225.0,4812.0,2413.0,697.0,7.0,33.4,25.7,12.0,True,12.0,,,3.08,1.0,4.0,9.0,6.0,4.0,2.0,SEC,I,MS,,1.0,7.0,75.0,3.48,2.1,22.7,0.0,75.2,83.3,7.0,8.0,50.2,45.5,4.3,,,,
147,35,2579,73.7,2131,60.9,27,8,77.1,Montana State Bobcats,Bobcats,Montana State,12.8,12.0,7075.0,4556.0,2519.0,725.0,7.0,35.6,28.1,,False,14.0,70.8,2.7,1.93,1.0,3.0,4.0,10.0,3.0,0.0,Big Sky,I,MT,"5'10""",6.0,5.0,28.6,1.92,36.4,35.4,28.1,0.0,9.1,2.0,10.0,68.4,31.6,0.0,70.0,73.7,,0.8
149,31,1924,62.1,2215,71.5,9,22,29.0,Montana Lady Griz,Lady Griz,Montana,-9.4,14.0,6275.0,4179.0,2096.0,600.0,9.0,33.4,31.2,,False,14.0,69.9,2.3,2.64,1.0,4.0,6.0,12.0,2.0,0.0,Big Sky,I,MT,"5'9""",2.0,8.0,42.9,2.52,9.4,42.7,34.4,13.5,40.9,3.0,8.0,83.9,16.1,0.0,69.9,,,-0.1
150,36,2667,74.1,2150,59.7,27,9,75.0,Duke Blue Devils,Blue Devils,Duke,14.4,12.0,7225.0,5481.0,1744.0,487.0,7.0,24.1,18.3,7.0,True,13.0,72.3,3.3,2.85,1.0,5.0,3.0,9.0,3.0,1.0,ACC,I,NC,"6'0""",3.0,8.0,23.1,2.83,11.3,28.7,26.2,33.9,31.2,2.0,10.0,54.4,37.4,8.2,70.2,75.0,76.0,2.3
151,32,2278,71.2,2088,65.2,22,10,68.8,East Carolina Pirates,Pirates,East Carolina,6.0,13.0,6475.0,4332.0,2143.0,609.0,8.0,33.1,26.7,,False,13.0,70.6,2.7,2.62,1.0,5.0,5.0,7.0,6.0,0.0,AAC,I,NC,"5'10""",6.0,7.0,38.5,3.18,27.9,0.0,11.8,60.3,53.0,4.0,10.0,63.0,37.0,0.0,68.9,73.8,,0.6
152,32,2455,76.7,2147,67.1,21,11,65.6,NC State Wolfpack,Wolfpack,NC State,9.6,11.0,6475.0,4770.0,1705.0,439.0,6.0,26.3,17.9,9.0,True,11.0,72.7,3.5,2.27,1.0,3.0,2.0,6.0,3.0,2.0,ACC,I,NC,"6'0""",2.0,5.0,18.2,2.44,9.3,37.2,53.5,0.0,28.4,2.0,8.0,60.7,37.2,2.1,69.8,75.3,76.0,2.7
153,36,2687,74.6,2126,59.1,28,8,77.8,North Carolina Tar Heels,Tar Heels,North Carolina,15.5,14.0,7300.0,4624.0,2676.0,867.0,9.0,36.7,32.3,11.0,True,14.0,71.9,3.0,2.14,1.0,4.0,3.0,10.0,3.0,1.0,ACC,I,NC,"5'11""",4.0,4.0,21.4,2.4,19.4,46.8,8.6,25.2,38.3,3.0,10.0,74.4,23.7,1.9,70.6,74.7,77.0,1.9
154,32,2086,65.2,2123,66.3,14,18,43.8,Wake Forest Demon Deacons,Demon Deacons,Wake Forest,-1.1,12.0,6550.0,4454.0,2096.0,641.0,7.0,32.0,30.7,,False,12.0,72.4,3.0,2.08,1.0,5.0,4.0,7.0,5.0,0.0,ACC,I,NC,"6'0""",5.0,4.0,33.3,1.72,36.9,20.0,23.8,4.7,36.6,4.0,10.0,61.8,38.2,0.0,71.0,74.4,,2.4
155,31,1825,58.9,2238,72.2,7,24,22.6,North Dakota Fighting Hawks,Fighting Hawks,North Dakota,-13.3,15.0,6200.0,3678.0,2522.0,581.0,10.0,40.7,31.8,,False,16.0,71.3,3.2,2.44,1.0,5.0,6.0,10.0,4.0,2.0,Summit League,I,ND,"5'11""",5.0,5.0,37.5,2.82,19.4,39.8,0.0,40.8,46.6,4.0,11.0,68.3,21.0,10.7,69.3,73.2,76.5,1.3
156,31,2093,67.5,2132,68.8,16,15,51.6,Creighton Bluejays,Bluejays,Creighton,-1.3,10.0,6225.0,4288.0,1937.0,519.0,5.0,31.1,24.8,,False,11.0,,,2.09,1.0,5.0,0.0,7.0,3.0,1.0,Big East,I,NE,,6.0,3.0,0.0,2.25,47.7,21.6,0.0,30.7,0.0,0.0,9.0,79.9,12.8,7.2,,,,
158,32,2517,78.7,2154,67.3,19,13,59.4,Nebraska Cornhuskers,Cornhuskers,Nebraska,11.4,12.0,6400.0,4050.0,2350.0,714.0,7.0,36.7,28.4,20.0,True,14.0,71.4,3.1,2.79,1.0,5.0,4.0,9.0,5.0,0.0,Big Ten,I,NE,"5'11""",2.0,7.0,28.6,2.76,8.3,40.6,24.2,26.9,21.0,3.0,10.0,62.7,37.2,0.0,69.8,74.5,,1.4
159,27,1506,55.8,1720,63.7,10,17,37.0,Dartmouth Big Green,Big Green,Dartmouth,-7.9,13.0,5400.0,3489.0,1911.0,441.0,8.0,35.4,29.3,,False,15.0,,,2.4,1.0,4.0,0.0,9.0,6.0,0.0,Ivy League,I,VT,,4.0,7.0,0.0,2.63,9.4,32.2,44.4,14.0,0.0,0.0,10.0,58.2,41.8,0.0,,,,
160,30,1675,55.8,1802,60.1,10,20,33.3,New Hampshire Wildcats,Wildcats,New Hampshire,-4.3,13.0,6050.0,4002.0,2048.0,353.0,8.0,33.9,21.1,,False,15.0,70.1,2.4,3.07,1.0,5.0,7.0,11.0,4.0,0.0,America East,I,NH,"5'10""",3.0,11.0,46.7,3.01,14.1,13.8,40.4,31.7,37.4,3.0,8.0,83.5,16.5,0.0,69.6,74.0,,0.1
161,35,2397,68.5,1802,51.5,30,5,85.7,Fairleigh Dickinson Knights,Knights,Fairleigh Dickinson,17.0,13.0,7000.0,4974.0,2026.0,643.0,8.0,28.9,26.8,,False,15.0,70.2,3.1,2.27,1.0,5.0,2.0,7.0,8.0,0.0,NEC,I,NJ,"5'10""",4.0,5.0,13.3,2.38,24.1,41.4,20.8,13.6,13.6,1.0,7.0,60.9,39.1,0.0,67.4,72.7,,0.2
163,30,2171,72.4,1822,60.7,26,4,86.7,Princeton Tigers,Tigers,Princeton,11.7,11.0,6050.0,4483.0,1567.0,347.0,6.0,25.9,16.0,19.0,True,11.0,,,2.55,1.0,4.0,0.0,8.0,3.0,0.0,Ivy,I,NJ,,2.0,6.0,0.0,2.98,4.4,14.9,59.4,21.3,0.0,0.0,8.0,88.1,11.9,0.0,,,,
164,29,1683,58.0,2015,69.5,9,20,31.0,Rutgers Scarlet Knights,Scarlet Knights,Rutgers,-11.5,13.0,5800.0,4021.0,1779.0,442.0,8.0,30.7,26.3,,False,13.0,72.5,3.1,3.08,1.0,5.0,0.0,9.0,4.0,0.0,Big Ten,I,NJ,"6'0""",2.0,9.0,0.0,3.5,3.4,19.6,25.7,51.3,0.0,0.0,8.0,73.3,26.7,0.0,71.4,74.8,,2.5
166,30,1711,57.0,2002,66.7,9,21,30.0,New Mexico State Aggies,Aggies,New Mexico State,-9.7,14.0,6050.0,3684.0,2366.0,615.0,9.0,39.1,35.9,,False,13.0,69.7,3.5,2.77,1.0,5.0,5.0,7.0,6.0,0.0,WAC,I,NM,"5'9""",3.0,9.0,38.5,3.08,17.5,4.8,41.2,36.5,30.9,4.0,11.0,61.2,38.8,0.0,67.4,72.7,,-0.3
167,32,2156,67.4,1943,60.7,22,10,68.8,New Mexico Lobos,Lobos,New Mexico,6.7,13.0,6400.0,3897.0,2503.0,701.0,8.0,39.1,32.5,,False,13.0,70.8,3.5,2.31,1.0,4.0,0.0,9.0,4.0,0.0,Mountain West,I,NM,"5'10""",4.0,6.0,0.0,2.52,15.3,32.3,37.3,15.1,0.0,0.0,9.0,80.5,19.5,0.0,69.1,74.5,,0.8
171,33,2368,71.8,1937,58.7,25,8,75.8,Columbia Lions,Lions,Columbia,13.1,15.0,6650.0,4487.0,2163.0,481.0,10.0,32.5,20.3,,False,15.0,,,2.33,1.0,4.0,3.0,10.0,5.0,0.0,Ivy League,I,NY,,4.0,7.0,20.0,2.94,4.4,23.2,45.7,26.6,31.7,3.0,8.0,77.4,22.6,0.0,,,,
172,27,1469,54.4,1668,61.8,9,18,33.3,Cornell Big Red,Big Red,Cornell,-7.4,13.0,5450.0,4091.0,1359.0,393.0,8.0,24.9,26.8,,False,14.0,69.9,3.2,2.14,1.0,4.0,0.0,11.0,3.0,0.0,Ivy League,I,NY,"5'9""",5.0,5.0,0.0,2.48,14.9,38.5,30.5,16.1,0.0,0.0,8.0,80.0,20.0,0.0,69.4,73.7,,-0.1
175,1,45,45.0,66,66.0,False,1,0.0,Ithaca Bombers,Bombers,Ithaca,-21.0,12.0,200.0,128.0,72.0,14.0,7.0,36.0,31.1,,False,20.0,67.5,2.7,2.2,1.0,4.0,0.0,13.0,7.0,0.0,Liberty League,III,NY,"5'7""",6.0,8.0,0.0,2.87,3.0,33.5,37.0,26.5,0.0,0.0,8.0,66.5,33.5,0.0,65.8,70.5,,-2.5
179,33,2044,61.9,2036,61.7,17,16,51.5,St. Bonaventure Bonnies,Bonnies,St. Bonaventure,0.2,14.0,6650.0,4097.0,2553.0,707.0,9.0,38.4,34.6,,False,15.0,70.5,2.6,2.4,1.0,5.0,8.0,9.0,6.0,0.0,Atlantic 10,I,NY,"5'10""",6.0,7.0,53.3,2.85,28.9,19.9,15.7,35.4,57.0,6.0,10.0,75.4,24.6,0.0,68.9,72.6,,0.5
183,33,2426,73.5,2127,64.5,24,9,72.7,Syracuse Orange,Orange,Syracuse,9.0,15.0,6725.0,4191.0,2534.0,573.0,10.0,37.7,23.6,,False,15.0,72.3,3.7,2.53,1.0,5.0,5.0,7.0,5.0,2.0,ACC,I,NY,"6'0""",4.0,6.0,33.3,2.95,21.5,24.2,18.7,35.6,39.8,4.0,10.0,55.8,28.8,15.4,68.8,74.0,76.0,2.3
189,31,2153,69.5,2053,66.2,17,14,54.8,Bowling Green Falcons,Falcons,Bowling Green,3.3,13.0,6225.0,4042.0,2183.0,684.0,8.0,35.1,31.8,,False,13.0,70.4,4.0,2.69,1.0,4.0,4.0,7.0,6.0,0.0,MAC,I,KY,"5'10""",2.0,8.0,30.8,2.79,6.5,29.1,43.1,21.2,24.8,2.0,9.0,64.0,36.0,0.0,67.5,73.3,,0.4
191,1,34,34.0,117,117.0,False,1,0.0,Heidelberg Student Princes,Student Princes,Heidelberg,-83.0,8.0,200.0,149.0,51.0,13.0,3.0,25.5,38.2,,False,13.0,68.5,2.0,1.85,1.0,4.0,0.0,11.0,0.0,2.0,OAC,III,OH,"5'8""",8.0,4.0,0.0,1.52,67.5,13.0,19.5,0.0,0.0,0.0,8.0,84.5,0.0,15.5,68.2,,72.0,-1.5
193,35,2468,70.5,2070,59.1,28,7,80.0,Miami (OH) RedHawks,RedHawks,Miami (OH),11.4,12.0,7025.0,5374.0,1651.0,450.0,7.0,23.5,18.2,,False,,,,,,,,,,,,,,,,,,0.0,0.0,0.0,0.0,0.0,0.0,0.0,8.0,66.7,33.3,0.0,,,,
194,35,2844,81.3,2321,66.3,27,8,77.1,Ohio State Buckeyes,Buckeyes,Ohio State,15.0,11.0,7025.0,5093.0,1932.0,643.0,6.0,27.5,22.6,8.0,True,11.0,72.0,4.1,2.0,1.0,4.0,4.0,8.0,2.0,1.0,Big Ten,I,OH,"6'0""",5.0,3.0,36.4,2.36,21.7,42.0,14.5,21.8,44.7,4.0,8.0,82.9,4.4,12.8,70.6,76.0,78.0,2.0
195,32,2359,73.7,2277,71.2,18,14,56.2,Ohio Bobcats,Bobcats,Ohio,2.5,13.0,6525.0,3969.0,2556.0,864.0,8.0,39.2,36.6,,False,14.0,70.4,1.9,2.86,1.0,5.0,5.0,10.0,4.0,0.0,MAC,I,OH,"5'10""",2.0,7.0,35.7,2.88,0.6,37.0,35.3,21.5,39.6,4.0,10.0,81.0,19.0,0.0,69.7,71.7,,0.4
197,34,2757,81.1,2184,64.2,24,10,70.6,Oklahoma State Cowgirls,Cowgirls,Oklahoma State,16.9,12.0,6800.0,4994.0,1806.0,750.0,7.0,26.6,27.2,18.0,True,13.0,72.2,3.3,2.85,1.0,4.0,8.0,8.0,2.0,3.0,Big 12,I,OK,"6'0""",1.0,9.0,61.5,3.03,6.1,15.0,48.9,30.0,59.5,4.0,8.0,80.8,17.9,1.3,69.7,74.0,76.0,2.2
198,30,2285,76.2,2257,75.2,15,15,50.0,Oral Roberts Golden Eagles,Golden Eagles,Oral Roberts,1.0,12.0,6025.0,4190.0,1835.0,637.0,7.0,30.5,27.9,,False,12.0,71.3,3.0,2.08,1.0,5.0,5.0,8.0,4.0,0.0,Summit League,I,OK,"5'11""",6.0,4.0,41.7,2.21,38.3,21.1,24.3,16.3,45.9,3.0,8.0,71.8,28.2,0.0,70.4,73.2,,1.3
201,34,2921,85.9,2334,68.6,26,8,76.5,Oklahoma Sooners,Sooners,Oklahoma,17.3,11.0,6850.0,4858.0,1992.0,577.0,6.0,29.1,19.8,5.0,True,11.0,72.9,2.6,2.18,1.0,4.0,2.0,4.0,4.0,3.0,SEC,I,OK,"6'0""",5.0,4.0,18.2,2.44,33.7,20.9,13.5,31.9,27.5,2.0,8.0,51.9,31.2,16.9,70.7,72.5,75.7,2.9
202,31,2105,67.9,2045,66.0,19,12,61.3,Tulsa Golden Hurricane,Golden Hurricane,Tulsa,1.9,12.0,6275.0,4072.0,2203.0,480.0,7.0,35.1,22.8,,False,15.0,72.0,2.5,2.4,1.0,4.0,8.0,11.0,4.0,0.0,AAC,I,OK,"6'0""",6.0,9.0,53.3,2.59,28.2,0.0,56.6,15.2,55.5,6.0,10.0,79.3,20.7,0.0,71.6,74.2,,2.0
204,35,2346,67.0,2136,61.0,23,12,65.7,Oregon State Beavers,Beavers,Oregon State,6.0,14.0,7075.0,4968.0,2107.0,472.0,9.0,29.8,20.1,,False,15.0,,,2.73,1.0,4.0,0.0,10.0,4.0,1.0,WCC,I,OR,,3.0,9.0,0.0,2.8,16.3,18.8,33.1,31.8,0.0,0.0,8.0,74.2,19.7,6.0,,,,
213,29,2158,74.4,2384,82.2,11,18,37.9,Penn State Lady Lions,Lady Lions,Penn State,-7.8,12.0,5825.0,3869.0,1956.0,394.0,7.0,33.6,18.3,,False,12.0,71.0,4.2,2.25,1.0,4.0,5.0,8.0,3.0,1.0,Big Ten,I,PA,"5'11""",5.0,5.0,41.7,2.24,34.8,22.1,27.7,15.3,53.3,5.0,10.0,76.4,11.7,11.9,68.4,75.7,78.0,1.0
214,1,29,29.0,79,79.0,False,1,0.0,Point Park Pioneers,Pioneers,Point Park,-50.0,12.0,200.0,107.0,93.0,15.0,7.0,46.5,51.7,,False,15.0,69.9,2.7,2.4,1.0,5.0,6.0,11.0,4.0,0.0,MEC,II,PA,"5'9""",6.0,7.0,40.0,2.24,45.5,10.5,18.5,25.5,38.0,4.0,11.0,60.0,40.0,0.0,68.8,73.2,,-0.1
215,1,53,53.0,108,108.0,False,1,0.0,Slippery Rock The Rock,The Rock,Slippery Rock,-55.0,12.0,200.0,120.0,80.0,24.0,7.0,40.0,45.3,,False,13.0,68.8,3.2,2.77,1.0,5.0,4.0,8.0,5.0,0.0,PSAC,II,PA,"5'8""",4.0,8.0,30.8,2.96,27.5,5.5,18.0,49.0,40.5,4.0,11.0,58.5,41.5,0.0,66.4,72.2,,-1.2
218,32,2169,67.8,2200,68.8,15,17,46.9,Temple Owls,Owls,Temple,-1.0,11.0,6475.0,4518.0,1957.0,509.0,6.0,30.2,23.5,,False,13.0,71.5,4.0,2.08,1.0,3.0,4.0,6.0,7.0,0.0,AAC,I,PA,"5'11""",3.0,4.0,30.8,2.54,4.4,37.0,58.6,0.0,38.6,3.0,9.0,60.4,39.6,0.0,67.8,74.6,,1.5
219,27,1744,64.6,1563,57.9,17,10,63.0,Pennsylvania Quakers,Quakers,Pennsylvania,6.7,17.0,5475.0,4005.0,1470.0,368.0,12.0,26.8,21.1,,False,17.0,70.8,2.6,2.35,1.0,4.0,0.0,12.0,3.0,2.0,Ivy League,I,PA,"5'10""",4.0,7.0,0.0,2.89,2.3,36.2,31.7,29.8,0.0,0.0,6.0,66.7,21.9,11.5,69.8,72.7,74.5,0.8
221,31,1877,60.5,2262,73.0,8,23,25.8,Pittsburgh Panthers,Panthers,Pittsburgh,-12.5,13.0,6200.0,4168.0,2032.0,439.0,8.0,32.8,23.4,,False,14.0,71.2,3.8,1.93,1.0,4.0,5.0,10.0,4.0,0.0,ACC,I,PA,"5'11""",7.0,5.0,35.7,2.15,36.5,15.3,45.1,3.1,48.2,5.0,10.0,69.4,30.6,0.0,69.4,77.0,,1.2
222,33,2351,71.2,2021,61.2,25,8,75.8,Villanova Wildcats,Wildcats,Villanova,10.0,12.0,6600.0,4171.0,2429.0,691.0,7.0,36.8,29.4,,False,14.0,72.1,2.3,2.64,1.0,5.0,4.0,7.0,7.0,0.0,Big East,I,PA,"6'0""",4.0,7.0,28.6,2.5,25.1,28.1,23.0,23.8,33.3,4.0,10.0,63.1,36.9,0.0,70.5,73.5,,2.1
223,2,96,48.0,152,76.0,0,2,0.0,West Chester Golden Rams,Golden Rams,West Chester,-28.0,13.0,400.0,253.0,147.0,29.0,8.0,36.8,30.2,,False,15.0,68.7,2.6,2.27,1.0,5.0,2.0,11.0,4.0,0.0,PSAC,II,PA,"5'8""",6.0,6.0,13.3,2.0,56.0,16.2,12.0,15.8,12.2,1.0,8.0,62.3,37.8,0.0,67.8,71.3,,-1.3
224,3,164,54.7,264,88.0,0,3,0.0,Westminster (UT) Griffins,Griffins,Westminster (UT),-33.3,13.0,600.0,407.0,193.0,39.0,8.0,32.2,23.8,,False,14.0,69.2,3.2,2.5,1.0,4.0,0.0,8.0,6.0,0.0,RMAC,II,UT,"5'9""",4.0,9.0,0.0,3.03,5.7,3.0,74.0,17.3,0.0,0.0,8.0,62.8,37.2,0.0,66.9,72.4,,-0.8
225,27,1656,61.3,1533,56.8,16,11,59.3,Brown Bears,Bears,Brown,4.5,15.0,5450.0,3757.0,1693.0,425.0,10.0,31.1,25.7,,False,16.0,69.7,1.8,2.62,1.0,4.0,2.0,11.0,5.0,0.0,Ivy League,I,RI,"5'9""",4.0,8.0,12.5,3.05,21.5,7.4,16.0,55.2,4.7,0.0,9.0,60.5,39.5,0.0,69.3,72.0,,-0.3
227,33,2220,67.3,1788,54.2,28,5,84.8,Rhode Island Rams,Rams,Rhode Island,13.1,12.0,6600.0,4898.0,1702.0,601.0,7.0,25.8,27.1,,False,13.0,71.5,3.7,2.38,1.0,5.0,0.0,8.0,2.0,3.0,Atlantic 10,I,RI,"5'11""",6.0,5.0,0.0,2.9,15.7,28.5,15.5,40.2,0.0,0.0,8.0,67.3,16.7,16.0,69.7,73.0,76.0,1.5
228,33,2233,67.7,1949,59.1,21,12,63.6,Clemson Tigers,Tigers,Clemson,8.6,12.0,6700.0,4300.0,2400.0,852.0,7.0,35.8,38.2,,False,13.0,71.3,3.4,3.08,1.0,5.0,0.0,9.0,3.0,1.0,ACC,I,SC,"5'11""",3.0,9.0,0.0,3.75,4.0,0.5,21.4,74.1,0.0,0.0,8.0,75.1,23.0,1.9,69.8,73.0,77.0,1.3
231,31,2097,67.6,1899,61.3,18,13,58.1,Furman Paladins,Paladins,Furman,6.3,12.0,6225.0,4094.0,2131.0,571.0,7.0,34.2,27.2,,False,14.0,71.1,3.3,2.0,1.0,3.0,4.0,9.0,5.0,0.0,SoCon,I,SC,"5'11""",3.0,3.0,28.6,1.89,15.8,70.9,10.4,0.0,34.1,4.0,10.0,71.6,28.4,0.0,69.4,74.3,,1.1
232,33,2443,74.0,1939,58.8,27,6,81.8,Charleston Cougars,Cougars,Charleston,15.2,15.0,6600.0,4885.0,1715.0,573.0,10.0,26.0,23.5,,False,,,,,,,,,,,,,,,,,,0.0,0.0,0.0,0.0,0.0,0.0,0.0,8.0,81.6,18.4,0.0,,,,
233,36,2528,70.2,2115,58.8,26,10,72.2,South Dakota Coyotes,Coyotes,South Dakota,11.4,14.0,7225.0,4904.0,2321.0,776.0,9.0,32.1,30.7,,False,15.0,70.0,2.4,2.67,1.0,4.0,8.0,9.0,5.0,1.0,Summit League,I,SD,"5'10""",4.0,10.0,53.3,3.18,13.6,4.5,31.8,50.1,73.8,7.0,9.0,65.1,26.1,8.9,68.6,72.0,73.0,-0.0
235,31,2025,65.3,2137,68.9,10,21,32.3,Memphis Tigers,Tigers,Memphis,-3.6,12.0,6352.0,4109.0,2243.0,600.0,7.0,35.3,29.6,,False,12.0,72.1,3.0,2.42,1.0,4.0,9.0,6.0,6.0,0.0,AAC,I,TN,"6'0""",2.0,5.0,75.0,2.61,6.8,40.7,36.8,15.6,79.5,7.0,8.0,63.5,36.5,0.0,69.4,74.3,,2.1
236,31,2011,64.9,1841,59.4,20,11,64.5,Chattanooga Mocs,Mocs,Chattanooga,5.5,11.0,6250.0,4276.0,1974.0,393.0,6.0,31.6,19.5,,False,11.0,71.4,3.0,2.27,1.0,5.0,0.0,7.0,4.0,0.0,SoCon,I,TN,"5'11""",4.0,5.0,0.0,2.51,20.3,27.5,42.6,9.6,0.0,0.0,8.0,66.2,33.8,0.0,69.9,74.0,,1.4
238,34,2866,84.3,2216,65.2,29,5,85.3,Vanderbilt Commodores,Commodores,Vanderbilt,19.1,12.0,6800.0,4786.0,2014.0,540.0,7.0,29.6,18.8,5.0,True,13.0,72.5,4.1,2.85,1.0,5.0,0.0,8.0,4.0,1.0,SEC,I,TN,"6'0""",3.0,8.0,0.0,3.04,22.4,18.0,14.2,45.4,0.0,0.0,9.0,77.8,20.5,1.7,71.1,75.0,78.0,2.5
239,34,2399,70.6,2050,60.3,25,9,73.5,Baylor Bears,Bears,Baylor,10.3,12.0,6824.0,4665.0,2159.0,666.0,7.0,31.6,27.8,7.0,True,12.0,71.6,3.3,2.83,1.0,5.0,6.0,8.0,4.0,0.0,Big 12,I,TX,"5'11""",2.0,7.0,50.0,3.24,8.9,27.4,10.6,53.1,51.5,4.0,8.0,76.9,23.1,0.0,69.8,74.2,,1.6
241,1,60,60.0,112,112.0,False,1,0.0,McMurry War Hawks,War Hawks,McMurry,-52.0,14.0,200.0,128.0,72.0,8.0,9.0,36.0,13.3,,False,17.0,67.4,2.5,2.59,1.0,4.0,0.0,9.0,3.0,1.0,ASC,III,TX,"5'7""",3.0,9.0,0.0,3.21,3.0,27.0,16.0,54.0,0.0,0.0,9.0,60.0,31.5,8.5,66.5,70.0,70.0,-2.6
242,35,2431,69.5,2087,59.6,29,6,82.9,Rice Owls,Owls,Rice,9.9,13.0,7025.0,5368.0,1657.0,505.0,8.0,23.6,20.8,,False,15.0,70.8,3.7,2.47,1.0,4.0,2.0,12.0,0.0,3.0,C-USA,I,TX,"5'10""",4.0,8.0,13.3,2.98,6.8,20.0,41.6,31.7,18.5,1.0,7.0,82.0,0.0,18.0,69.2,,75.0,0.8
245,27,1747,64.7,1824,67.6,14,13,51.9,Texas A&M Aggies,Aggies,Texas A&M,-2.9,15.0,5425.0,3550.0,1875.0,446.0,10.0,34.6,25.5,,False,15.0,71.2,3.6,2.6,1.0,5.0,7.0,9.0,5.0,1.0,SEC,I,TX,"5'11""",5.0,8.0,46.7,3.46,6.8,6.9,39.3,47.0,66.8,6.0,9.0,65.5,29.4,5.1,69.3,73.8,75.0,1.2
247,1,31,31.0,105,105.0,False,1,0.0,King's Monarchs,Monarchs,King's,-74.0,15.0,200.0,107.0,93.0,14.0,10.0,46.5,45.2,,False,,,,,,,,,,,,,,,,,,0.0,0.0,0.0,0.0,0.0,0.0,0.0,9.0,68.0,32.0,0.0,,,,
248,30,1836,61.2,2196,73.2,7,23,23.3,Houston Cougars,Cougars,Houston,-12.0,12.0,6000.0,3648.0,2352.0,644.0,7.0,39.2,35.1,,False,13.0,71.3,3.5,3.23,1.0,5.0,9.0,8.0,5.0,0.0,AAC,I,TX,"5'11""",3.0,9.0,69.2,3.38,22.0,5.2,17.5,55.2,67.0,8.0,11.0,65.1,34.9,0.0,69.4,73.8,,1.3
249,33,2330,70.6,2048,62.1,19,14,57.6,North Texas Mean Green,Mean Green,North Texas,8.5,13.0,6650.0,4158.0,2492.0,716.0,8.0,37.5,30.7,,False,14.0,70.7,3.3,2.79,1.0,4.0,9.0,7.0,7.0,0.0,C-USA,I,TX,"5'10""",4.0,9.0,64.3,3.05,11.4,11.6,37.1,39.9,76.9,7.0,9.0,73.2,26.8,0.0,68.4,73.8,,0.7
250,33,2020,61.2,2226,67.5,12,21,36.4,UT Arlington Mavericks,Mavericks,UT Arlington,-6.3,12.0,6675.0,3727.0,2948.0,713.0,7.0,44.2,35.3,,False,,,,,,,,,,,,,,,,,,0.0,0.0,0.0,0.0,0.0,0.0,0.0,11.0,63.9,32.3,3.8,,,,
251,39,3273,83.9,2175,55.8,35,4,89.7,Texas Longhorns,Longhorns,Texas,28.1,12.0,7800.0,5221.0,2579.0,984.0,7.0,33.1,30.1,2.0,True,13.0,72.4,3.8,2.85,1.0,5.0,4.0,7.0,4.0,2.0,SEC,I,TX,"6'0""",2.0,7.0,30.8,3.08,6.5,30.7,25.7,37.2,20.1,3.0,10.0,48.1,41.3,10.6,69.7,73.8,78.0,2.4
252,38,2683,70.6,2449,64.4,26,12,68.4,BYU Cougars,Cougars,BYU,6.2,13.0,7599.0,4995.0,2604.0,759.0,8.0,34.3,28.3,,False,13.0,72.3,2.3,2.23,1.0,4.0,3.0,7.0,6.0,0.0,WCC,I,UT,"6'0""",5.0,5.0,23.1,1.99,39.4,35.2,13.0,12.5,21.5,2.0,9.0,77.1,22.9,0.0,70.7,74.2,,2.3
253,32,2314,72.3,2182,68.2,19,13,59.4,Southern Utah Thunderbirds,Thunderbirds,Southern Utah,4.1,13.0,6450.0,4692.0,1758.0,536.0,8.0,27.3,23.2,,False,14.0,71.1,2.9,2.14,1.0,4.0,2.0,7.0,5.0,2.0,WAC,I,UT,"5'11""",4.0,5.0,14.3,2.32,14.7,45.3,33.6,6.4,16.8,2.0,8.0,58.9,34.7,6.4,68.9,72.4,77.0,1.1
254,32,2175,68.0,2095,65.5,19,13,59.4,Utah Utes,Utes,Utah,2.5,12.0,6424.0,4330.0,2094.0,595.0,7.0,32.6,27.4,,False,13.0,71.9,2.8,2.38,1.0,4.0,2.0,7.0,6.0,0.0,Big 12,I,UT,"5'11""",4.0,6.0,15.4,2.65,26.5,15.4,25.0,33.1,26.3,2.0,9.0,64.1,35.9,0.0,69.6,73.8,,1.9
256,35,2598,74.2,2147,61.3,26,9,74.3,James Madison Dukes,Dukes,James Madison,12.9,12.0,7050.0,4980.0,2070.0,590.0,7.0,29.4,22.7,,False,12.0,70.1,4.4,2.58,1.0,5.0,6.0,8.0,4.0,0.0,Sun Belt,I,VA,"5'10""",4.0,7.0,50.0,3.06,19.2,4.5,42.1,34.2,60.1,5.0,8.0,68.2,31.8,0.0,67.6,74.3,,0.1
257,34,2452,72.1,2022,59.5,26,8,76.5,Richmond Spiders,Spiders,Richmond,12.6,14.0,6900.0,4877.0,2023.0,503.0,9.0,29.3,20.5,24.0,True,14.0,71.6,3.3,2.79,1.0,5.0,3.0,7.0,7.0,0.0,Atlantic 10,I,VA,"5'11""",4.0,7.0,21.4,3.14,17.5,12.7,16.5,53.3,19.6,2.0,8.0,61.2,38.8,0.0,68.6,73.7,,1.6
258,34,2549,75.0,2211,65.0,22,12,64.7,Virginia Cavaliers,Cavaliers,Virginia,10.0,13.0,7025.0,4657.0,2368.0,707.0,8.0,33.7,27.7,,False,13.0,72.8,3.4,3.46,1.0,5.0,7.0,7.0,6.0,0.0,ACC,I,VA,"6'0""",1.0,10.0,53.8,3.6,7.5,8.7,29.1,54.7,68.0,7.0,11.0,60.6,39.4,0.0,70.6,75.5,,2.8
259,33,2392,72.5,2031,61.5,23,10,69.7,Virginia Tech Hokies,Hokies,Virginia Tech,11.0,12.0,6650.0,4574.0,2076.0,581.0,7.0,31.2,24.3,,False,13.0,71.5,2.6,2.31,1.0,5.0,3.0,8.0,5.0,0.0,ACC,I,VA,"5'11""",4.0,5.0,23.1,2.82,6.2,37.5,33.8,22.5,24.8,2.0,8.0,60.2,39.8,0.0,70.3,73.8,,1.5
261,35,2288,65.4,1827,52.2,27,8,77.1,Vermont Catamounts,Catamounts,Vermont,13.2,14.0,7050.0,5642.0,1408.0,317.0,9.0,20.0,13.9,,False,15.0,69.8,2.6,2.33,1.0,4.0,2.0,10.0,4.0,1.0,America East,I,VT,"5'9""",6.0,6.0,13.3,3.11,13.9,15.9,16.0,54.2,15.8,1.0,7.0,77.0,6.0,17.0,68.3,72.3,74.0,-0.2
264,33,2354,71.3,2045,62.0,22,11,66.7,Washington Huskies,Huskies,Washington,9.3,13.0,6725.0,4568.0,2157.0,495.0,8.0,32.1,21.0,20.0,True,14.0,72.5,3.2,2.64,1.0,4.0,2.0,8.0,5.0,1.0,Big Ten,I,WA,"6'0""",4.0,8.0,14.3,2.82,15.1,25.7,21.0,38.2,24.0,2.0,10.0,80.3,12.5,7.1,70.0,75.0,77.0,2.5
265,34,2161,63.6,2489,73.2,9,25,26.5,Washington State Cougars,Cougars,Washington State,-9.6,11.0,6825.0,4437.0,2388.0,694.0,6.0,35.0,32.1,,False,12.0,72.2,3.5,2.17,1.0,4.0,2.0,7.0,4.0,1.0,WCC,I,WA,"6'0""",5.0,5.0,16.7,2.16,34.7,21.6,36.9,6.8,16.0,1.0,9.0,68.0,25.0,7.0,70.0,74.0,78.0,2.2
269,30,2030,67.7,1891,63.0,18,12,60.0,Marquette Golden Eagles,Golden Eagles,Marquette,4.7,13.0,6049.0,4194.0,1855.0,439.0,8.0,30.7,21.6,,False,15.0,70.8,3.4,3.4,1.0,5.0,9.0,9.0,6.0,0.0,Big East,I,WI,"5'10""",2.0,13.0,60.0,3.66,0.8,0.0,48.8,50.4,63.6,6.0,8.0,76.2,23.8,0.0,69.1,73.0,,0.8
270,32,1939,60.6,2191,68.5,8,24,25.0,Milwaukee Panthers,Panthers,Milwaukee,-7.9,13.0,6475.0,3877.0,2598.0,792.0,8.0,40.1,40.8,,False,15.0,69.9,3.1,2.0,1.0,4.0,4.0,11.0,3.0,1.0,Horizon,I,WI,"5'9""",6.0,5.0,26.7,2.27,26.9,29.9,32.8,10.5,24.9,3.0,10.0,79.6,16.7,3.7,68.7,73.5,74.0,-0.1
275,34,2304,67.8,2445,71.9,16,18,47.1,Wisconsin Badgers,Badgers,Wisconsin,-4.1,15.0,6925.0,4489.0,2436.0,704.0,10.0,35.2,30.6,,False,15.0,70.3,4.6,2.93,1.0,5.0,7.0,11.0,2.0,1.0,Big Ten,I,WI,"5'10""",2.0,9.0,46.7,3.09,2.6,4.6,32.9,44.3,53.9,5.0,9.0,80.2,13.6,6.2,68.4,76.0,,0.3
276,37,2680,72.4,2314,62.5,28,9,75.7,Marshall Thundering Herd,Thundering Herd,Marshall,9.9,12.0,7500.0,4870.0,2630.0,823.0,7.0,35.1,30.7,,False,14.0,,,3.0,1.0,5.0,7.0,9.0,5.0,0.0,Sun Belt,I,WV,,2.0,9.0,50.0,3.34,5.6,20.9,12.7,60.8,39.0,4.0,10.0,69.4,30.6,0.0,,,,
277,35,2672,76.3,2045,58.4,28,7,80.0,West Virginia Mountaineers,Mountaineers,West Virginia,17.9,11.0,7000.0,4927.0,2073.0,570.0,6.0,29.6,21.3,15.0,True,11.0,,,3.27,1.0,5.0,0.0,6.0,5.0,0.0,Big 12,I,WV,,1.0,9.0,0.0,3.68,1.0,4.2,35.0,59.7,0.0,0.0,9.0,57.7,42.3,0.0,,,,
278,33,2076,62.9,2004,60.7,15,18,45.5,Fresno State Bulldogs,Bulldogs,Fresno State,2.2,13.0,6600.0,4507.0,2093.0,575.0,8.0,31.7,27.7,,False,15.0,71.2,2.6,3.07,1.0,5.0,10.0,8.0,7.0,0.0,Mountain West,I,CA,"5'11""",4.0,9.0,66.7,3.45,12.7,18.5,8.6,60.2,71.0,8.0,10.0,52.0,48.0,0.0,69.2,73.8,,1.2
279,30,1968,65.6,2062,68.7,11,19,36.7,Pacific Tigers,Tigers,Pacific,-3.1,14.0,6000.0,3781.0,2219.0,536.0,9.0,37.0,27.2,,False,14.0,71.0,3.1,2.5,1.0,4.0,1.0,10.0,4.0,0.0,WCC,I,CA,"5'11""",3.0,6.0,7.1,2.4,21.2,38.6,19.1,21.1,8.6,1.0,8.0,81.8,18.2,0.0,70.0,73.5,,1.0
282,32,2387,74.6,2679,83.7,10,22,31.2,Indiana State Sycamores,Sycamores,Indiana State,-9.1,13.0,6400.0,4265.0,2135.0,865.0,8.0,33.4,36.2,,False,14.0,70.3,2.9,3.21,2.0,5.0,14.0,9.0,5.0,0.0,MVC,I,IN,"5'10""",0.0,10.0,100.0,3.45,0.0,22.2,24.7,53.2,100.0,8.0,8.0,78.7,21.3,0.0,68.5,73.0,,0.3
284,30,1794,59.8,1946,64.9,12,18,40.0,Stonehill Skyhawks,Skyhawks,Stonehill,-5.1,14.0,6000.0,4138.0,1862.0,469.0,9.0,31.0,26.1,,False,16.0,70.6,2.6,2.62,1.0,5.0,3.0,9.0,4.0,3.0,NEC,I,MA,"5'10""",3.0,8.0,18.8,2.39,20.8,26.2,49.1,3.8,3.8,1.0,10.0,65.1,22.5,12.5,69.0,72.3,73.3,0.6
286,1,50,50.0,111,111.0,False,1,0.0,NC Wesleyan Battling Bishops,Battling Bishops,NC Wesleyan,-61.0,14.0,200.0,113.0,87.0,26.0,9.0,43.5,52.0,,False,,,,,,,,,,,,,,,,,,0.0,0.0,0.0,0.0,0.0,0.0,0.0,10.0,56.0,39.5,0.0,,,,
288,30,1833,61.1,1861,62.0,10,20,33.3,Lipscomb Bisons,Bisons,Lipscomb,-0.9,10.0,6025.0,4181.0,1844.0,394.0,5.0,30.6,21.5,,False,11.0,71.3,2.9,2.09,1.0,4.0,2.0,11.0,0.0,0.0,ASUN,I,TN,"5'11""",5.0,4.0,18.2,2.47,35.1,13.0,21.3,30.5,26.2,2.0,9.0,100.0,0.0,0.0,71.7,,,1.3
290,31,2227,71.8,2009,64.8,23,8,74.2,Georgia Southern Eagles,Eagles,Georgia Southern,7.0,14.0,6275.0,4535.0,1740.0,518.0,9.0,27.7,23.3,,False,15.0,70.1,2.8,3.0,1.0,5.0,11.0,9.0,5.0,1.0,Sun Belt,I,GA,"5'10""",2.0,11.0,73.3,3.48,13.2,10.9,17.5,58.4,77.4,7.0,10.0,79.2,20.6,0.2,68.8,71.6,76.0,0.1
292,35,2315,66.1,2272,64.9,21,14,60.0,UT Rio Grande Valley Vaqueros,Vaqueros,UT Rio Grande Valley,1.2,13.0,7075.0,4919.0,2156.0,573.0,8.0,30.5,24.8,,False,,,,,,,,,,,,,,,,,,0.0,0.0,0.0,0.0,0.0,0.0,0.0,9.0,59.5,40.5,0.0,,,,
294,33,2392,72.5,2251,68.2,24,9,72.7,Jacksonville Dolphins,Dolphins,Jacksonville,4.3,13.0,6675.0,4071.0,2604.0,872.0,8.0,39.0,36.5,,False,14.0,69.4,3.0,2.43,1.0,5.0,8.0,9.0,5.0,0.0,ASUN,I,FL,"5'9""",4.0,6.0,57.1,2.7,24.1,24.4,21.4,30.0,61.9,6.0,10.0,78.7,21.3,0.0,68.3,71.8,,-0.6
295,32,2221,69.4,2191,68.5,18,14,56.2,Old Dominion Monarchs,Monarchs,Old Dominion,0.9,15.0,6525.0,3934.0,2591.0,808.0,10.0,39.7,36.4,,False,15.0,69.7,3.3,3.27,1.0,5.0,12.0,9.0,6.0,0.0,Sun Belt,I,VA,"5'9""",1.0,12.0,80.0,3.65,0.2,7.8,32.9,59.1,91.9,7.0,7.0,74.4,25.6,0.0,67.8,72.7,,-0.3
299,30,1677,55.9,2166,72.2,5,25,16.7,Long Beach State Beach,Beach,Long Beach State,-16.3,11.0,6025.0,4250.0,1775.0,323.0,6.0,29.5,19.3,,False,13.0,70.0,3.8,1.92,1.0,4.0,2.0,7.0,5.0,1.0,Big West,I,CA,"5'10""",4.0,2.0,15.4,2.11,33.7,36.1,15.8,14.4,21.0,2.0,9.0,64.4,31.9,3.7,67.3,74.0,75.0,-0.0
300,33,2340,70.9,1916,58.1,26,7,78.8,UC Irvine Anteaters,Anteaters,UC Irvine,12.8,13.0,6626.0,4730.0,1896.0,565.0,8.0,28.6,24.1,,False,13.0,70.2,3.2,2.23,1.0,4.0,3.0,10.0,3.0,0.0,Big West,I,CA,"5'10""",4.0,5.0,23.1,2.76,13.6,30.1,22.5,33.8,31.0,3.0,9.0,82.1,17.9,0.0,69.0,74.3,,0.2
301,33,1896,57.5,2107,63.8,11,22,33.3,San Diego Toreros,Toreros,San Diego,-6.3,13.0,6600.0,4075.0,2525.0,526.0,8.0,38.3,27.7,,False,15.0,71.1,2.2,2.07,1.0,4.0,4.0,8.0,5.0,0.0,WCC,I,CA,"5'11""",5.0,4.0,26.7,2.16,27.1,49.1,4.9,19.0,40.6,4.0,12.0,64.4,29.3,6.3,70.1,72.8,73.5,1.1
302,34,2333,68.6,2194,64.5,23,11,67.6,UC Davis Aggies,Aggies,UC Davis,4.1,11.0,6900.0,5494.0,1406.0,321.0,6.0,20.4,13.8,,False,13.0,71.2,2.3,2.69,1.0,5.0,4.0,9.0,3.0,1.0,Big West,I,CA,"5'11""",3.0,6.0,30.8,2.83,11.2,35.0,13.2,40.6,18.7,2.0,8.0,68.0,14.9,17.1,70.1,73.0,75.0,1.2
304,30,1969,65.6,1819,60.6,19,11,63.3,Idaho State Bengals,Bengals,Idaho State,5.0,12.0,6025.0,4191.0,1834.0,544.0,7.0,30.4,27.6,,False,15.0,70.5,2.9,2.93,1.0,4.0,7.0,10.0,5.0,0.0,Big Sky,I,ID,"5'10""",3.0,9.0,46.7,0.0,0.0,0.0,0.0,0.0,0.0,0.0,10.0,72.6,27.4,0.0,,,,0.5
305,32,2016,63.0,2313,72.3,8,24,25.0,DePaul Blue Demons,Blue Demons,DePaul,-9.3,14.0,6400.0,3968.0,2432.0,724.0,9.0,38.0,35.9,,False,14.0,69.8,2.8,2.79,1.0,5.0,7.0,10.0,4.0,0.0,Big East,I,IL,"5'9""",3.0,8.0,50.0,2.45,28.7,28.1,23.8,19.3,38.1,4.0,10.0,79.8,20.2,0.0,68.4,74.0,,-0.2
309,31,1818,58.6,2300,74.2,5,26,16.1,Louisiana Ragin' Cajuns,Ragin' Cajuns,Louisiana,-15.6,12.0,6200.0,4296.0,1904.0,376.0,7.0,30.7,20.7,,False,12.0,68.5,3.0,2.83,1.0,5.0,9.0,9.0,3.0,0.0,Sun Belt,I,LA,"5'8""",3.0,9.0,75.0,2.58,26.8,0.0,63.1,10.1,73.2,8.0,11.0,79.5,20.5,0.0,67.1,72.3,,-1.5
311,32,1973,61.7,1919,60.0,19,13,59.4,Maine Black Bears,Black Bears,Maine,1.7,13.0,6400.0,4869.0,1531.0,314.0,8.0,23.9,15.9,,False,14.0,70.1,3.3,2.36,1.0,4.0,3.0,10.0,3.0,1.0,America East,I,ME,"5'10""",6.0,7.0,21.4,2.91,31.2,0.4,14.9,53.5,12.1,2.0,8.0,73.4,20.6,6.0,68.7,72.0,76.0,0.1
314,32,1931,60.3,1908,59.6,20,12,62.5,Iona Gaels,Gaels,Iona,0.7,13.0,6450.0,4636.0,1814.0,410.0,8.0,28.1,21.2,,False,14.0,68.6,3.0,3.21,1.0,5.0,5.0,10.0,4.0,0.0,MAAC,I,NY,"5'8""",2.0,9.0,35.7,3.77,2.2,6.9,41.2,49.6,48.2,4.0,9.0,71.5,28.5,0.0,67.6,71.7,,-1.4
315,29,1492,51.4,2238,77.2,1,28,3.4,Niagara Purple Eagles,Purple Eagles,Niagara,-25.8,11.0,5800.0,3472.0,2328.0,567.0,6.0,40.1,38.0,,False,12.0,69.2,2.9,2.75,1.0,5.0,0.0,7.0,5.0,0.0,MAAC,I,NY,"5'9""",4.0,7.0,0.0,2.79,38.2,8.7,7.5,45.6,0.0,0.0,11.0,56.7,43.3,0.0,67.3,71.6,,-0.8
316,1,46,46.0,65,65.0,False,1,0.0,Dickinson State Blue Hawks,Blue Hawks,Dickinson State,-19.0,15.0,200.0,112.0,88.0,16.0,10.0,44.0,34.8,,False,13.0,69.0,3.5,2.31,1.0,4.0,1.0,10.0,2.0,0.0,Centennial,III,PA,"5'9""",4.0,5.0,7.7,0.0,0.0,0.0,0.0,0.0,0.0,0.0,9.0,64.0,25.5,10.5,,,,-1.0
322,30,1767,58.9,1887,62.9,11,19,36.7,Lafayette Leopards,Leopards,Lafayette,-4.0,12.0,6050.0,4290.0,1760.0,364.0,7.0,29.1,20.6,,False,15.0,71.8,2.5,2.47,1.0,4.0,0.0,8.0,7.0,0.0,Patriot,I,PA,"5'11""",5.0,8.0,0.0,2.24,36.6,16.8,32.6,13.9,0.0,0.0,9.0,79.4,20.6,0.0,70.0,73.4,,1.8
324,32,2338,73.1,2158,67.4,14,18,43.8,Coastal Carolina Chanticleers,Chanticleers,Coastal Carolina,5.7,11.0,6450.0,4368.0,2082.0,580.0,6.0,32.3,24.8,,False,12.0,69.6,2.7,2.92,1.0,5.0,8.0,8.0,4.0,0.0,Sun Belt,I,SC,"5'9""",3.0,8.0,66.7,3.04,28.0,0.0,31.3,40.7,72.0,6.0,9.0,52.9,47.1,0.0,68.6,72.5,,-0.4
325,36,2526,70.2,2172,60.3,26,10,72.2,Cleveland State Vikings,Vikings,Cleveland State,9.9,14.0,7273.0,5046.0,2227.0,526.0,9.0,30.6,20.8,,False,14.0,71.4,3.2,3.36,1.0,5.0,2.0,7.0,5.0,2.0,Horizon,I,OH,"5'11""",2.0,10.0,14.3,3.6,1.6,21.1,30.2,47.0,29.7,2.0,9.0,53.4,29.7,16.9,69.7,72.0,76.0,1.4
326,30,1887,62.9,1986,66.2,11,19,36.7,Texas State Bobcats,Bobcats,Texas State,-3.3,13.0,6000.0,3802.0,2198.0,627.0,8.0,36.6,33.2,,False,13.0,69.7,3.2,2.54,1.0,5.0,9.0,8.0,5.0,0.0,Sun Belt,I,TX,"5'9""",2.0,6.0,69.2,2.27,15.8,54.0,15.6,11.3,63.7,6.0,9.0,61.8,38.2,0.0,68.6,72.4,,-0.3
328,30,1769,59.0,2053,68.4,6,24,20.0,Utah State Aggies,Aggies,Utah State,-9.4,12.0,6025.0,3606.0,2419.0,688.0,7.0,40.1,38.9,,False,13.0,71.9,2.8,2.38,1.0,4.0,2.0,7.0,6.0,0.0,Pac-12,I,UT,"5'11""",4.0,6.0,15.4,0.0,0.0,0.0,0.0,0.0,0.0,0.0,10.0,76.2,23.8,0.0,,,,1.9
330,1,53,53.0,77,77.0,False,1,0.0,Virginia St Trojans,Trojans,Virginia St,-24.0,11.0,200.0,116.0,84.0,14.0,6.0,42.0,26.4,,False,13.0,72.8,3.4,3.46,1.0,5.0,7.0,7.0,6.0,0.0,ACC,I,VA,"6'0""",1.0,10.0,53.8,0.0,0.0,0.0,0.0,0.0,0.0,0.0,10.0,80.5,19.5,0.0,,,,2.8
331,33,2285,69.2,2258,68.4,15,18,45.5,Eastern Washington Eagles,Eagles,Eastern Washington,0.8,13.0,6675.0,5033.0,1642.0,299.0,8.0,24.6,13.1,,False,16.0,71.1,2.5,2.31,1.0,4.0,4.0,10.0,5.0,1.0,Big Sky,I,WA,"5'11""",4.0,6.0,25.0,2.24,21.6,52.6,6.3,19.6,15.9,1.0,7.0,62.5,33.7,3.9,69.4,72.5,76.0,1.1
333,35,2450,70.0,2155,61.6,24,11,68.6,Alabama Crimson Tide,Crimson Tide,Alabama,8.4,15.0,7000.0,4884.0,2116.0,628.0,10.0,30.2,25.6,21.0,True,15.0,72.1,3.3,2.47,1.0,4.0,3.0,10.0,5.0,0.0,SEC,I,AL,"6'0""",4.0,7.0,20.0,3.12,13.9,9.7,27.3,49.1,33.4,3.0,8.0,75.5,24.5,0.0,70.4,75.5,,2.1
338,30,1859,62.0,1847,61.6,13,17,43.3,Kennesaw State Owls,Owls,Kennesaw State,0.4,13.0,6050.0,3758.0,2292.0,617.0,8.0,37.9,33.2,,False,13.0,70.2,4.1,2.77,1.0,5.0,0.0,7.0,5.0,1.0,CUSA,I,GA,"5'10""",2.0,7.0,0.0,2.64,19.1,28.4,35.6,16.9,0.0,0.0,9.0,60.1,38.7,1.2,67.1,72.8,78.0,0.2
339,35,2388,68.2,2650,75.7,10,25,28.6,Evansville Purple Aces,Purple Aces,Evansville,-7.5,13.0,7075.0,4406.0,2669.0,905.0,8.0,37.7,37.9,,False,13.0,70.2,3.2,1.69,1.0,3.0,2.0,10.0,3.0,0.0,MVC,I,IN,"5'10""",5.0,1.0,15.4,1.62,42.9,51.8,5.4,0.0,12.1,2.0,11.0,80.1,19.9,0.0,68.8,74.7,,0.2
344,31,2320,74.8,2081,67.1,18,13,58.1,Mississippi State Bulldogs,Bulldogs,Mississippi State,7.7,13.0,6200.0,4120.0,2080.0,698.0,8.0,33.5,30.1,,False,12.0,72.5,4.0,2.67,1.0,5.0,8.0,6.0,4.0,2.0,SEC,I,MS,"6'0""",3.0,6.0,66.7,2.98,26.1,7.1,16.8,49.1,72.4,7.0,9.0,58.3,40.4,1.3,69.2,74.5,78.5,2.5
349,34,2202,64.8,1901,55.9,26,8,76.5,Army Black Knights,Black Knights,Army,8.9,13.0,6800.0,5077.0,1723.0,467.0,8.0,25.3,21.2,,False,14.0,70.1,2.3,2.21,1.0,4.0,1.0,10.0,4.0,0.0,Patriot,I,NY,"5'10""",4.0,6.0,7.1,2.82,9.8,15.6,57.8,16.8,6.5,1.0,8.0,74.3,25.7,0.0,68.9,73.3,,0.1
350,31,1819,58.7,2103,67.8,7,24,22.6,UNC Wilmington Seahawks,Seahawks,UNC Wilmington,-9.1,13.0,6225.0,4150.0,2075.0,510.0,8.0,33.3,28.0,,False,,,,,,,,,,,,,,,,,,0.0,0.0,0.0,0.0,0.0,0.0,0.0,11.0,63.5,28.9,7.6,,,,
356,34,2602,76.5,2247,66.1,22,12,64.7,Illinois Fighting Illini,Fighting Illini,Illinois,10.4,13.0,6800.0,4961.0,1839.0,583.0,8.0,27.0,22.4,25.0,True,15.0,72.5,3.7,2.07,1.0,5.0,5.0,7.0,6.0,2.0,Big Ten,I,IL,"6'0""",5.0,4.0,33.3,2.03,31.2,35.7,32.8,0.3,40.5,4.0,8.0,57.9,35.1,7.0,69.2,73.6,78.5,2.5
357,29,1642,56.6,1952,67.3,6,23,20.7,Texas A&M-Corpus Christi Islanders,Islanders,Texas A&M-Corpus Christi,-10.7,10.0,5800.0,3828.0,1972.0,668.0,5.0,34.0,40.7,,False,13.0,70.7,3.3,3.38,2.0,5.0,9.0,8.0,3.0,2.0,Southland,I,TX,"5'10""",0.0,10.0,69.2,0.0,0.0,0.0,0.0,0.0,0.0,0.0,9.0,66.7,20.6,12.7,,,,0.7
366,1,39,39.0,84,84.0,False,1,0.0,Ferrum Panthers,Panthers,Ferrum,-45.0,17.0,200.0,82.0,118.0,14.0,12.0,59.0,35.9,,False,22.0,67.7,3.2,2.0,1.0,4.0,2.0,13.0,9.0,0.0,ODAC,III,VA,"5'7""",11.0,6.0,9.1,2.08,45.0,28.5,0.0,26.5,7.0,1.0,12.0,66.5,33.5,0.0,65.8,71.2,,-2.3
387,1,40,40.0,94,94.0,False,1,0.0,Indiana-Southeast Grenadiers,Grenadiers,Indiana-Southeast,-54.0,10.0,200.0,143.0,57.0,12.0,5.0,28.5,30.0,,False,13.0,,,2.23,1.0,4.0,8.0,7.0,6.0,0.0,Big Ten,I,IN,,3.0,4.0,61.5,0.0,0.0,0.0,0.0,0.0,0.0,0.0,8.0,58.5,41.5,0.0,,,,
399,30,1728,57.6,1657,55.2,14,16,46.7,UAlbany Great Danes,Great Danes,UAlbany,2.4,12.0,6100.0,4668.0,1432.0,492.0,7.0,23.5,28.5,,False,12.0,70.4,2.5,2.33,1.0,5.0,4.0,7.0,4.0,1.0,America East,I,NY,"5'10""",5.0,4.0,33.3,0.0,0.0,0.0,0.0,0.0,0.0,0.0,8.0,67.7,19.9,12.4,,,,0.4
402,1,32,32.0,72,72.0,False,1,0.0,Worcester State Lancers,Lancers,Worcester State,-40.0,14.0,200.0,124.0,76.0,2.0,9.0,38.0,6.2,,False,,,,,,,,,,,,,,,,,,0.0,0.0,0.0,0.0,0.0,0.0,0.0,7.0,74.5,5.5,20.0,,,,
408,2,98,49.0,169,84.5,0,2,0.0,Washington Adventist Shock,Shock,Washington Adventist,-35.5,12.0,400.0,252.0,148.0,35.0,7.0,37.0,35.7,,False,14.0,72.5,3.2,2.64,1.0,4.0,2.0,8.0,5.0,1.0,Pac-12,I,WA,"6'0""",4.0,8.0,14.3,0.0,0.0,0.0,0.0,0.0,0.0,0.0,10.0,73.5,26.5,0.0,,,,2.5
411,2,58,29.0,140,70.0,0,2,0.0,Chapman Panthers,Panthers,Chapman,-41.0,13.0,400.0,213.0,187.0,24.0,8.0,46.8,41.4,,False,17.0,67.3,4.3,2.76,1.0,4.0,0.0,9.0,6.0,1.0,SCIAC,III,CA,"5'7""",1.0,11.0,0.0,2.92,7.8,25.5,34.0,32.8,0.0,0.0,11.0,58.8,41.2,0.0,64.7,70.5,,-2.7
418,2,84,42.0,147,73.5,0,2,0.0,Hendrix College Warriors,Warriors,Hendrix College,-31.5,15.0,400.0,241.0,159.0,18.0,10.0,39.8,21.4,,False,16.0,69.4,2.5,2.31,1.0,4.0,1.0,6.0,10.0,0.0,SAA,III,AR,"5'9""",6.0,8.0,6.2,0.0,0.0,0.0,0.0,0.0,0.0,0.0,7.0,54.8,45.2,0.0,,,,-0.6
451,1,65,65.0,126,126.0,False,1,0.0,Converse CONVERSE,CONVERSE,Converse,-61.0,11.0,200.0,154.0,46.0,6.0,6.0,23.0,9.2,,False,15.0,67.4,3.3,2.73,1.0,5.0,9.0,9.0,0.0,2.0,Conference Carolinas,II,SC,"5'7""",5.0,10.0,60.0,2.66,36.0,0.0,26.5,37.5,46.0,3.0,7.0,100.0,0.0,0.0,66.4,,,-2.6
458,1,39,39.0,112,112.0,False,1,0.0,Agnes Scott AGNES SCOTT,AGNES SCOTT,Agnes Scott,-73.0,8.0,200.0,137.0,63.0,10.0,3.0,31.5,25.6,,False,,,,,,,,,,,,,,,,,,0.0,0.0,0.0,0.0,0.0,0.0,0.0,8.0,77.5,22.5,0.0,,,,
463,1,21,21.0,116,116.0,False,1,0.0,Wesleyan College (GA) Wolves,Wolves,Wesleyan College (GA),-95.0,9.0,200.0,131.0,69.0,7.0,4.0,34.5,33.3,,False,,,,,,,,,,,,,,,,,,0.0,0.0,0.0,0.0,0.0,0.0,0.0,9.0,83.0,17.0,0.0,,,,
492,1,52,52.0,84,84.0,False,1,0.0,Bethany (KS) BETHANY (KS),BETHANY (KS),Bethany (KS),-32.0,14.0,200.0,98.0,102.0,26.0,9.0,51.0,50.0,,False,,,,,,,,,,,,,,,,,,0.0,0.0,0.0,0.0,0.0,0.0,0.0,12.0,81.5,18.5,0.0,,,,
495,1,31,31.0,128,128.0,False,1,0.0,Bluefield Ramblin' Rams,Ramblin' Rams,Bluefield,-97.0,14.0,200.0,130.0,70.0,9.0,9.0,35.0,29.0,,False,,,,,,,,,,,,,,,,,,0.0,0.0,0.0,0.0,0.0,0.0,0.0,8.0,75.5,22.0,2.5,,,,
498,1,27,27.0,87,87.0,False,1,0.0,UC Santa Cruz Banana Slugs,Banana Slugs,UC Santa Cruz,-60.0,8.0,200.0,142.0,58.0,4.0,3.0,29.0,14.8,,False,14.0,69.8,3.7,1.93,1.0,4.0,0.0,7.0,4.0,1.0,C2C,III,CA,"5'9""",6.0,4.0,0.0,2.31,27.5,26.0,34.5,12.0,0.0,0.0,8.0,58.0,30.0,12.0,67.8,72.3,77.0,-0.2
499,1,55,55.0,67,67.0,False,1,0.0,Cal State East Bay Pioneers,Pioneers,Cal State East Bay,-12.0,12.0,200.0,132.0,68.0,15.0,7.0,34.0,27.3,,False,,,,,,,,,,,,,,,,,,0.0,0.0,0.0,0.0,0.0,0.0,0.0,8.0,77.0,23.0,0.0,,,,
502,1,28,28.0,68,68.0,False,1,0.0,Calumet St. Joseph Crimson Wave,Crimson Wave,Calumet St. Joseph,-40.0,10.0,200.0,142.0,58.0,5.0,5.0,29.0,17.9,,False,,,,,,,,,,,,,,,,,,0.0,0.0,0.0,0.0,0.0,0.0,0.0,7.0,82.0,18.0,0.0,,,,
509,1,23,23.0,112,112.0,False,1,0.0,Crown Storm,Storm,Crown,-89.0,14.0,200.0,110.0,90.0,6.0,9.0,45.0,26.1,,False,,,,,,,,,,,,,,,,,,0.0,0.0,0.0,0.0,0.0,0.0,0.0,10.0,51.5,38.5,10.0,,,,
511,1,67,67.0,92,92.0,False,1,0.0,Cumberland (KY) Patriots,Patriots,Cumberland (KY),-25.0,13.0,200.0,135.0,65.0,23.0,8.0,32.5,34.3,,False,,,,,,,,,,,,,,,,,,0.0,0.0,0.0,0.0,0.0,0.0,0.0,8.0,40.0,0.0,0.0,,,,
526,32,2028,63.4,1892,59.1,16,16,50.0,Florida Gulf Coast Eagles,Eagles,Florida Gulf Coast,4.3,12.0,6400.0,3987.0,2413.0,778.0,7.0,37.7,38.4,,False,12.0,70.1,2.5,3.08,1.0,5.0,9.0,6.0,6.0,0.0,ASUN,I,FL,"5'10""",1.0,7.0,75.0,3.23,0.0,38.0,13.7,48.4,77.0,9.0,11.0,57.5,42.5,0.0,68.2,72.0,,0.1
534,3,93,31.0,306,102.0,0,3,0.0,Harris-Stowe State Hornets,Hornets,Harris-Stowe State,-71.0,12.0,600.0,453.0,147.0,12.0,7.0,24.5,12.9,,False,,,,,,,,,,,,,,,,,,0.0,0.0,0.0,0.0,0.0,0.0,0.0,10.0,74.8,25.2,0.0,,,,
546,2,62,31.0,179,89.5,0,2,0.0,Judson University Eagles,Eagles,Judson University,-58.5,15.0,400.0,234.0,166.0,20.0,10.0,41.5,32.3,,False,,,,,,,,,,,,,,,,,,0.0,0.0,0.0,0.0,0.0,0.0,0.0,10.0,82.8,17.2,0.0,,,,
548,2,90,45.0,177,88.5,0,2,0.0,LaGrange Panthers,Panthers,LaGrange,-43.5,16.0,400.0,200.0,200.0,43.0,11.0,50.0,47.8,,False,16.0,67.1,3.2,2.44,1.0,4.0,0.0,10.0,5.0,1.0,CCS,III,GA,"5'7""",6.0,8.0,0.0,2.46,33.5,9.2,14.0,38.0,0.0,0.0,13.0,70.8,22.2,7.0,65.7,69.5,72.0,-2.9
561,1,30,30.0,79,79.0,False,1,0.0,Mayville State Comets,Comets,Mayville State,-49.0,9.0,200.0,163.0,37.0,4.0,4.0,18.5,13.3,,False,,,,,,,,,,,,,,,,,,0.0,0.0,0.0,0.0,0.0,0.0,0.0,6.0,67.5,29.5,3.0,,,,
568,1,37,37.0,76,76.0,False,1,0.0,Minot State Beavers,Beavers,Minot State,-39.0,13.0,200.0,132.0,68.0,13.0,8.0,34.0,35.1,,False,,,,,,,,,,,,,,,,,,0.0,0.0,0.0,0.0,0.0,0.0,0.0,7.0,59.5,23.5,17.0,,,,
571,1,34,34.0,102,102.0,False,1,0.0,Morris College Hornets,Hornets,Morris College,-68.0,14.0,200.0,117.0,83.0,6.0,9.0,41.5,17.6,,False,,,,,,,,,,,,,,,,,,0.0,0.0,0.0,0.0,0.0,0.0,0.0,9.0,61.0,24.5,0.0,,,,
589,1,36,36.0,106,106.0,False,1,0.0,Oklahoma Christian University Eagles,Eagles,Oklahoma Christian University,-70.0,12.0,200.0,128.0,72.0,7.0,7.0,36.0,19.4,,False,11.0,72.9,2.6,2.18,1.0,4.0,2.0,4.0,4.0,3.0,Big 12,I,OK,"6'0""",5.0,4.0,18.2,0.0,0.0,0.0,0.0,0.0,0.0,0.0,9.0,57.5,39.0,3.5,,,,2.9
590,1,51,51.0,86,86.0,False,1,0.0,Oklahoma Wesleyan Eagles,Eagles,Oklahoma Wesleyan,-35.0,9.0,200.0,137.0,63.0,14.0,4.0,31.5,27.5,,False,11.0,72.9,2.6,2.18,1.0,4.0,2.0,4.0,4.0,3.0,Big 12,I,OK,"6'0""",5.0,4.0,18.2,0.0,0.0,0.0,0.0,0.0,0.0,0.0,8.0,64.0,36.0,0.0,,,,2.9
613,1,43,43.0,88,88.0,False,1,0.0,South Dakota Mines Hardrockers,Hardrockers,South Dakota Mines,-45.0,14.0,200.0,119.0,81.0,19.0,9.0,40.5,44.2,,False,15.0,69.9,2.3,2.73,1.0,5.0,0.0,9.0,5.0,1.0,RMAC,II,SD,"5'9""",4.0,8.0,0.0,2.72,30.0,10.5,19.5,40.0,0.0,0.0,9.0,63.0,33.0,4.0,68.5,71.4,73.0,-0.1
2000,35,2505,71.6,2115,60.4,24,11,68.6,Abilene Christian Wildcats,Wildcats,Abilene Christian,11.2,13.0,7024.0,5081.0,1943.0,576.0,8.0,27.7,23.0,,False,13.0,70.6,3.5,2.46,1.0,4.0,5.0,8.0,2.0,3.0,WAC,I,TX,"5'10""",4.0,8.0,38.5,3.0,10.8,2.3,62.6,24.3,49.1,4.0,8.0,72.5,17.4,10.1,68.5,72.5,75.0,0.6
2002,1,51,51.0,60,60.0,False,1,0.0,Adelphi Panthers,Panthers,Adelphi,-9.0,10.0,200.0,157.0,43.0,5.0,5.0,21.5,9.8,,False,14.0,68.6,3.1,2.29,1.0,4.0,3.0,10.0,4.0,0.0,NE10,II,NY,"5'8""",4.0,6.0,21.4,2.76,3.0,39.0,36.5,21.5,6.5,0.0,6.0,81.5,18.5,0.0,66.7,72.0,,-1.4
2005,35,2108,60.2,2216,63.3,16,19,45.7,Air Force Falcons,Falcons,Air Force,-3.1,13.0,7025.0,4820.0,2205.0,608.0,8.0,31.4,28.8,,False,15.0,69.4,2.4,2.2,1.0,4.0,6.0,10.0,5.0,0.0,Mountain West,I,CO,"5'9""",6.0,7.0,40.0,2.94,17.1,0.1,54.8,28.0,30.4,2.0,8.0,87.0,13.0,0.0,68.6,74.0,,-0.6
2006,31,2156,69.5,2410,77.7,7,24,22.6,Akron Zips,Zips,Akron,-8.2,13.0,6325.0,3751.0,2574.0,795.0,8.0,40.7,36.9,,False,14.0,,,2.5,1.0,4.0,0.0,12.0,1.0,1.0,MAC,I,OH,,4.0,7.0,0.0,2.28,31.9,28.8,19.0,20.3,0.0,0.0,13.0,83.0,12.4,4.6,,,,
2010,33,2038,61.8,1864,56.5,22,11,66.7,Alabama A&M Bulldogs,Bulldogs,Alabama A&M,5.3,15.0,6625.0,3925.0,2700.0,821.0,10.0,40.8,40.3,,False,15.0,70.1,3.4,3.4,1.0,5.0,0.0,12.0,2.0,1.0,SWAC,I,AL,"5'10""",2.0,11.0,0.0,3.55,18.6,7.1,12.3,62.0,0.0,0.0,11.0,80.4,10.2,9.4,68.9,73.5,77.0,0.1
2011,32,1934,60.4,2121,66.3,17,15,53.1,Alabama State Lady Hornets,Lady Hornets,Alabama State,-5.9,16.0,6425.0,3530.0,2895.0,916.0,11.0,45.1,47.4,,False,16.0,69.6,3.2,3.06,1.0,5.0,0.0,8.0,8.0,0.0,SWAC,I,AL,"5'9""",3.0,12.0,0.0,3.0,15.9,9.0,46.0,29.0,0.0,0.0,10.0,59.0,41.0,0.0,67.5,71.6,,-0.4
2013,1,72,72.0,84,84.0,False,1,0.0,Albany State Golden Rams,Golden Rams,Albany State,-12.0,12.0,200.0,136.0,64.0,14.0,7.0,32.0,19.4,,False,12.0,70.4,2.5,2.33,1.0,5.0,4.0,7.0,4.0,1.0,America East,I,NY,"5'10""",5.0,4.0,33.3,0.0,0.0,0.0,0.0,0.0,0.0,0.0,9.0,41.5,46.0,12.5,,,,0.4
2016,31,1783,57.5,1868,60.3,17,14,54.8,Alcorn State Lady Braves,Lady Braves,Alcorn State,-2.8,16.0,6250.0,3962.0,2288.0,566.0,11.0,36.6,31.3,,False,15.0,69.9,2.9,3.07,1.0,5.0,0.0,10.0,4.0,1.0,SWAC,I,MS,"5'9""",3.0,10.0,0.0,3.73,5.6,8.1,26.9,59.4,0.0,0.0,9.0,73.6,19.1,7.3,68.8,72.5,74.0,-0.1
2019,1,62,62.0,83,83.0,False,1,0.0,Allen Yellow Jackets,Yellow Jackets,Allen,-21.0,11.0,200.0,137.0,63.0,20.0,6.0,31.5,32.3,,False,15.0,68.6,3.1,3.0,1.0,5.0,0.0,8.0,5.0,1.0,SIAC,II,SC,"5'8""",1.0,10.0,0.0,2.42,2.5,38.5,26.0,20.5,0.0,0.0,8.0,61.5,38.5,0.0,66.7,73.0,,-1.4
2023,1,58,58.0,94,94.0,False,1,0.0,Anderson (IN) Ravens,Ravens,Anderson (IN),-36.0,16.0,200.0,105.0,95.0,14.0,11.0,47.5,24.1,,False,16.0,67.8,2.6,2.5,1.0,4.0,0.0,12.0,1.0,3.0,HCAC,III,IN,"5'7""",6.0,8.0,0.0,2.86,25.5,12.0,14.0,48.5,0.0,0.0,10.0,78.0,3.0,19.0,66.7,68.0,72.0,-2.2
2026,30,1879,62.6,1845,61.5,11,19,36.7,App State Mountaineers,Mountaineers,App State,1.1,12.0,6025.0,3830.0,2195.0,702.0,7.0,36.4,37.4,,False,,,,,,,,,,,,,,,,,,0.0,0.0,0.0,0.0,0.0,0.0,0.0,9.0,68.6,31.4,0.0,,,,
2027,3,168,56.0,269,89.7,0,3,0.0,Arkansas Baptist Buffaloes,Buffaloes,Arkansas Baptist,-33.7,14.0,600.0,414.0,186.0,44.0,9.0,31.0,26.2,,False,13.0,71.4,3.1,2.46,1.0,4.0,3.0,8.0,3.0,2.0,SEC,I,AR,"5'11""",3.0,7.0,23.1,0.0,0.0,0.0,0.0,0.0,0.0,0.0,9.0,76.5,23.5,0.0,,,,1.4
2029,31,1894,61.1,2118,68.3,15,16,48.4,Arkansas-Pine Bluff Golden Lions,Golden Lions,Arkansas-Pine Bluff,-7.2,14.0,6225.0,4537.0,1688.0,437.0,9.0,27.1,23.1,,False,14.0,70.3,2.9,2.36,1.0,4.0,0.0,8.0,5.0,1.0,SWAC,I,AR,"5'10""",5.0,7.0,0.0,2.74,17.1,7.1,59.6,16.0,0.0,0.0,9.0,63.3,23.4,13.3,68.0,73.0,74.0,0.3
2031,31,1891,61.0,1950,62.9,15,16,48.4,Little Rock Trojans,Trojans,Little Rock,-1.9,14.0,6200.0,4414.0,1786.0,364.0,9.0,28.8,19.2,,False,,,,,,,,,,,,,,,,,,0.0,0.0,0.0,0.0,0.0,0.0,0.0,9.0,67.1,32.9,0.0,,,,
2032,37,2826,76.4,2450,66.2,27,10,73.0,Arkansas State Red Wolves,Red Wolves,Arkansas State,10.2,12.0,7450.0,4109.0,3341.0,1198.0,7.0,44.8,42.4,,False,13.0,71.4,3.1,2.46,1.0,4.0,3.0,8.0,3.0,2.0,SEC,I,AR,"5'11""",3.0,7.0,23.1,0.0,0.0,0.0,0.0,0.0,0.0,0.0,10.0,91.6,2.0,6.4,,,,1.4
2040,2,96,48.0,136,68.0,0,2,0.0,Auburn Montgomery Senators,Senators,Auburn Montgomery,-20.0,12.0,400.0,237.0,163.0,32.0,7.0,40.8,33.3,,False,13.0,71.7,4.2,2.54,1.0,4.0,7.0,9.0,3.0,1.0,SEC,I,AL,"5'11""",3.0,7.0,53.8,0.0,0.0,0.0,0.0,0.0,0.0,0.0,12.0,48.8,45.0,6.2,,,,1.7
2046,33,2177,66.0,1936,58.7,19,14,57.6,Austin Peay Governors,Governors,Austin Peay,7.3,12.0,6625.0,4228.0,2397.0,733.0,7.0,36.2,33.7,,False,12.0,69.9,3.2,3.0,1.0,5.0,8.0,8.0,4.0,0.0,ASUN,I,TN,"5'9""",3.0,8.0,66.7,2.96,24.3,14.6,24.3,36.8,61.1,6.0,9.0,82.6,17.4,0.0,68.2,73.2,,-0.1
2047,1,48,48.0,111,111.0,False,1,0.0,Averett Cougars,Cougars,Averett,-63.0,13.0,200.0,100.0,100.0,22.0,8.0,50.0,45.8,,False,16.0,66.6,2.4,2.31,1.0,4.0,0.0,12.0,4.0,0.0,ODAC,III,VA,"5'6""",6.0,7.0,0.0,2.3,40.5,16.5,15.5,27.5,0.0,0.0,12.0,69.5,30.5,0.0,66.1,67.2,,-3.4
2050,33,2597,78.7,2178,66.0,26,7,78.8,Ball State Cardinals,Cardinals,Ball State,12.7,13.0,6600.0,4498.0,2102.0,588.0,8.0,31.8,22.6,,False,13.0,71.0,3.5,2.08,1.0,4.0,3.0,0.0,0.0,0.0,MAC,I,IN,"5'11""",6.0,5.0,23.1,2.31,36.8,20.0,18.4,24.8,39.6,3.0,9.0,57.6,31.2,11.2,69.5,74.0,77.0,1.0
2054,1,62,62.0,81,81.0,False,1,0.0,Barton Bulldogs,Bulldogs,Barton,-19.0,12.0,200.0,120.0,80.0,14.0,7.0,40.0,22.6,,False,14.0,67.7,2.6,2.29,1.0,4.0,0.0,10.0,4.0,0.0,Conference Carolinas,II,NC,"5'7""",4.0,5.0,0.0,2.44,19.5,44.0,9.0,27.5,0.0,0.0,10.0,66.5,33.5,0.0,67.1,70.8,,-2.3
2057,32,2271,71.0,2136,66.8,20,12,62.5,Belmont Bruins,Bruins,Belmont,4.2,12.0,6475.0,4506.0,1969.0,705.0,7.0,30.4,31.0,,False,15.0,70.7,2.7,2.47,1.0,5.0,4.0,11.0,3.0,1.0,MVC,I,TN,"5'10""",5.0,7.0,26.7,3.18,4.8,35.7,26.8,32.6,30.2,4.0,10.0,78.6,11.9,9.5,69.2,73.5,75.0,0.7
2065,33,1842,55.8,2214,67.1,7,26,21.2,Bethune-Cookman Wildcats,Wildcats,Bethune-Cookman,-11.3,15.0,6625.0,3813.0,2812.0,771.0,10.0,42.4,41.9,,False,15.0,69.8,3.2,2.93,1.0,5.0,8.0,9.0,6.0,0.0,SWAC,I,FL,"5'9""",3.0,9.0,53.3,3.39,4.5,21.2,23.2,51.1,59.8,8.0,12.0,63.4,36.6,0.0,67.9,72.7,,-0.2
2066,33,2153,65.2,2040,61.8,20,13,60.6,Binghamton Bearcats,Bearcats,Binghamton,3.4,11.0,6675.0,4597.0,2078.0,522.0,6.0,31.1,24.2,,False,14.0,70.2,3.7,2.21,1.0,4.0,0.0,10.0,3.0,1.0,America East,I,NY,"5'10""",6.0,7.0,0.0,2.85,20.5,0.0,53.1,26.4,0.0,0.0,8.0,82.1,17.9,0.0,68.8,74.0,,0.2
2071,2,103,51.5,175,87.5,0,2,0.0,Bloomsburg Huskies,Huskies,Bloomsburg,-36.0,13.0,400.0,233.0,167.0,45.0,8.0,41.8,43.7,,False,17.0,68.9,2.2,2.29,1.0,4.0,0.0,12.0,5.0,0.0,PSAC,II,PA,"5'8""",5.0,7.0,0.0,2.67,15.8,24.2,37.2,22.8,0.0,0.0,10.0,80.0,20.0,0.0,68.0,71.0,,-1.1
2077,2,81,40.5,141,70.5,0,2,0.0,Brewton Parker Wildcats,Wildcats,Brewton Parker,-30.0,12.0,400.0,281.0,119.0,20.0,7.0,29.8,24.7,,False,,,,,,,,,,,,,,,,,,0.0,0.0,0.0,0.0,0.0,0.0,0.0,8.0,52.8,22.8,24.5,,,,
2083,30,1582,52.7,1707,56.9,11,19,36.7,Bucknell Bison,Bison,Bucknell,-4.2,13.0,6025.0,4057.0,1968.0,495.0,8.0,32.7,31.3,,False,13.0,70.6,3.0,2.0,1.0,4.0,3.0,8.0,5.0,0.0,Patriot,I,PA,"5'10""",4.0,3.0,23.1,2.2,21.1,43.5,30.0,5.3,35.3,3.0,11.0,67.5,32.5,0.0,69.3,73.7,,0.6
2084,30,1760,58.7,2155,71.8,3,27,10.0,Buffalo Bulls,Bulls,Buffalo,-13.1,12.0,6000.0,3724.0,2276.0,546.0,7.0,37.9,31.0,,False,14.0,70.3,3.4,2.43,1.0,5.0,7.0,9.0,4.0,1.0,MAC,I,NY,"5'10""",6.0,6.0,50.0,2.14,54.7,5.8,20.6,18.9,31.5,5.0,11.0,72.6,25.5,1.9,67.8,73.7,77.0,0.3
2086,31,1927,62.2,2014,65.0,12,19,38.7,Butler Bulldogs,Bulldogs,Butler,-2.8,11.0,6225.0,3983.0,2242.0,682.0,6.0,36.0,35.4,,False,12.0,72.2,2.9,2.17,1.0,4.0,8.0,7.0,5.0,0.0,Big East,I,IN,"6'0""",3.0,4.0,66.7,2.22,15.0,51.1,30.4,3.5,70.8,6.0,9.0,69.2,30.8,0.0,70.3,75.0,,2.2
2094,1,47,47.0,64,64.0,False,1,0.0,Cal Lutheran Kingsmen,Kingsmen,Cal Lutheran,-17.0,16.0,200.0,139.0,61.0,5.0,11.0,30.5,10.6,,False,20.0,68.4,3.6,2.25,1.0,4.0,1.0,9.0,6.0,2.0,SCIAC,III,CA,"5'8""",7.0,9.0,5.0,2.64,13.5,29.0,38.0,19.5,0.5,0.0,6.0,61.0,29.5,9.5,65.6,73.0,72.5,-1.6
2097,32,1933,60.4,1780,55.6,20,12,62.5,Campbell Fighting Camels,Fighting Camels,Campbell,4.8,13.0,6448.0,4570.0,1878.0,412.0,8.0,29.1,21.3,,False,14.0,69.9,3.8,2.36,1.0,4.0,0.0,11.0,3.0,0.0,Big South,I,NC,"5'9""",3.0,6.0,0.0,2.23,22.8,45.8,17.0,14.5,0.0,0.0,8.0,90.1,9.9,0.0,68.8,74.7,,-0.1
2099,29,1592,54.9,1980,68.3,5,24,17.2,Canisius Golden Griffins,Golden Griffins,Canisius,-13.4,14.0,5875.0,3703.0,2172.0,449.0,9.0,37.0,28.2,,False,15.0,69.7,3.2,2.33,1.0,4.0,0.0,10.0,4.0,1.0,MAAC,I,NY,"5'9""",3.0,7.0,0.0,2.61,4.3,44.6,37.2,13.9,0.0,0.0,9.0,55.0,42.0,3.0,67.9,72.0,77.0,-0.3
2102,1,55,55.0,53,53.0,True,0,100.0,Carnegie Mellon Tartans,Tartans,Carnegie Mellon,2.0,12.0,200.0,133.0,67.0,23.0,7.0,33.5,41.8,,False,17.0,70.5,2.6,2.29,1.0,4.0,0.0,10.0,6.0,1.0,UAA,III,PA,"5'10""",7.0,7.0,0.0,2.57,35.0,17.0,4.0,44.0,0.0,0.0,8.0,60.0,40.0,0.0,68.4,71.8,,0.5
2104,1,41,41.0,93,93.0,False,1,0.0,Carroll (MT) Fighting Saints,Fighting Saints,Carroll (MT),-52.0,13.0,200.0,104.0,96.0,16.0,8.0,48.0,39.0,,False,,,,,,,,,,,,,,,,,,0.0,0.0,0.0,0.0,0.0,0.0,0.0,10.0,68.0,32.0,0.0,,,,
2109,1,49,49.0,88,88.0,False,1,0.0,Cedarville Yellow Jackets,Yellow Jackets,Cedarville,-39.0,12.0,200.0,117.0,83.0,14.0,7.0,41.5,28.6,,False,14.0,69.9,2.9,2.14,1.0,4.0,0.0,8.0,5.0,1.0,G-MAC,II,OH,"5'9""",3.0,4.0,0.0,2.4,3.5,63.5,22.5,10.5,0.0,0.0,9.0,67.5,26.0,6.5,69.0,71.5,75.0,-0.1
2110,32,2214,69.2,1837,57.4,21,11,65.6,Central Arkansas Sugar Bears,Sugar Bears,Central Arkansas,11.8,14.0,6450.0,4225.0,2225.0,549.0,9.0,34.5,24.8,,False,14.0,68.9,2.8,2.57,1.0,5.0,2.0,9.0,5.0,0.0,ASUN,I,AR,"5'8""",4.0,7.0,14.3,3.32,5.2,22.9,35.0,36.9,23.5,2.0,8.0,65.8,34.2,0.0,67.3,71.8,,-1.1
2113,1,49,49.0,105,105.0,False,1,0.0,Centenary (LA) Gentlemen,Gentlemen,Centenary (LA),-56.0,16.0,200.0,113.0,87.0,21.0,11.0,43.5,42.9,,False,18.0,67.2,3.2,2.39,1.0,4.0,0.0,10.0,8.0,0.0,SCAC,III,LA,"5'7""",4.0,6.0,0.0,2.66,19.0,36.5,4.0,40.5,0.0,0.0,9.0,56.0,44.0,0.0,65.3,69.5,,-2.8
2115,29,1559,53.8,2090,72.1,2,27,6.9,Central Connecticut Blue Devils,Blue Devils,Central Connecticut,-18.3,13.0,5800.0,4077.0,1723.0,332.0,8.0,29.7,21.3,,False,13.0,69.5,3.1,2.0,1.0,4.0,1.0,8.0,5.0,0.0,NEC,I,CT,"5'9""",7.0,4.0,7.7,2.44,38.1,16.0,9.7,36.2,4.4,0.0,8.0,52.6,47.4,0.0,67.6,72.6,,-0.5
2116,30,1888,62.9,2016,67.2,11,19,36.7,UCF Knights,Knights,UCF,-4.3,14.0,6051.0,3699.0,2352.0,808.0,9.0,38.9,42.8,,False,,,,,,,,,,,,,,,,,,0.0,0.0,0.0,0.0,0.0,0.0,0.0,10.0,48.9,32.3,18.8,,,,
2117,30,2109,70.3,1990,66.3,18,12,60.0,Central Michigan Chippewas,Chippewas,Central Michigan,4.0,11.0,6025.0,3754.0,2271.0,542.0,6.0,37.7,25.7,,False,13.0,70.6,3.3,2.69,1.0,4.0,6.0,6.0,5.0,2.0,MAC,I,MI,"5'10""",2.0,7.0,46.2,2.64,19.3,36.9,3.9,39.9,30.8,3.0,10.0,54.8,41.3,3.9,67.6,72.0,75.0,0.6
2123,2,85,42.5,189,94.5,0,2,0.0,Chadron State Eagles,Eagles,Chadron State,-52.0,14.0,400.0,199.0,201.0,31.0,9.0,50.2,36.5,,False,,,,,,,,,,,,,,,,,,0.0,0.0,0.0,0.0,0.0,0.0,0.0,11.0,74.8,25.2,0.0,,,,
2127,30,1844,61.5,2184,72.8,8,22,26.7,Charleston Southern Buccaneers,Buccaneers,Charleston Southern,-11.3,12.0,6025.0,3776.0,2249.0,440.0,7.0,37.3,23.9,,False,14.0,69.9,3.1,3.0,1.0,5.0,8.0,12.0,1.0,1.0,Big South,I,SC,"5'9""",2.0,10.0,57.1,2.53,14.8,13.9,56.3,9.1,63.4,6.0,12.0,90.4,0.0,9.6,68.7,,74.0,-0.1
2129,2,90,45.0,192,96.0,0,2,0.0,Cheyney (PA) Wolves,Wolves,Cheyney (PA),-51.0,15.0,400.0,246.0,154.0,21.0,10.0,38.5,23.3,,False,,,,,,,,,,,,,,,,,,0.0,0.0,0.0,0.0,0.0,0.0,0.0,10.0,82.2,17.8,0.0,,,,
2130,32,1993,62.3,2392,74.8,9,23,28.1,Chicago State Cougars,Cougars,Chicago State,-12.5,14.0,6401.0,3686.0,2715.0,913.0,9.0,42.4,45.8,,False,15.0,69.5,3.2,2.0,1.0,4.0,0.0,10.0,3.0,2.0,NEC,I,IL,"5'9""",4.0,3.0,0.0,2.11,6.0,68.4,10.2,9.4,0.0,0.0,12.0,75.8,15.1,9.2,68.0,72.0,73.5,-0.5
2132,31,2170,70.0,2274,73.4,11,20,35.5,Cincinnati Bearcats,Bearcats,Cincinnati,-3.4,13.0,6250.0,4053.0,2197.0,561.0,8.0,35.2,25.9,,False,13.0,72.5,3.6,2.08,1.0,4.0,3.0,6.0,4.0,3.0,AAC,I,OH,"6'0""",6.0,5.0,23.1,2.31,41.8,9.2,25.5,23.6,28.4,2.0,10.0,59.2,27.4,13.4,69.7,73.5,77.0,2.5
2133,1,31,31.0,69,69.0,False,1,0.0,Claflin Panthers,Panthers,Claflin,-38.0,11.0,200.0,117.0,83.0,17.0,6.0,41.5,54.8,,False,16.0,68.5,3.0,2.56,1.0,4.0,0.0,10.0,6.0,0.0,CIAA,II,SC,"5'8""",4.0,9.0,0.0,2.97,2.0,31.0,35.0,32.0,0.0,0.0,10.0,74.0,26.0,0.0,66.5,72.7,,-1.5
2142,31,1644,53.0,1984,64.0,7,24,22.6,Colgate Raiders,Raiders,Colgate,-11.0,15.0,6300.0,4023.0,2277.0,654.0,10.0,36.1,39.9,,False,15.0,70.1,2.6,2.93,1.0,4.0,0.0,12.0,3.0,0.0,Patriot,I,NY,"5'10""",2.0,10.0,0.0,3.24,3.4,2.1,33.8,53.8,0.0,0.0,10.0,92.1,7.9,0.0,69.3,73.7,,0.1
2148,1,48,48.0,100,100.0,False,1,0.0,Concord Mountain Lions,Mountain Lions,Concord,-52.0,15.0,200.0,95.0,105.0,33.0,10.0,52.5,68.8,,False,22.0,68.5,3.6,2.32,1.0,4.0,10.0,17.0,5.0,0.0,MEC,II,WV,"5'8""",8.0,10.0,45.5,2.17,40.0,23.0,16.5,20.5,38.5,5.0,12.0,80.0,20.0,0.0,68.6,72.7,,-1.5
2152,1,60,60.0,84,84.0,False,1,0.0,Concordia (MN) Cobbers,Cobbers,Concordia (MN),-24.0,14.0,200.0,115.0,85.0,20.0,9.0,42.5,33.3,,False,22.0,68.5,3.6,2.32,1.0,4.0,10.0,17.0,5.0,0.0,MEC,II,WV,"5'8""",8.0,10.0,45.5,0.0,0.0,0.0,0.0,0.0,0.0,0.0,8.0,56.0,33.0,11.0,,,,-1.5
2153,1,57,57.0,77,77.0,False,1,0.0,Concordia (TX) Tornados,Tornados,Concordia (TX),-20.0,10.0,200.0,143.0,57.0,9.0,5.0,28.5,15.8,,False,18.0,68.1,3.0,2.56,1.0,4.0,0.0,10.0,6.0,0.0,ASC,III,TX,"5'8""",2.0,7.0,0.0,2.18,0.0,42.5,33.0,8.5,0.0,0.0,8.0,51.5,28.5,20.0,65.8,68.7,73.0,-1.9
2154,33,1928,58.4,2212,67.0,10,23,30.3,Coppin State Eagles,Eagles,Coppin State,-8.6,13.0,6625.0,4622.0,2003.0,540.0,8.0,30.2,28.0,,False,15.0,70.4,2.6,2.53,1.0,4.0,9.0,10.0,4.0,1.0,MEAC,I,MD,"5'10""",5.0,7.0,60.0,3.35,7.3,15.0,13.4,64.4,88.9,8.0,9.0,69.0,23.3,7.7,68.9,72.3,74.0,0.4
2157,1,41,41.0,135,135.0,False,1,0.0,Covenant Fighting Scots,Fighting Scots,Covenant,-94.0,13.0,200.0,139.0,61.0,4.0,8.0,30.5,9.8,,False,14.0,66.2,3.1,2.0,1.0,4.0,0.0,10.0,4.0,0.0,CCS,III,GA,"5'6""",7.0,5.0,0.0,2.54,29.5,15.0,27.5,28.0,0.0,0.0,8.0,67.5,32.5,0.0,64.9,69.2,,-3.8
2163,1,38,38.0,110,110.0,False,1,0.0,Dallas Crusaders,Crusaders,Dallas,-72.0,12.0,200.0,113.0,87.0,18.0,7.0,43.5,47.4,,False,14.0,68.4,2.8,1.71,1.0,3.0,0.0,11.0,2.0,0.0,SCAC,III,TX,"5'8""",6.0,2.0,0.0,1.94,31.5,43.5,25.0,0.0,0.0,0.0,12.0,78.5,21.5,0.0,67.6,71.5,,-1.6
2166,33,2158,65.4,1916,58.1,21,12,63.6,Davidson Wildcats,Wildcats,Davidson,7.3,15.0,6699.0,4367.0,2332.0,678.0,10.0,34.8,31.4,,False,15.0,70.9,3.1,2.2,1.0,4.0,1.0,10.0,4.0,1.0,Atlantic 10,I,NC,"5'10""",3.0,5.0,6.7,2.36,20.0,40.6,22.9,16.5,5.8,1.0,10.0,75.7,17.8,6.6,69.3,73.2,75.0,0.9
2167,2,77,38.5,222,111.0,0,2,0.0,Davis & Elkins Senators,Senators,Davis & Elkins,-72.5,16.0,400.0,212.0,188.0,38.0,11.0,47.0,49.4,,False,18.0,68.7,3.4,1.72,1.0,4.0,0.0,11.0,5.0,2.0,MEC,II,WV,"5'8""",9.0,3.0,0.0,1.84,38.0,44.2,13.5,4.2,0.0,0.0,11.0,69.2,27.0,3.8,66.4,70.8,74.5,-1.3
2168,31,2076,67.0,2094,67.5,17,14,54.8,Dayton Flyers,Flyers,Dayton,-0.5,13.0,6225.0,3998.0,2227.0,604.0,8.0,35.8,29.1,,False,13.0,71.5,2.9,3.08,1.0,5.0,7.0,10.0,2.0,1.0,Atlantic 10,I,OH,"5'11""",1.0,8.0,53.8,3.32,3.6,23.6,30.4,42.3,59.2,7.0,11.0,76.2,13.9,9.9,70.7,74.0,75.0,1.5
2169,30,1656,55.2,1929,64.3,7,23,23.3,Delaware State Hornets,Hornets,Delaware State,-9.1,15.0,6000.0,3339.0,2661.0,658.0,10.0,44.4,39.7,,False,15.0,69.3,3.4,2.73,1.0,5.0,0.0,6.0,6.0,0.0,MEAC,I,DE,"5'9""",5.0,9.0,0.0,2.92,29.5,9.7,22.4,38.4,0.0,0.0,12.0,63.4,36.6,0.0,67.0,72.7,,-0.7
2170,1,76,76.0,68,68.0,True,0,100.0,Delta State Statesmen,Statesmen,Delta State,8.0,11.0,200.0,135.0,65.0,12.0,6.0,32.5,15.8,,False,,,,,,,,,,,,,,,,,,0.0,0.0,0.0,0.0,0.0,0.0,0.0,9.0,76.0,24.0,0.0,,,,
2172,30,1816,60.5,2003,66.8,11,19,36.7,Denver Pioneers,Pioneers,Denver,-6.3,14.0,6025.0,3976.0,2049.0,392.0,9.0,34.0,21.6,,False,14.0,70.9,3.2,2.14,1.0,4.0,0.0,7.0,4.0,3.0,Summit League,I,CO,"5'10""",4.0,5.0,0.0,2.25,17.0,46.2,30.6,5.9,0.0,0.0,10.0,63.6,17.8,18.6,68.2,72.8,73.7,0.9
2174,31,1947,62.8,2266,73.1,7,24,22.6,Detroit Mercy Titans,Titans,Detroit Mercy,-10.3,14.0,6200.0,3949.0,2251.0,649.0,9.0,36.3,33.3,,False,15.0,69.7,3.7,3.07,1.0,5.0,5.0,10.0,4.0,1.0,Horizon,I,MI,"5'9""",3.0,9.0,33.3,3.69,6.3,20.4,16.3,57.1,33.6,3.0,10.0,65.5,29.1,5.4,68.0,71.7,75.0,-0.3
2176,2,110,55.0,197,98.5,0,2,0.0,Dillard Blue Devils,Blue Devils,Dillard,-43.5,6.0,400.0,357.0,43.0,12.0,1.0,10.8,10.9,,False,,,,,,,,,,,,,,,,,,0.0,0.0,0.0,0.0,0.0,0.0,0.0,6.0,48.5,51.5,0.0,,,,
2177,2,86,43.0,171,85.5,0,2,0.0,District of Columbia DISTRICT OF COLUMBIA,DISTRICT OF COLUMBIA,District of Columbia,-42.5,7.0,400.0,309.0,91.0,26.0,2.0,22.8,30.2,,False,15.0,,,2.33,1.0,4.0,3.0,10.0,5.0,0.0,Ivy League,I,NY,,4.0,7.0,20.0,0.0,0.0,0.0,0.0,0.0,0.0,0.0,7.0,68.8,31.2,0.0,,,,
2181,32,2279,71.2,2374,74.2,12,20,37.5,Drake Bulldogs,Bulldogs,Drake,-3.0,11.0,6400.0,4079.0,2321.0,668.0,6.0,36.3,29.3,,False,13.0,70.5,3.0,2.31,1.0,4.0,0.0,10.0,3.0,0.0,MVC,I,IA,"5'10""",4.0,5.0,0.0,2.54,20.5,36.2,11.9,31.4,0.0,0.0,9.0,79.8,20.2,0.0,69.8,74.7,,0.5
2182,32,2037,63.7,1834,57.3,21,11,65.6,Drexel Dragons,Dragons,Drexel,6.4,12.0,6525.0,4705.0,1820.0,406.0,7.0,27.9,19.9,,False,12.0,70.0,2.6,2.83,1.0,5.0,4.0,8.0,4.0,0.0,CAA,I,PA,"5'10""",2.0,7.0,33.3,3.07,15.0,15.5,34.7,34.8,39.7,4.0,9.0,81.3,18.7,0.0,68.8,72.3,,-0.0
2184,31,1978,63.8,2017,65.1,12,19,38.7,Duquesne Dukes,Dukes,Duquesne,-1.3,12.0,6250.0,3991.0,2259.0,654.0,7.0,36.1,33.1,,False,14.0,71.3,4.1,2.0,1.0,3.0,4.0,11.0,2.0,1.0,Atlantic 10,I,PA,"5'11""",3.0,3.0,28.6,1.92,24.4,59.4,16.2,0.0,28.0,2.0,9.0,80.2,15.3,4.5,69.6,76.0,76.0,1.3
2193,31,1770,57.1,1752,56.5,18,13,58.1,East Tennessee State Bucs,Bucs,East Tennessee State,0.6,14.0,6277.0,3992.0,2285.0,524.0,9.0,36.4,29.6,,False,14.0,69.6,2.7,2.5,1.0,5.0,0.0,11.0,2.0,1.0,SoCon,I,TN,"5'9""",4.0,6.0,0.0,2.78,14.8,39.4,13.5,32.3,0.0,0.0,10.0,80.2,17.1,2.7,68.5,74.0,74.0,-0.4
2197,31,1764,56.9,2228,71.9,4,27,12.9,Eastern Illinois Panthers,Panthers,Eastern Illinois,-15.0,14.0,6275.0,4116.0,2159.0,586.0,9.0,34.4,33.2,,False,15.0,71.1,4.3,2.67,1.0,5.0,7.0,8.0,5.0,2.0,OVC,I,IL,"5'11""",2.0,9.0,46.7,3.05,2.6,16.0,62.0,19.4,71.5,7.0,11.0,57.0,28.5,14.5,68.0,72.6,79.0,1.1
2198,34,2429,71.4,2013,59.2,25,9,73.5,Eastern Kentucky Colonels,Colonels,Eastern Kentucky,12.2,11.0,6800.0,4966.0,1834.0,745.0,6.0,27.0,30.7,,False,12.0,69.7,3.3,3.08,1.0,5.0,0.0,8.0,4.0,0.0,ASUN,I,KY,"5'9""",2.0,8.0,0.0,3.28,16.1,20.3,12.3,51.3,0.0,0.0,7.0,67.0,33.0,0.0,67.4,73.2,,-0.3
2199,29,1954,67.4,1963,67.7,13,16,44.8,Eastern Michigan Eagles,Eagles,Eastern Michigan,-0.3,14.0,5825.0,4782.0,1043.0,269.0,9.0,17.9,13.8,,False,15.0,69.8,3.3,2.4,1.0,5.0,8.0,0.0,1.0,0.0,MAC,I,MI,"5'9""",6.0,7.0,53.3,2.94,30.3,1.2,15.1,53.4,69.6,4.0,6.0,71.1,25.4,3.5,67.7,74.3,,-0.2
2201,1,48,48.0,52,52.0,False,1,0.0,Eastern New Mexico Greyhounds,Greyhounds,Eastern New Mexico,-4.0,11.0,225.0,149.0,76.0,17.0,6.0,33.8,35.4,,False,20.0,66.1,2.3,2.35,1.0,4.0,0.0,16.0,4.0,0.0,MAC Commonwealth,III,PA,"5'6""",9.0,9.0,0.0,0.0,0.0,0.0,0.0,0.0,0.0,0.0,9.0,50.2,49.8,0.0,,,,-3.9
2202,1,51,51.0,59,59.0,False,1,0.0,Eastern Oregon Mountaineers,Mountaineers,Eastern Oregon,-8.0,11.0,200.0,124.0,76.0,15.0,6.0,38.0,29.4,,False,20.0,66.1,2.3,2.35,1.0,4.0,0.0,16.0,4.0,0.0,MAC Commonwealth,III,PA,"5'6""",9.0,9.0,0.0,0.0,0.0,0.0,0.0,0.0,0.0,0.0,10.0,65.0,35.0,0.0,,,,-3.9
2206,2,102,51.0,111,55.5,1,1,50.0,Edward Waters Tigers,Tigers,Edward Waters,-4.5,13.0,400.0,254.0,146.0,39.0,8.0,36.5,38.2,,False,17.0,69.2,3.2,3.47,3.0,5.0,16.0,8.0,8.0,1.0,SIAC,II,FL,"5'9""",0.0,17.0,94.1,3.44,0.0,0.0,62.0,38.0,91.8,9.0,10.0,50.7,44.2,5.0,66.2,71.5,74.0,-0.8
2207,1,32,32.0,106,106.0,False,1,0.0,Elizabeth City State Vikings,Vikings,Elizabeth City State,-74.0,11.0,200.0,130.0,70.0,9.0,6.0,35.0,28.1,,False,,,,,,,,,,,,,,,,,,0.0,0.0,0.0,0.0,0.0,0.0,0.0,8.0,87.0,9.0,4.0,,,,
2210,32,2073,64.8,1998,62.4,16,16,50.0,Elon Phoenix,Phoenix,Elon,2.4,13.0,6425.0,3407.0,3018.0,1021.0,8.0,47.0,49.3,,False,14.0,69.4,3.4,2.79,1.0,5.0,3.0,10.0,3.0,1.0,CAA,I,NC,"5'9""",2.0,7.0,21.4,2.83,20.3,22.0,22.2,35.4,30.2,3.0,11.0,70.9,29.1,0.0,67.7,73.7,,-0.6
2211,1,49,49.0,105,105.0,False,1,0.0,Emmanuel (MA) Lions,Lions,Emmanuel (MA),-56.0,12.0,200.0,135.0,65.0,10.0,7.0,32.5,20.4,,False,17.0,68.8,3.0,2.18,1.0,4.0,0.0,8.0,8.0,1.0,Great Northeast,III,MA,"5'8""",5.0,6.0,0.0,2.35,18.0,43.0,25.5,13.5,0.0,0.0,8.0,48.5,51.5,0.0,66.1,70.8,,-1.2
2213,1,36,36.0,69,69.0,False,1,0.0,Emory & Henry Wasps,Wasps,Emory & Henry,-33.0,9.0,200.0,133.0,67.0,12.0,4.0,33.5,33.3,,False,15.0,68.5,3.5,2.13,1.0,5.0,0.0,10.0,4.0,1.0,SAC,II,VA,"5'8""",7.0,6.0,0.0,2.37,31.0,25.0,32.0,12.0,0.0,0.0,9.0,44.0,49.5,6.5,67.8,71.8,73.0,-1.5
2215,3,141,47.0,253,84.3,0,3,0.0,Erskine Flying Fleet,Flying Fleet,Erskine,-37.3,13.0,600.0,359.0,241.0,38.0,8.0,40.2,27.0,,False,19.0,67.8,3.9,2.47,1.0,4.0,6.0,13.0,4.0,2.0,Conference Carolinas,II,SC,"5'7""",4.0,10.0,31.6,2.66,4.3,42.7,35.3,17.7,30.0,2.0,10.0,67.3,22.2,10.5,65.2,71.8,70.0,-2.2
2217,33,2476,75.0,1864,56.5,28,5,84.8,Fairfield Stags,Stags,Fairfield,18.5,14.0,6599.0,4192.0,2407.0,637.0,9.0,36.5,25.7,25.0,True,15.0,70.0,3.5,2.93,1.0,5.0,4.0,9.0,0.0,0.0,MAAC,I,CT,"5'10""",4.0,9.0,26.7,3.13,14.1,11.7,42.7,31.5,27.8,3.0,10.0,61.9,38.1,0.0,68.1,73.0,,-0.0
2219,1,77,77.0,71,71.0,True,0,100.0,Faulkner Eagles,Eagles,Faulkner,6.0,11.0,200.0,127.0,73.0,23.0,6.0,36.5,29.9,,False,,,,,,,,,,,,,,,,,,0.0,0.0,0.0,0.0,0.0,0.0,0.0,9.0,62.0,38.0,0.0,,,,
2225,4,153,38.2,319,79.8,0,4,0.0,Fisk Bulldogs,Bulldogs,Fisk,-41.6,11.0,800.0,532.0,268.0,30.0,6.0,33.5,19.6,,False,,,,,,,,,,,,,,,,,,0.0,0.0,0.0,0.0,0.0,0.0,0.0,11.0,66.0,13.4,20.6,,,,
2226,32,1992,62.2,2195,68.6,14,18,43.8,Florida Atlantic Owls,Owls,Florida Atlantic,-6.4,10.0,6474.0,3947.0,2527.0,758.0,5.0,39.0,38.1,,False,11.0,68.5,3.4,3.36,2.0,5.0,9.0,10.0,1.0,0.0,C-USA,I,FL,"5'8""",0.0,8.0,81.8,3.29,0.0,28.4,37.9,33.7,86.5,8.0,10.0,90.3,9.7,0.0,67.7,74.0,,-1.5
2227,1,46,46.0,89,89.0,False,1,0.0,Florida Memorial FLORIDA MEMORIAL,FLORIDA MEMORIAL,Florida Memorial,-43.0,8.0,200.0,157.0,43.0,8.0,3.0,21.5,17.4,,False,12.0,,,2.33,1.0,5.0,0.0,7.0,4.0,1.0,SEC,I,FL,,4.0,5.0,0.0,0.0,0.0,0.0,0.0,0.0,0.0,0.0,8.0,84.5,8.0,7.5,,,,
2229,33,2319,70.3,2169,65.7,21,12,63.6,Florida International Panthers,Panthers,Florida International,4.6,13.0,6675.0,4484.0,2191.0,603.0,8.0,32.8,26.0,,False,12.0,,,2.33,1.0,5.0,0.0,7.0,4.0,1.0,SEC,I,FL,,4.0,5.0,0.0,0.0,0.0,0.0,0.0,0.0,0.0,0.0,10.0,94.3,5.7,0.0,,,,
2230,30,1812,60.4,1928,64.3,10,20,33.3,Fordham Rams,Rams,Fordham,-3.9,12.0,6075.0,3363.0,2712.0,698.0,7.0,44.6,38.5,,False,14.0,70.8,2.3,2.71,1.0,5.0,6.0,6.0,7.0,0.0,Atlantic 10,I,NY,"5'10""",3.0,7.0,42.9,3.01,23.4,11.8,26.4,38.5,57.1,6.0,11.0,59.4,40.6,0.0,69.3,72.2,,0.8
2233,1,45,45.0,85,85.0,False,1,0.0,Franklin Grizzlies,Grizzlies,Franklin,-40.0,15.0,200.0,118.0,82.0,9.0,10.0,41.0,20.0,,False,17.0,67.9,2.8,2.18,1.0,4.0,0.0,11.0,5.0,1.0,HCAC,III,IN,"5'7""",6.0,7.0,0.0,2.44,26.0,15.5,27.5,26.0,0.0,0.0,9.0,76.0,18.0,6.0,66.6,70.7,73.0,-2.1
2235,1,38,38.0,87,87.0,False,1,0.0,Fresno Pacific Sunbirds,Sunbirds,Fresno Pacific,-49.0,12.0,200.0,120.0,80.0,5.0,7.0,40.0,13.2,,False,14.0,68.6,3.5,2.29,1.0,4.0,0.0,10.0,4.0,0.0,PacWest,II,CA,"5'8""",5.0,7.0,0.0,2.29,39.0,7.5,39.0,14.5,0.0,0.0,9.0,74.5,25.5,0.0,67.4,71.5,,-1.4
2239,32,2282,71.3,2105,65.8,18,14,56.2,Cal State Fullerton Titans,Titans,Cal State Fullerton,5.5,12.0,6525.0,3916.0,2609.0,853.0,7.0,40.0,37.4,,False,13.0,70.3,3.0,1.85,1.0,5.0,5.0,9.0,4.0,0.0,Big West,I,CA,"5'10""",6.0,2.0,38.5,2.16,31.7,45.8,9.8,12.7,48.1,4.0,9.0,64.8,35.2,0.0,68.8,73.2,,0.3
2241,31,1712,55.2,1943,62.7,12,19,38.7,Gardner-Webb Runnin' Bulldogs,Runnin' Bulldogs,Gardner-Webb,-7.5,13.0,6200.0,4167.0,2033.0,435.0,8.0,32.8,25.4,,False,12.0,68.8,3.3,2.17,1.0,4.0,3.0,9.0,3.0,0.0,Big South,I,NC,"5'8""",5.0,5.0,25.0,2.59,25.6,11.2,36.2,25.6,37.4,3.0,9.0,84.5,15.5,0.0,67.4,73.0,,-1.2
2242,1,65,65.0,100,100.0,False,1,0.0,Geneva Golden Tornadoes,Golden Tornadoes,Geneva,-35.0,18.0,200.0,106.0,94.0,25.0,13.0,47.0,38.5,,False,23.0,,,2.22,1.0,5.0,0.0,16.0,7.0,0.0,PAC,III,PA,,7.0,8.0,0.0,2.45,33.0,20.5,19.5,27.0,0.0,0.0,9.0,72.5,27.5,0.0,,,,
2244,33,2220,67.3,1982,60.1,23,10,69.7,George Mason Patriots,Patriots,George Mason,7.2,14.0,6700.0,4556.0,2144.0,477.0,9.0,32.0,21.5,,False,14.0,70.7,3.2,2.43,1.0,5.0,0.0,7.0,6.0,1.0,Atlantic 10,I,VA,"5'10""",6.0,7.0,0.0,3.2,16.2,1.6,49.1,33.1,0.0,0.0,8.0,47.7,51.3,0.9,68.3,72.5,77.0,0.7
2245,1,61,61.0,100,100.0,False,1,0.0,Georgetown College (KY) Tigers,Tigers,Georgetown College (KY),-39.0,11.0,200.0,149.0,51.0,2.0,6.0,25.5,3.3,,False,15.0,71.3,2.5,3.0,1.0,5.0,8.0,9.0,6.0,0.0,Big East,I,DC,"5'11""",1.0,8.0,53.3,0.0,0.0,0.0,0.0,0.0,0.0,0.0,7.0,82.5,17.5,0.0,,,,1.3
2247,31,2146,69.2,2310,74.5,10,21,32.3,Georgia State Panthers,Panthers,Georgia State,-5.3,11.0,6324.0,3939.0,2385.0,721.0,6.0,37.7,33.6,,False,13.0,67.5,3.2,2.77,1.0,5.0,5.0,10.0,3.0,0.0,Sun Belt,I,GA,"5'7""",2.0,7.0,38.5,3.1,13.8,18.8,33.6,33.9,36.4,4.0,10.0,82.4,17.6,0.0,66.6,71.5,,-2.5
2250,34,2521,74.1,2210,65.0,24,10,70.6,Gonzaga Bulldogs,Bulldogs,Gonzaga,9.1,12.0,6925.0,4498.0,2427.0,686.0,7.0,35.0,27.2,,False,13.0,71.0,2.2,2.46,1.0,5.0,0.0,8.0,5.0,0.0,WCC,I,WA,"5'11""",4.0,6.0,0.0,2.31,29.6,28.8,26.1,15.6,0.0,0.0,9.0,60.2,39.8,0.0,69.6,73.4,,1.0
2253,32,2073,64.8,2069,64.7,13,19,40.6,Grand Canyon Lopes,Lopes,Grand Canyon,0.1,14.0,6400.0,3878.0,2522.0,728.0,9.0,39.4,35.1,,False,16.0,71.2,2.9,2.81,1.0,5.0,11.0,10.0,6.0,0.0,WAC,I,AZ,"5'11""",4.0,9.0,68.8,2.9,19.5,17.5,18.4,40.3,64.8,6.0,10.0,75.2,24.8,0.0,69.5,74.0,,1.2
2261,31,1865,60.2,1970,63.5,10,21,32.3,Hampton Lady Pirates,Lady Pirates,Hampton,-3.3,14.0,6225.0,3986.0,2239.0,571.0,9.0,36.0,30.6,,False,14.0,70.9,3.2,3.21,1.0,5.0,6.0,7.0,6.0,1.0,CAA,I,VA,"5'10""",2.0,12.0,42.9,3.4,7.9,0.0,45.3,46.8,42.2,4.0,10.0,57.7,40.0,2.3,68.9,72.7,75.0,0.9
2267,1,47,47.0,61,61.0,False,1,0.0,Hawai'i Hilo Vulcans,Vulcans,Hawai'i Hilo,-14.0,11.0,200.0,117.0,83.0,30.0,6.0,41.5,63.8,,False,14.0,67.2,3.5,2.43,1.0,4.0,1.0,11.0,2.0,1.0,PacWest,II,HI,"5'7""",4.0,5.0,7.1,2.96,11.5,35.0,0.0,53.5,12.0,1.0,9.0,74.5,13.5,12.0,66.6,69.0,73.0,-2.8
2272,33,2436,73.8,1983,60.1,27,6,81.8,High Point Panthers,Panthers,High Point,13.7,14.0,6676.0,4422.0,2254.0,662.0,9.0,33.8,27.2,,False,16.0,70.1,3.0,2.75,1.0,5.0,6.0,12.0,3.0,1.0,Big South,I,NC,"5'10""",4.0,8.0,37.5,3.4,1.6,21.5,26.6,50.2,51.2,5.0,9.0,76.8,22.9,0.3,68.9,72.3,77.0,0.1
2275,33,1797,54.5,1998,60.5,11,22,33.3,Hofstra Pride,Pride,Hofstra,-6.0,15.0,6625.0,3977.0,2648.0,636.0,10.0,40.0,35.4,,False,15.0,69.9,3.2,3.0,1.0,5.0,6.0,9.0,5.0,1.0,CAA,I,NY,"5'9""",3.0,9.0,40.0,3.63,3.2,14.5,18.0,64.3,48.5,5.0,10.0,72.8,24.1,3.2,67.7,73.0,75.0,-0.1
2277,29,1724,59.4,1924,66.3,8,21,27.6,Houston Christian Huskies,Huskies,Houston Christian,-6.9,13.0,5925.0,3602.0,2323.0,582.0,8.0,39.2,33.8,,False,13.0,70.7,2.3,2.46,1.0,4.0,6.0,10.0,3.0,0.0,Southland,I,TX,"5'10""",3.0,6.0,46.2,2.15,32.6,27.9,31.7,7.8,36.8,3.0,10.0,92.3,7.7,0.0,70.0,73.0,,0.7
2281,2,91,45.5,162,81.0,0,2,0.0,Huston-Tillotson Rams,Rams,Huston-Tillotson,-35.5,10.0,400.0,296.0,104.0,22.0,5.0,26.0,24.2,,False,,,,,,,,,,,,,,,,,,0.0,0.0,0.0,0.0,0.0,0.0,0.0,8.0,59.5,40.5,0.0,,,,
2287,38,2708,71.3,2535,66.7,24,14,63.2,Illinois State Redbirds,Redbirds,Illinois State,4.6,13.0,7750.0,5519.0,2231.0,672.0,8.0,28.8,24.8,,False,14.0,71.0,2.0,2.36,1.0,4.0,5.0,10.0,4.0,0.0,MVC,I,IL,"5'11""",4.0,5.0,35.7,2.31,27.8,42.2,0.9,29.1,31.2,3.0,8.0,62.6,37.4,0.0,69.9,73.5,,1.0
2294,34,2592,76.2,2218,65.2,27,7,79.4,Iowa Hawkeyes,Hawkeyes,Iowa,11.0,14.0,6875.0,4641.0,2234.0,735.0,9.0,32.5,28.4,8.0,True,14.0,71.1,3.8,2.5,1.0,5.0,3.0,10.0,2.0,2.0,Big Ten,I,IA,"5'11""",3.0,5.0,21.4,2.64,19.9,44.5,0.3,35.3,29.7,3.0,9.0,68.4,14.4,17.2,69.6,73.5,76.5,1.1
2296,31,1828,59.0,1968,63.5,12,19,38.7,Jackson State Lady Tigers,Lady Tigers,Jackson State,-4.5,14.0,6225.0,3874.0,2351.0,714.0,9.0,37.8,39.1,,False,,,,,,,,,,,,,,,,,,0.0,0.0,0.0,0.0,0.0,0.0,0.0,11.0,67.7,8.7,23.7,,,,
2299,1,38,38.0,93,93.0,False,1,0.0,Jarvis Christian Bulldogs,Bulldogs,Jarvis Christian,-55.0,8.0,200.0,162.0,38.0,0.0,3.0,19.0,0.0,,False,,,,,,,,,,,,,,,,,,0.0,0.0,0.0,0.0,0.0,0.0,0.0,6.0,50.5,34.0,15.5,,,,
2304,1,26,26.0,84,84.0,False,1,0.0,Johnson C Smith Golden Bulls,Golden Bulls,Johnson C Smith,-58.0,13.0,200.0,125.0,75.0,9.0,8.0,37.5,34.6,,False,13.0,70.2,2.9,2.69,1.0,5.0,0.0,8.0,5.0,0.0,NEWMAC,III,MA,"5'10""",4.0,8.0,0.0,0.0,0.0,0.0,0.0,0.0,0.0,0.0,10.0,68.0,19.5,12.5,,,,0.2
2305,36,2590,71.9,2349,65.2,22,14,61.1,Kansas Jayhawks,Jayhawks,Kansas,6.7,12.0,7250.0,4362.0,2888.0,707.0,7.0,39.8,27.3,,False,12.0,73.1,2.6,2.58,1.0,4.0,0.0,7.0,4.0,1.0,Big 12,I,KS,"6'1""",4.0,7.0,0.0,2.78,24.9,9.6,28.2,37.3,0.0,0.0,9.0,62.5,35.0,2.6,71.7,74.5,76.0,3.1
2306,37,2586,69.9,2498,67.5,19,18,51.4,Kansas State Wildcats,Wildcats,Kansas State,2.4,13.0,7400.0,5043.0,2357.0,740.0,8.0,31.9,28.6,,False,12.0,71.5,2.7,1.92,1.0,4.0,4.0,8.0,3.0,1.0,Big 12,I,KS,"5'11""",5.0,3.0,33.3,2.11,42.0,14.2,29.6,12.9,26.7,3.0,9.0,76.6,18.7,4.6,70.2,73.0,77.0,1.5
2309,31,2138,69.0,2095,67.6,15,16,48.4,Kent State Golden Flashes,Golden Flashes,Kent State,1.4,13.0,6200.0,3735.0,2465.0,823.0,8.0,39.8,38.5,,False,14.0,,,2.71,1.0,5.0,0.0,9.0,4.0,1.0,MAC,I,OH,,3.0,8.0,0.0,2.95,15.6,16.1,32.4,35.8,0.0,0.0,11.0,62.0,26.0,12.0,,,,
2310,2,65,32.5,184,92.0,0,2,0.0,Kentucky State Thorobreds,Thorobreds,Kentucky State,-59.5,14.0,400.0,218.0,182.0,26.0,9.0,45.5,40.0,,False,12.0,73.4,3.2,3.0,1.0,5.0,9.0,7.0,3.0,2.0,SEC,I,KY,"6'1""",2.0,8.0,75.0,0.0,0.0,0.0,0.0,0.0,0.0,0.0,11.0,82.2,6.5,11.2,,,,3.4
2312,3,123,41.0,246,82.0,0,3,0.0,King (TN) Tornado,Tornado,King (TN),-41.0,13.0,600.0,314.0,286.0,59.0,8.0,47.7,48.0,,False,17.0,68.2,2.9,2.12,1.0,5.0,0.0,14.0,2.0,1.0,Conference Carolinas,II,TN,"5'8""",9.0,6.0,0.0,2.31,39.5,8.5,15.0,30.2,0.0,0.0,13.0,87.3,10.5,2.2,68.6,71.5,71.0,-1.8
2320,31,1995,64.4,1835,59.2,20,11,64.5,Lamar Cardinals,Cardinals,Lamar,5.2,12.0,6275.0,3851.0,2424.0,656.0,7.0,38.6,32.9,,False,13.0,69.9,2.2,2.92,1.0,5.0,4.0,10.0,3.0,0.0,Southland,I,TX,"5'9""",3.0,8.0,30.8,3.08,15.1,18.9,26.9,39.1,23.1,3.0,10.0,77.5,22.5,0.0,68.9,72.7,,-0.1
2324,1,35,35.0,105,105.0,False,1,0.0,Langston Lions,Lions,Langston,-70.0,12.0,200.0,108.0,92.0,18.0,7.0,46.0,51.4,,False,,,,,,,,,,,,,,,,,,0.0,0.0,0.0,0.0,0.0,0.0,0.0,11.0,75.5,8.5,16.0,,,,
2325,33,2133,64.6,2111,64.0,19,14,57.6,La Salle Explorers,Explorers,La Salle,0.6,14.0,6600.0,4668.0,1932.0,291.0,9.0,29.3,13.6,,False,,,,,,,,,,,,,,,,,,0.0,0.0,0.0,0.0,0.0,0.0,0.0,8.0,74.0,25.5,0.5,,,,
2326,2,70,35.0,197,98.5,0,2,0.0,LeTourneau Yellow Jackets,Yellow Jackets,LeTourneau,-63.5,14.0,400.0,252.0,148.0,15.0,9.0,37.0,21.4,,False,16.0,66.7,3.0,1.88,1.0,4.0,0.0,11.0,5.0,0.0,ASC,III,TX,"5'6""",8.0,5.0,0.0,2.41,33.0,9.8,40.8,16.5,0.0,0.0,10.0,75.8,24.2,0.0,64.7,70.8,,-3.3
2327,1,53,53.0,111,111.0,False,1,0.0,Lees McRae Bobcats,Bobcats,Lees McRae,-58.0,11.0,200.0,117.0,83.0,20.0,6.0,41.5,37.7,,False,15.0,69.6,2.4,2.8,1.0,5.0,0.0,10.0,5.0,0.0,Gulf South,II,TN,"5'9""",2.0,9.0,0.0,0.0,0.0,0.0,0.0,0.0,0.0,0.0,11.0,75.0,16.0,0.0,,,,-0.4
2329,32,2120,66.2,2103,65.7,17,16,51.5,Lehigh Mountain Hawks,Mountain Hawks,Lehigh,0.5,13.0,6449.0,4390.0,2059.0,560.0,8.0,31.9,26.4,,False,12.0,71.0,2.4,2.25,1.0,4.0,0.0,9.0,3.0,0.0,Patriot,I,PA,"5'11""",4.0,5.0,0.0,2.52,26.9,12.8,35.2,23.5,0.0,0.0,9.0,69.2,30.8,0.0,70.3,74.0,,1.0
2330,33,1853,56.2,2279,69.1,12,21,36.4,Le Moyne Dolphins,Dolphins,Le Moyne,-12.9,13.0,6650.0,4263.0,2387.0,557.0,8.0,35.9,30.1,,False,14.0,69.4,3.2,2.07,1.0,4.0,4.0,9.0,5.0,0.0,NE10,II,NY,"5'9""",6.0,5.0,28.6,2.41,29.2,19.5,32.7,18.6,31.6,3.0,8.0,70.6,29.4,0.0,67.2,73.0,,-0.6
2332,1,53,53.0,69,69.0,False,1,0.0,Lewis Flyers,Flyers,Lewis,-16.0,9.0,200.0,163.0,37.0,2.0,4.0,18.5,3.8,,False,16.0,69.6,2.8,2.44,1.0,5.0,0.0,11.0,5.0,0.0,GLVC,II,IL,"5'9""",4.0,8.0,0.0,2.8,4.0,32.0,52.0,12.0,0.0,0.0,6.0,69.0,31.0,0.0,68.7,73.0,,-0.4
2335,31,1983,64.0,1860,60.0,18,13,58.1,Liberty Flames,Flames,Liberty,4.0,11.0,6200.0,4116.0,2084.0,551.0,6.0,33.6,27.8,,False,12.0,71.1,3.6,2.08,1.0,4.0,0.0,7.0,3.0,2.0,ASUN,I,VA,"5'11""",5.0,5.0,0.0,2.21,29.1,26.3,39.4,5.1,0.0,0.0,9.0,52.5,28.0,19.4,68.2,74.0,75.0,1.1
2339,1,47,47.0,80,80.0,False,1,0.0,Lincoln (PA) Lions,Lions,Lincoln (PA),-33.0,14.0,200.0,120.0,80.0,28.0,9.0,40.0,59.6,,False,17.0,67.9,2.8,2.47,1.0,4.0,0.0,2.0,5.0,2.0,CIAA,II,PA,"5'7""",5.0,9.0,0.0,2.84,13.0,11.0,26.5,42.5,0.0,0.0,9.0,43.5,48.5,8.0,66.5,70.2,70.0,-2.1
2344,31,2372,76.5,2036,65.7,21,10,67.7,Longwood Lancers,Lancers,Longwood,10.8,14.0,6300.0,3888.0,2412.0,951.0,9.0,38.3,40.1,,False,14.0,69.8,3.3,2.71,1.0,5.0,5.0,10.0,4.0,0.0,Big South,I,VA,"5'9""",3.0,8.0,35.7,3.33,11.7,5.6,35.1,47.6,47.9,4.0,8.0,76.1,23.9,0.0,68.2,73.8,,-0.2
2345,1,72,72.0,80,80.0,False,1,0.0,Cal State Los Angeles Golden Eagles,Golden Eagles,Cal State Los Angeles,-8.0,12.0,200.0,141.0,59.0,15.0,7.0,29.5,20.8,,False,,,,,,,,,,,,,,,,,,0.0,0.0,0.0,0.0,0.0,0.0,0.0,7.0,68.0,32.0,0.0,,,,
2347,2,88,44.0,222,111.0,0,2,0.0,Louisiana Christian Wildcats,Wildcats,Louisiana Christian,-67.0,9.0,400.0,288.0,112.0,12.0,4.0,28.0,13.6,,False,12.0,68.5,3.0,2.83,1.0,5.0,9.0,9.0,3.0,0.0,Sun Belt,I,LA,"5'8""",3.0,9.0,75.0,0.0,0.0,0.0,0.0,0.0,0.0,0.0,8.0,57.0,43.0,0.0,,,,-1.5
2348,33,2402,72.8,1932,58.5,26,7,78.8,Louisiana Tech Lady Techsters,Lady Techsters,Louisiana Tech,14.3,11.0,6625.0,4619.0,2006.0,678.0,6.0,30.3,28.2,,False,12.0,71.2,3.2,2.33,1.0,5.0,4.0,7.0,5.0,0.0,C-USA,I,LA,"5'11""",2.0,4.0,33.3,2.35,7.2,51.5,40.8,0.5,33.4,3.0,7.0,69.1,30.9,0.0,68.8,74.4,,1.2
2349,29,1606,55.4,1925,66.4,8,21,27.6,UMass Lowell River Hawks,River Hawks,UMass Lowell,-11.0,13.0,5850.0,4002.0,1848.0,400.0,8.0,31.6,24.9,,False,15.0,70.1,3.7,2.93,1.0,5.0,5.0,11.0,4.0,0.0,America East,I,MA,"5'10""",1.0,8.0,33.3,3.1,11.7,11.9,24.7,48.1,40.9,4.0,12.0,77.2,22.8,0.0,67.9,73.7,,0.1
2350,34,1936,56.9,2088,61.4,16,18,47.1,Loyola Chicago Ramblers,Ramblers,Loyola Chicago,-4.5,13.0,6800.0,4711.0,2089.0,472.0,8.0,30.7,24.4,,False,16.0,70.4,2.4,2.62,1.0,4.0,0.0,9.0,7.0,0.0,UAA,III,IL,"5'10""",4.0,9.0,0.0,0.0,0.0,0.0,0.0,0.0,0.0,0.0,9.0,76.2,23.8,0.0,,,,0.4
2351,31,2204,71.1,1967,63.5,21,10,67.7,Loyola Marymount Lions,Lions,Loyola Marymount,7.6,12.0,6324.0,4414.0,1910.0,541.0,7.0,30.2,24.5,,False,13.0,71.1,3.0,3.15,2.0,5.0,0.0,8.0,5.0,0.0,WCC,I,CA,"5'11""",0.0,8.0,0.0,3.66,0.0,16.2,20.9,62.9,0.0,0.0,9.0,73.2,26.8,0.0,70.1,72.8,,1.1
2352,30,1652,55.1,1811,60.4,12,18,40.0,Loyola Maryland Greyhounds,Greyhounds,Loyola Maryland,-5.3,13.0,6050.0,3629.0,2421.0,547.0,8.0,40.0,33.1,,False,14.0,71.1,2.5,1.86,1.0,4.0,0.0,10.0,1.0,3.0,NSIC,II,ND,"5'11""",6.0,3.0,0.0,0.0,0.0,0.0,0.0,0.0,0.0,0.0,10.0,67.4,32.6,0.0,,,,1.1
2358,1,43,43.0,115,115.0,False,1,0.0,Lyon Scots,Scots,Lyon,-72.0,19.0,200.0,128.0,72.0,9.0,14.0,36.0,20.9,,False,23.0,67.0,3.4,1.91,1.0,4.0,1.0,15.0,5.0,3.0,SLIAC,III,AR,"5'7""",11.0,7.0,4.3,2.56,23.0,27.5,20.0,29.5,0.0,0.0,6.0,61.5,13.5,25.0,65.2,70.2,71.7,-3.0
2363,31,1790,57.7,1986,64.1,11,20,35.5,Manhattan Jaspers,Jaspers,Manhattan,-6.4,14.0,6224.0,4497.0,1727.0,338.0,9.0,27.7,18.9,,False,15.0,69.9,2.8,2.87,1.0,5.0,8.0,10.0,5.0,0.0,MAAC,I,NY,"5'9""",6.0,9.0,53.3,3.89,11.5,0.0,15.9,72.6,79.7,8.0,10.0,57.1,42.9,0.0,68.7,72.6,,-0.1
2365,1,34,34.0,82,82.0,False,1,0.0,Mansfield Mountaineers,Mountaineers,Mansfield,-48.0,12.0,200.0,121.0,79.0,12.0,7.0,39.5,35.3,,False,12.0,68.2,3.6,2.08,1.0,5.0,0.0,7.0,4.0,1.0,PSAC,II,PA,"5'8""",6.0,4.0,0.0,2.43,29.5,14.0,25.0,24.5,0.0,0.0,10.0,69.0,21.5,9.5,65.7,71.0,73.0,-1.8
2368,31,1811,58.4,2051,66.2,11,20,35.5,Marist Red Foxes,Red Foxes,Marist,-7.8,12.0,6350.0,4347.0,2003.0,456.0,7.0,31.5,25.2,,False,13.0,70.4,2.4,2.85,1.0,4.0,5.0,10.0,3.0,0.0,MAAC,I,NY,"5'10""",1.0,8.0,38.5,2.9,14.2,24.1,18.9,42.7,36.0,4.0,10.0,77.3,22.7,0.0,69.2,73.3,,0.4
2369,2,84,42.0,190,95.0,0,2,0.0,Mars Hill Mountain Lions,Mountain Lions,Mars Hill,-53.0,12.0,400.0,234.0,166.0,48.0,7.0,41.5,57.1,,False,15.0,68.6,1.6,2.73,1.0,5.0,0.0,13.0,2.0,0.0,SAC,II,NC,"5'8""",4.0,11.0,0.0,3.06,16.2,0.0,57.8,26.0,0.0,0.0,10.0,90.0,10.0,0.0,68.1,70.0,,-1.4
2374,1,44,44.0,80,80.0,False,1,0.0,Marywood Pacers,Pacers,Marywood,-36.0,11.0,200.0,142.0,58.0,10.0,6.0,29.0,22.7,,False,14.0,67.6,2.7,2.71,1.0,5.0,6.0,5.0,6.0,3.0,Atlantic East,III,PA,"5'7""",4.0,9.0,42.9,2.74,31.5,6.0,19.5,43.0,45.0,3.0,9.0,55.5,33.5,11.0,65.2,67.4,72.5,-2.4
2377,35,2386,68.2,1849,52.8,29,6,82.9,McNeese Cowgirls,Cowgirls,McNeese,15.4,12.0,7025.0,4215.0,2810.0,645.0,7.0,40.0,27.0,,False,,,,,,,,,,,,,,,,,,0.0,0.0,0.0,0.0,0.0,0.0,0.0,10.0,71.9,27.8,0.3,,,,
2378,32,1994,62.3,1869,58.4,17,15,53.1,UMBC Retrievers,Retrievers,UMBC,3.9,11.0,6600.0,4332.0,2268.0,696.0,6.0,34.4,34.9,,False,13.0,70.5,3.5,2.31,1.0,4.0,6.0,8.0,4.0,1.0,America East,I,MD,"5'10""",4.0,6.0,46.2,2.67,24.3,8.4,43.7,23.7,57.7,6.0,9.0,58.5,34.1,7.4,67.7,73.5,75.0,0.5
2379,35,2153,61.5,2175,62.1,20,15,57.1,Maryland Eastern Shore Hawks,Hawks,Maryland Eastern Shore,-0.6,12.0,7050.0,4270.0,2780.0,789.0,7.0,39.4,36.6,,False,20.0,66.1,2.3,2.35,1.0,4.0,0.0,16.0,4.0,0.0,MAC Commonwealth,III,PA,"5'6""",9.0,9.0,0.0,0.0,0.0,0.0,0.0,0.0,0.0,0.0,9.0,53.3,46.7,0.0,,,,-3.9
2382,30,1904,63.5,1851,61.7,17,13,56.7,Mercer Bears,Bears,Mercer,1.8,12.0,6025.0,3665.0,2360.0,634.0,7.0,39.2,33.3,,False,14.0,,,2.43,1.0,5.0,0.0,10.0,4.0,0.0,SoCon,I,NJ,,4.0,7.0,0.0,2.87,14.1,26.2,33.8,25.9,0.0,0.0,9.0,83.7,16.3,0.0,,,,
2384,2,96,48.0,123,61.5,0,2,0.0,Mercy Mavericks,Mavericks,Mercy,-13.5,13.0,400.0,254.0,146.0,20.0,8.0,36.5,20.8,,False,18.0,69.2,3.0,2.39,1.0,4.0,3.0,12.0,5.0,1.0,ECC,II,NY,"5'9""",4.0,8.0,16.7,3.01,0.0,31.2,36.5,32.2,7.0,1.0,9.0,48.5,38.8,12.8,67.4,71.0,74.0,-0.8
2385,32,2066,64.6,2367,74.0,15,17,46.9,Mercyhurst Lakers,Lakers,Mercyhurst,-9.4,15.0,6425.0,4704.0,1721.0,297.0,10.0,26.8,14.4,,False,15.0,69.1,1.9,1.93,1.0,4.0,3.0,12.0,3.0,0.0,PSAC,II,PA,"5'9""",6.0,3.0,20.0,2.1,27.7,53.1,0.2,19.0,18.5,2.0,8.0,80.4,19.6,0.0,68.6,71.0,,-0.9
2389,1,68,68.0,92,92.0,False,1,0.0,MSU Denver Roadrunners,Roadrunners,MSU Denver,-24.0,10.0,200.0,144.0,56.0,15.0,5.0,28.0,22.1,,False,14.0,70.2,3.4,2.64,1.0,4.0,4.0,7.0,6.0,1.0,RMAC,II,MN,"5'10""",3.0,8.0,28.6,2.86,20.0,6.0,42.5,31.5,44.0,4.0,8.0,58.0,36.0,6.0,67.2,72.0,75.0,0.2
2390,33,2327,70.5,2164,65.6,18,15,54.5,Miami Hurricanes,Hurricanes,Miami,4.9,13.0,6675.0,4566.0,2109.0,499.0,8.0,31.6,21.4,,False,,,,,,,,,,,,,,,,,,2.46,26.2,32.6,25.8,15.3,59.3,5.0,9.0,59.4,21.8,18.8,69.0,73.8,75.7,
2393,33,2044,61.9,1993,60.4,17,16,51.5,Middle Tennessee Blue Raiders,Blue Raiders,Middle Tennessee,1.5,12.0,6650.0,5351.0,1299.0,320.0,7.0,19.5,15.7,,False,13.0,71.6,4.4,1.77,1.0,4.0,2.0,10.0,2.0,1.0,C-USA,I,TN,"5'11""",7.0,3.0,15.4,1.69,64.8,17.2,2.1,15.9,17.5,1.0,7.0,95.0,3.1,1.9,70.0,74.5,82.0,1.6
2396,1,55,55.0,77,77.0,False,1,0.0,Miles Golden Bears,Golden Bears,Miles,-22.0,14.0,200.0,107.0,93.0,34.0,9.0,46.5,61.8,,False,14.0,68.5,3.3,2.79,1.0,5.0,0.0,8.0,6.0,0.0,SIAC,II,AL,"5'8""",4.0,8.0,0.0,2.88,28.5,8.0,17.5,46.0,0.0,0.0,10.0,63.5,36.5,0.0,66.8,70.8,,-1.5
2400,31,1843,59.5,2415,77.9,8,23,25.8,Mississippi Valley State Devilettes,Devilettes,Mississippi Valley State,-18.4,15.0,6225.0,3991.0,2234.0,550.0,10.0,35.9,29.8,,False,16.0,69.8,3.7,2.81,1.0,5.0,0.0,10.0,3.0,3.0,SWAC,I,MS,"5'9""",3.0,10.0,0.0,3.16,10.5,24.2,25.3,40.0,0.0,0.0,9.0,63.5,24.2,12.3,67.7,71.0,75.7,-0.2
2404,1,59,59.0,91,91.0,False,1,0.0,Molloy Lions,Lions,Molloy,-32.0,10.0,200.0,153.0,47.0,8.0,5.0,23.5,13.6,,False,12.0,68.1,4.3,2.17,1.0,4.0,1.0,8.0,3.0,1.0,ECC,II,NY,"5'8""",4.0,3.0,8.3,2.66,29.0,23.5,0.0,47.5,18.0,1.0,7.0,66.0,21.5,12.5,66.3,71.7,75.0,-1.9
2405,33,2107,63.8,1937,58.7,21,12,63.6,Monmouth Hawks,Hawks,Monmouth,5.1,13.0,6701.0,4925.0,1776.0,517.0,8.0,26.5,24.5,,False,15.0,70.0,2.5,2.33,1.0,4.0,7.0,9.0,6.0,0.0,CAA,I,NJ,"5'10""",4.0,7.0,46.7,2.71,27.2,5.3,36.5,31.0,55.3,5.0,10.0,63.5,36.5,0.0,68.8,72.4,,-0.0
2409,1,53,53.0,75,75.0,False,1,0.0,Montevallo Falcons,Falcons,Montevallo,-22.0,15.0,200.0,101.0,99.0,18.0,10.0,49.5,34.0,,False,15.0,69.6,2.6,2.73,1.0,5.0,0.0,13.0,2.0,0.0,Gulf South,II,AL,"5'9""",2.0,8.0,0.0,2.67,16.0,33.5,24.0,26.5,0.0,0.0,11.0,85.0,15.0,0.0,69.3,71.5,,-0.4
2410,2,81,40.5,187,93.5,0,2,0.0,Montreat Cavaliers,Cavaliers,Montreat,-53.0,11.0,400.0,231.0,169.0,36.0,6.0,42.2,44.4,,False,,,,,,,,,,,,,,,,,,0.0,0.0,0.0,0.0,0.0,0.0,0.0,11.0,57.0,43.0,0.0,,,,
2413,33,2141,64.9,2152,65.2,18,15,54.5,Morehead State Eagles,Eagles,Morehead State,-0.3,11.0,6600.0,4623.0,1977.0,408.0,6.0,30.0,19.1,,False,12.0,69.5,3.5,3.0,1.0,5.0,6.0,0.0,0.0,0.0,OVC,I,KY,"5'9""",1.0,9.0,50.0,3.35,0.9,21.7,32.3,45.1,65.9,5.0,7.0,100.0,0.0,0.0,69.8,,,-0.5
2415,31,1695,54.7,2219,71.6,5,26,16.1,Morgan State Lady Bears,Lady Bears,Morgan State,-16.9,13.0,6225.0,3380.0,2845.0,716.0,8.0,45.7,42.2,,False,,,,,,,,,,,,,,,,,,0.0,0.0,0.0,0.0,0.0,0.0,0.0,12.0,70.5,20.9,8.6,,,,
2424,2,125,62.5,143,71.5,0,2,0.0,New Mexico Highlands Cowboys,Cowboys,New Mexico Highlands,-9.0,12.0,400.0,264.0,136.0,40.0,7.0,34.0,32.0,,False,13.0,70.8,3.5,2.31,1.0,4.0,0.0,9.0,4.0,0.0,Mountain West,I,NM,"5'10""",4.0,6.0,0.0,0.0,0.0,0.0,0.0,0.0,0.0,0.0,9.0,86.2,13.8,0.0,,,,0.8
2426,31,2157,69.6,1886,60.8,23,9,71.9,Navy Midshipmen,Midshipmen,Navy,8.8,15.0,6300.0,4143.0,2157.0,640.0,10.0,34.2,29.7,,False,15.0,70.3,3.6,2.4,1.0,4.0,1.0,10.0,4.0,1.0,Patriot,I,MD,"5'10""",5.0,7.0,6.7,2.37,29.5,25.6,23.1,21.8,2.4,0.0,9.0,76.1,16.8,7.1,68.3,74.0,76.0,0.3
2427,30,1843,61.4,1821,60.7,12,18,40.0,UNC Asheville Bulldogs,Bulldogs,UNC Asheville,0.7,13.0,6025.0,3941.0,2084.0,492.0,8.0,34.6,26.7,,False,14.0,70.8,3.9,2.5,1.0,4.0,8.0,7.0,6.0,1.0,Big South,I,NC,"5'10""",2.0,6.0,57.1,2.51,16.4,39.7,20.3,23.7,58.1,7.0,11.0,72.8,25.6,1.6,67.5,74.2,75.0,0.8
2428,29,1808,62.3,1995,68.8,9,20,31.0,North Carolina Central Eagles,Eagles,North Carolina Central,-6.5,15.0,5825.0,3409.0,2416.0,707.0,10.0,41.5,39.1,,False,15.0,69.7,3.4,3.13,1.0,5.0,0.0,9.0,5.0,1.0,MEAC,I,NC,"5'9""",3.0,8.0,0.0,3.74,7.8,16.7,11.1,64.5,0.0,0.0,11.0,63.5,34.8,1.8,67.7,72.0,77.0,-0.3
2429,32,2033,63.5,2120,66.2,14,18,43.8,Charlotte 49ers,49ers,Charlotte,-2.7,13.0,6500.0,4417.0,2083.0,576.0,8.0,32.0,28.3,,False,14.0,70.4,3.9,3.14,1.0,5.0,11.0,9.0,4.0,1.0,C-USA,I,NC,"5'10""",1.0,9.0,78.6,3.61,0.0,22.1,22.9,54.9,84.8,7.0,9.0,67.0,30.8,2.1,68.0,73.7,77.0,0.4
2430,30,1876,62.5,1665,55.5,14,16,46.7,UNC Greensboro Spartans,Spartans,UNC Greensboro,7.0,13.0,6000.0,4072.0,1928.0,531.0,8.0,32.1,28.3,,False,13.0,69.9,2.4,2.69,1.0,5.0,6.0,8.0,5.0,0.0,SoCon,I,NC,"5'9""",4.0,7.0,46.2,3.43,11.0,11.4,17.2,60.5,66.2,6.0,9.0,79.4,20.5,0.0,68.5,72.2,,-0.1
2433,33,2299,69.7,2237,67.8,17,16,51.5,UL Monroe Warhawks,Warhawks,UL Monroe,1.9,13.0,6600.0,4254.0,2346.0,630.0,8.0,35.5,27.4,,False,,,,,,,,,,,,,,,,,,0.0,0.0,0.0,0.0,0.0,0.0,0.0,9.0,60.6,25.8,13.7,,,,
2437,33,1784,54.1,2507,76.0,6,27,18.2,Omaha Mavericks,Mavericks,Omaha,-21.9,13.0,6600.0,4620.0,1980.0,412.0,8.0,30.0,23.1,,False,15.0,69.7,3.0,1.8,1.0,5.0,2.0,8.0,6.0,1.0,Summit League,I,NE,"5'9""",9.0,4.0,13.3,2.02,57.8,10.2,16.9,14.6,14.6,1.0,9.0,62.5,32.7,4.8,67.2,70.8,74.0,-0.3
2439,32,2197,68.7,2010,62.8,21,11,65.6,UNLV Lady Rebels,Lady Rebels,UNLV,5.9,14.0,6425.0,4626.0,1799.0,449.0,9.0,28.0,20.4,,False,14.0,70.7,3.3,3.14,1.0,5.0,7.0,7.0,5.0,2.0,Mountain West,I,NV,"5'10""",3.0,9.0,50.0,3.76,4.9,21.3,4.1,69.8,59.7,6.0,9.0,60.0,38.3,1.7,68.3,72.4,75.0,0.7
2440,31,1770,57.1,1915,61.8,10,21,32.3,Nevada Wolf Pack,Wolf Pack,Nevada,-4.7,14.0,6250.0,3815.0,2435.0,685.0,9.0,39.0,38.7,,False,16.0,71.6,2.3,2.25,1.0,5.0,6.0,8.0,8.0,0.0,Mountain West,I,NV,"5'11""",6.0,7.0,37.5,2.1,40.4,14.2,40.5,4.9,32.0,3.0,10.0,56.6,43.4,0.0,69.7,73.2,,1.6
2441,29,1694,58.4,1774,61.2,7,22,24.1,New Haven Chargers,Chargers,New Haven,-2.8,17.0,5850.0,3944.0,1906.0,548.0,12.0,32.6,32.3,,False,18.0,69.9,2.5,1.94,1.0,4.0,0.0,13.0,2.0,3.0,NE10,II,CT,"5'9""",8.0,5.0,0.0,2.64,17.0,35.4,14.6,33.0,0.0,0.0,9.0,60.6,31.8,7.6,69.2,69.5,73.5,-0.1
2443,30,1841,61.4,2430,81.0,3,27,10.0,New Orleans Privateers,Privateers,New Orleans,-19.6,14.0,6025.0,3513.0,2512.0,659.0,9.0,41.7,35.8,,False,15.0,70.1,3.1,3.53,1.0,5.0,0.0,10.0,5.0,0.0,Southland,I,LA,"5'10""",2.0,13.0,0.0,3.77,12.2,0.0,7.0,80.8,0.0,0.0,12.0,79.0,21.0,0.0,68.0,73.6,,0.1
2444,2,86,43.0,173,86.5,0,2,0.0,Newberry Wolves,Wolves,Newberry,-43.5,17.0,400.0,225.0,175.0,33.0,12.0,43.8,38.4,,False,22.0,68.0,2.9,2.14,1.0,5.0,0.0,12.0,7.0,0.0,SAC,II,SC,"5'8""",10.0,7.0,0.0,2.03,46.5,25.5,13.5,14.5,0.0,0.0,11.0,70.2,29.8,0.0,66.5,71.3,,-2.0
2447,31,2001,64.5,1945,62.7,15,16,48.4,Nicholls Colonels,Colonels,Nicholls,1.8,14.0,6200.0,4050.0,2150.0,793.0,9.0,34.7,39.6,,False,,,,,,,,,,,,,,,,,,0.0,0.0,0.0,0.0,0.0,0.0,0.0,10.0,65.1,34.9,0.0,,,,
2448,30,1881,62.7,1890,63.0,12,18,40.0,North Carolina A&T Aggies,Aggies,North Carolina A&T,-0.3,14.0,6150.0,3880.0,2270.0,709.0,9.0,36.9,37.7,,False,14.0,71.9,3.0,2.14,1.0,4.0,3.0,10.0,3.0,1.0,ACC,I,NC,"5'11""",4.0,4.0,21.4,0.0,0.0,0.0,0.0,0.0,0.0,0.0,9.0,45.8,42.7,11.5,,,,1.9
2449,34,2667,78.4,2034,59.8,29,5,85.3,North Dakota State Bison,Bison,North Dakota State,18.6,12.0,6825.0,4831.0,1994.0,701.0,7.0,29.2,26.3,,False,13.0,70.5,3.1,2.54,1.0,4.0,4.0,8.0,5.0,0.0,Summit League,I,ND,"5'10""",3.0,7.0,30.8,2.52,10.9,35.6,44.5,9.0,30.5,2.0,8.0,71.1,28.9,0.0,68.7,73.6,,0.5
2450,33,2093,63.4,1916,58.1,18,15,54.5,Norfolk State Spartans,Spartans,Norfolk State,5.3,11.0,6600.0,4782.0,1818.0,454.0,6.0,27.5,21.7,,False,12.0,70.4,2.8,3.58,2.0,5.0,2.0,8.0,3.0,1.0,MEAC,I,VA,"5'10""",0.0,11.0,16.7,3.43,0.0,8.7,58.5,32.8,6.6,1.0,9.0,76.2,15.1,8.7,68.7,73.3,74.0,0.4
2453,31,2004,64.6,1985,64.0,17,14,54.8,North Alabama Lions,Lions,North Alabama,0.6,12.0,6325.0,4320.0,2005.0,625.0,7.0,31.7,31.2,,False,15.0,70.5,3.0,2.67,1.0,5.0,7.0,9.0,5.0,1.0,ASUN,I,AL,"5'10""",5.0,8.0,46.7,2.87,20.6,19.1,17.5,42.8,52.6,7.0,11.0,59.1,40.9,0.0,68.8,72.4,,0.5
2454,30,1867,62.2,2115,70.5,9,21,30.0,North Florida Ospreys,Ospreys,North Florida,-8.3,14.0,6025.0,3754.0,2271.0,667.0,9.0,37.7,35.7,,False,15.0,,,2.27,1.0,5.0,0.0,10.0,4.0,1.0,ASUN,I,FL,,5.0,6.0,0.0,2.19,25.3,30.6,43.6,0.5,0.0,0.0,10.0,77.3,22.6,0.1,,,,
2458,34,2330,68.5,2061,60.6,23,11,67.6,Northern Colorado Bears,Bears,Northern Colorado,7.9,14.0,6850.0,4506.0,2344.0,733.0,9.0,34.2,31.5,,False,14.0,70.9,3.4,2.79,2.0,4.0,4.0,7.0,7.0,0.0,Big Sky,I,CO,"5'10""",0.0,6.0,28.6,2.88,0.0,49.3,13.2,37.5,29.4,4.0,12.0,54.1,45.9,0.0,68.7,73.6,,0.9
2459,30,1726,57.5,2068,68.9,7,23,23.3,Northern Illinois Huskies,Huskies,Northern Illinois,-11.4,13.0,6025.0,4288.0,1737.0,482.0,8.0,28.8,27.9,,False,15.0,69.2,2.6,2.6,1.0,5.0,9.0,10.0,5.0,0.0,MAC,I,IL,"5'9""",5.0,7.0,60.0,2.29,31.9,3.5,14.7,36.6,52.8,6.0,10.0,64.4,35.6,0.0,68.0,71.8,,-0.8
2460,32,2171,67.8,2058,64.3,18,14,56.2,Northern Iowa Panthers,Panthers,Northern Iowa,3.5,11.0,6425.0,4383.0,2042.0,535.0,6.0,31.8,24.6,,False,12.0,70.0,3.0,2.25,1.0,4.0,2.0,7.0,5.0,0.0,MVC,I,IA,"5'10""",5.0,5.0,16.7,2.68,19.8,25.1,22.8,32.3,17.5,2.0,10.0,54.6,45.4,0.0,68.1,73.3,,-0.0
2463,30,1940,64.7,2003,66.8,10,20,33.3,Cal State Northridge Matadors,Matadors,Cal State Northridge,-2.1,13.0,6003.0,3472.0,2531.0,743.0,8.0,42.2,38.3,,False,,,,,,,,,,,,,,,,,,0.0,0.0,0.0,0.0,0.0,0.0,0.0,11.0,64.2,35.8,0.0,,,,
2464,32,2221,69.4,2382,74.4,10,22,31.2,Northern Arizona Lumberjacks,Lumberjacks,Northern Arizona,-5.0,15.0,6425.0,4214.0,2211.0,664.0,10.0,34.4,29.9,,False,15.0,70.5,2.0,2.2,1.0,5.0,9.0,11.0,4.0,0.0,Big Sky,I,AZ,"5'10""",6.0,5.0,60.0,2.39,35.8,30.8,2.5,30.9,68.4,7.0,9.0,71.8,28.2,0.0,69.9,72.0,,0.5
2465,2,99,49.5,185,92.5,0,2,0.0,Northwest University Eagles,Eagles,Northwest University,-43.0,13.0,400.0,243.0,157.0,32.0,8.0,39.2,32.3,,False,,,,,,,,,,,,,,,,,,0.0,0.0,0.0,0.0,0.0,0.0,0.0,9.0,62.0,38.0,0.0,,,,
2466,32,2036,63.6,1947,60.8,18,14,56.2,Northwestern State Lady Demons,Lady Demons,Northwestern State,2.8,14.0,6425.0,4902.0,1523.0,373.0,9.0,23.7,18.3,,False,15.0,69.4,3.7,3.2,1.0,5.0,9.0,8.0,6.0,1.0,Southland,I,LA,"5'9""",1.0,8.0,60.0,3.38,1.8,42.1,4.3,51.1,58.2,3.0,6.0,56.9,41.3,1.8,67.0,72.2,74.0,-0.6
2473,31,1974,63.7,2208,71.2,10,21,32.3,Oakland Golden Grizzlies,Golden Grizzlies,Oakland,-7.5,12.0,6225.0,4464.0,1761.0,423.0,7.0,28.3,21.4,,False,13.0,70.4,3.4,2.69,1.0,5.0,5.0,8.0,4.0,1.0,Horizon,I,MI,"5'10""",3.0,7.0,38.5,2.62,19.5,21.9,16.6,33.5,33.6,3.0,8.0,72.7,20.0,7.4,68.1,73.3,75.0,0.4
2474,1,34,34.0,119,119.0,False,1,0.0,Oakland City Mighty Oaks,Mighty Oaks,Oakland City,-85.0,7.0,200.0,155.0,45.0,2.0,2.0,22.5,5.9,,False,13.0,70.4,3.4,2.69,1.0,5.0,5.0,8.0,4.0,1.0,Horizon,I,MI,"5'10""",3.0,7.0,38.5,0.0,0.0,0.0,0.0,0.0,0.0,0.0,7.0,82.5,17.5,0.0,,,,0.4
2475,1,39,39.0,87,87.0,False,1,0.0,Occidental Tigers,Tigers,Occidental,-48.0,11.0,200.0,136.0,64.0,8.0,6.0,32.0,20.5,,False,14.0,67.1,4.1,3.21,2.0,4.0,1.0,10.0,3.0,1.0,SCIAC,III,CA,"5'7""",0.0,10.0,7.1,3.56,0.0,15.5,13.0,71.5,7.5,1.0,8.0,80.0,20.0,0.0,65.1,70.7,,-2.9
2476,1,59,59.0,108,108.0,False,1,0.0,Oglethorpe Stormy Petrels,Stormy Petrels,Oglethorpe,-49.0,18.0,200.0,91.0,109.0,24.0,13.0,54.5,40.7,,False,19.0,69.9,2.9,2.0,1.0,4.0,0.0,13.0,6.0,0.0,SAA,III,GA,"5'9""",10.0,6.0,0.0,2.46,34.5,16.5,17.5,31.5,0.0,0.0,8.0,75.0,25.0,0.0,68.4,73.2,,-0.1
2483,36,2669,74.1,2354,65.4,23,13,63.9,Oregon Ducks,Ducks,Oregon,8.7,14.0,7300.0,4917.0,2383.0,775.0,9.0,32.6,29.0,,False,15.0,72.2,2.3,2.87,1.0,4.0,7.0,9.0,6.0,0.0,Big Ten,I,OR,"6'0""",2.0,10.0,46.7,2.84,3.6,34.4,36.5,25.5,45.1,6.0,10.0,61.8,38.2,0.0,70.7,74.5,,2.2
2487,1,50,50.0,86,86.0,False,1,0.0,Pace Setters,Setters,Pace,-36.0,11.0,200.0,155.0,45.0,11.0,6.0,22.5,22.0,,False,12.0,68.7,2.6,2.33,1.0,4.0,2.0,6.0,6.0,0.0,NE10,II,NY,"5'8""",3.0,4.0,16.7,2.68,16.5,41.5,0.0,42.0,10.0,1.0,7.0,64.5,35.5,0.0,66.7,70.4,,-1.3
2489,1,67,67.0,70,70.0,False,1,0.0,Palm Beach Atlantic Sailfish,Sailfish,Palm Beach Atlantic,-3.0,7.0,200.0,159.0,41.0,8.0,2.0,20.5,11.9,,False,,,,,,,,,,,,,,,,,,0.0,0.0,0.0,0.0,0.0,0.0,0.0,7.0,100.0,0.0,0.0,,,,
2492,34,2401,70.6,2277,67.0,21,13,61.8,Pepperdine Waves,Waves,Pepperdine,3.6,12.0,6850.0,4721.0,2129.0,677.0,7.0,31.1,28.2,,False,12.0,71.2,2.5,2.83,1.0,5.0,8.0,9.0,3.0,0.0,WCC,I,CA,"5'11""",4.0,7.0,66.7,3.22,12.2,16.0,39.1,32.7,87.8,7.0,8.0,84.5,15.5,0.0,70.3,73.7,,1.2
2498,1,24,24.0,97,97.0,False,1,0.0,Pittsburgh-Johnstown Mountain Cats,Mountain Cats,Pittsburgh-Johnstown,-73.0,14.0,200.0,90.0,110.0,10.0,9.0,55.0,41.7,,False,14.0,71.2,3.8,1.93,1.0,4.0,5.0,10.0,4.0,0.0,ACC,I,PA,"5'11""",7.0,5.0,35.7,0.0,0.0,0.0,0.0,0.0,0.0,0.0,13.0,66.5,29.0,4.5,,,,1.2
2501,35,2404,68.7,2229,63.7,20,15,57.1,Portland Pilots,Pilots,Portland,5.0,13.0,7025.0,4439.0,2586.0,811.0,8.0,36.8,33.7,,False,15.0,72.7,2.5,2.0,1.0,5.0,2.0,10.0,4.0,1.0,WCC,I,OR,"6'0""",7.0,4.0,13.3,2.5,18.3,40.6,25.9,15.3,15.3,2.0,12.0,73.1,22.4,4.5,71.4,75.0,77.0,2.7
2502,31,1975,63.7,2316,74.7,6,25,19.4,Portland State Vikings,Vikings,Portland State,-11.0,13.0,6250.0,4308.0,1942.0,411.0,8.0,31.1,20.8,,False,14.0,70.0,2.6,2.71,1.0,4.0,5.0,9.0,5.0,0.0,Big Sky,I,OR,"5'10""",4.0,8.0,35.7,2.76,22.2,18.9,19.4,39.5,42.5,4.0,8.0,67.1,32.9,0.0,68.4,72.6,,-0.0
2503,1,40,40.0,114,114.0,False,1,0.0,Puerto Rico-Mayaguez Bulldogs,Bulldogs,Puerto Rico-Mayaguez,-74.0,10.0,200.0,149.0,51.0,6.0,5.0,25.5,15.0,,False,,,,,,,,,,,,,,,,,,0.0,0.0,0.0,0.0,0.0,0.0,0.0,8.0,100.0,0.0,0.0,,,,
2504,30,1635,54.5,2251,75.0,2,28,6.7,Prairie View A&M Lady Panthers,Lady Panthers,Prairie View A&M,-20.5,13.0,6000.0,4187.0,1813.0,255.0,8.0,30.2,15.6,,False,14.0,70.3,5.1,1.71,1.0,3.0,0.0,7.0,3.0,2.0,SWAC,I,TX,"5'10""",6.0,2.0,0.0,1.79,39.0,43.2,17.8,0.0,0.0,0.0,11.0,80.4,7.3,12.4,67.1,73.0,76.5,0.3
2506,30,1614,53.8,2187,72.9,3,27,10.0,Presbyterian Blue Hose,Blue Hose,Presbyterian,-19.1,13.0,6000.0,3642.0,2358.0,525.0,8.0,39.3,32.5,,False,,,,,,,,,,,,,,,,,,0.0,0.0,0.0,0.0,0.0,0.0,0.0,12.0,82.4,17.6,0.0,,,,
2507,33,1979,60.0,2108,63.9,15,18,45.5,Providence Friars,Friars,Providence,-3.9,15.0,6625.0,4251.0,2374.0,447.0,10.0,35.8,22.6,,False,14.0,,,2.14,1.0,5.0,4.0,9.0,4.0,1.0,Big East,I,RI,,6.0,4.0,28.6,2.58,26.4,30.2,9.5,28.5,40.5,3.0,9.0,67.9,31.0,1.2,,,,
2509,30,2083,69.4,2167,72.2,13,17,43.3,Purdue Boilermakers,Boilermakers,Purdue,-2.8,12.0,6050.0,4013.0,2037.0,687.0,7.0,33.7,33.0,,False,13.0,71.5,3.8,2.46,1.0,4.0,6.0,9.0,4.0,0.0,Big Ten,I,IN,"5'11""",3.0,7.0,46.2,2.55,16.9,27.5,39.4,16.3,45.2,5.0,10.0,76.4,23.6,0.0,69.5,75.8,,1.5
2511,30,1780,59.3,2025,67.5,10,20,33.3,Queens University Royals,Royals,Queens University,-8.2,12.0,6000.0,4345.0,1655.0,473.0,7.0,27.6,26.6,,False,,,,,,,,,,,,,,,,,,0.0,0.0,0.0,0.0,0.0,0.0,0.0,8.0,68.0,23.9,8.1,,,,
2514,34,2284,67.2,1786,52.5,27,7,79.4,Quinnipiac Bobcats,Bobcats,Quinnipiac,14.7,13.0,6825.0,4597.0,2228.0,733.0,8.0,32.6,32.1,,False,12.0,70.6,3.2,2.83,1.0,5.0,1.0,9.0,3.0,0.0,MAAC,I,CT,"5'10""",2.0,8.0,8.3,3.27,14.0,4.5,39.4,42.0,13.1,1.0,8.0,73.9,26.1,0.0,69.1,75.0,,0.6
2515,36,2427,67.4,2204,61.2,23,13,63.9,Radford Highlanders,Highlanders,Radford,6.2,14.0,7325.0,4766.0,2559.0,769.0,9.0,34.9,31.7,,False,14.0,71.2,3.2,2.21,1.0,5.0,0.0,8.0,5.0,1.0,Big South,I,VA,"5'11""",5.0,5.0,0.0,2.79,20.7,18.1,36.0,25.2,0.0,0.0,9.0,76.0,23.6,0.4,69.1,73.6,76.0,1.2
2518,1,40,40.0,67,67.0,False,1,0.0,Regis (CO) REGIS UNIVERSITY,REGIS UNIVERSITY,Regis (CO),-27.0,10.0,200.0,143.0,57.0,11.0,5.0,28.5,27.5,,False,11.0,68.8,2.4,2.73,1.0,5.0,7.0,9.0,2.0,0.0,RMAC,II,CO,"5'8""",2.0,6.0,63.6,3.18,8.5,23.0,27.0,41.5,67.0,5.0,8.0,73.0,27.0,0.0,68.2,72.0,,-1.2
2520,29,1540,53.1,1800,62.1,7,22,24.1,Rider Broncs,Broncs,Rider,-9.0,11.0,5825.0,4349.0,1476.0,396.0,6.0,25.3,25.7,,False,12.0,70.2,3.6,2.25,1.0,5.0,0.0,8.0,2.0,2.0,MAAC,I,NJ,"5'10""",4.0,5.0,0.0,2.43,33.2,18.1,34.9,13.7,0.0,0.0,9.0,80.8,14.6,4.7,68.1,74.0,74.5,0.2
2523,30,1915,63.8,1812,60.4,18,12,60.0,Robert Morris Colonials,Colonials,Robert Morris,3.4,14.0,6075.0,4188.0,1887.0,501.0,9.0,31.1,26.2,,False,14.0,71.0,2.8,2.36,1.0,5.0,7.0,10.0,2.0,2.0,Horizon,I,PA,"5'11""",5.0,5.0,50.0,3.22,9.5,26.2,12.1,52.1,75.6,7.0,10.0,67.9,23.5,8.6,70.3,71.5,74.0,1.0
2528,1,43,43.0,96,96.0,False,1,0.0,Rensselaer Engineers,Engineers,Rensselaer,-53.0,15.0,200.0,103.0,97.0,25.0,10.0,48.5,58.1,,False,19.0,69.5,2.9,2.63,1.0,5.0,0.0,12.0,7.0,0.0,Liberty League,III,NY,"5'9""",3.0,10.0,0.0,3.03,10.5,17.0,39.5,33.0,0.0,0.0,11.0,80.5,19.5,0.0,67.8,71.4,,-0.5
2529,31,1764,56.9,1903,61.4,13,18,41.9,Sacred Heart Pioneers,Pioneers,Sacred Heart,-4.5,14.0,6250.0,4544.0,1706.0,370.0,9.0,27.3,21.0,,False,15.0,69.5,2.9,2.6,1.0,4.0,3.0,12.0,1.0,2.0,MAAC,I,CT,"5'9""",4.0,9.0,20.0,2.9,19.0,6.9,38.7,35.4,5.4,1.0,9.0,65.4,16.2,18.4,68.3,71.0,74.0,-0.5
2534,31,2025,65.3,1857,59.9,18,13,58.1,Sam Houston Bearkats,Bearkats,Sam Houston,5.4,13.0,6225.0,4669.0,1556.0,443.0,8.0,25.0,21.9,,False,13.0,71.3,3.5,3.23,1.0,5.0,9.0,8.0,5.0,0.0,AAC,I,TX,"5'11""",3.0,9.0,69.2,0.0,0.0,0.0,0.0,0.0,0.0,0.0,7.0,67.6,30.9,1.5,,,,1.3
2535,35,2101,60.0,2265,64.7,16,19,45.7,Samford Bulldogs,Bulldogs,Samford,-4.7,14.0,7025.0,4167.0,2858.0,924.0,9.0,40.7,44.0,,False,14.0,69.9,3.5,2.29,1.0,5.0,0.0,10.0,3.0,1.0,SoCon,I,AL,"5'9""",6.0,5.0,0.0,2.45,34.5,26.0,5.0,34.5,0.0,0.0,11.0,80.6,12.5,6.8,68.2,73.3,77.0,-0.1
2539,34,2317,68.1,2305,67.8,19,15,55.9,San Francisco Dons,Dons,San Francisco,0.3,13.0,6899.0,4640.0,2259.0,595.0,8.0,32.7,25.7,,False,13.0,71.3,3.1,2.54,1.0,5.0,0.0,7.0,6.0,0.0,WCC,I,CA,"5'11""",5.0,5.0,0.0,2.48,40.9,25.8,4.0,29.4,0.0,0.0,10.0,63.7,36.3,0.0,69.1,73.8,,1.3
2540,30,1985,66.2,1796,59.9,20,10,66.7,UC Santa Barbara Gauchos,Gauchos,UC Santa Barbara,6.3,13.0,6000.0,4291.0,1709.0,513.0,8.0,28.5,25.8,,False,14.0,70.1,2.8,2.36,1.0,4.0,2.0,11.0,3.0,0.0,Big West,I,CA,"5'10""",4.0,6.0,14.3,2.71,9.5,30.2,40.3,20.0,22.8,2.0,9.0,60.0,40.0,0.0,69.9,72.7,,0.1
2541,34,2728,80.2,2333,68.6,24,10,70.6,Santa Clara Broncos,Broncos,Santa Clara,11.6,12.0,6825.0,4662.0,2163.0,828.0,7.0,31.7,30.4,,False,15.0,70.9,2.4,2.47,1.0,5.0,0.0,9.0,6.0,0.0,WCC,I,CA,"5'10""",6.0,7.0,0.0,2.85,23.6,12.9,39.9,23.6,0.0,0.0,9.0,57.6,42.4,0.0,68.7,73.2,,0.9
2544,1,35,35.0,90,90.0,False,1,0.0,Schreiner Mountaineers,Mountaineers,Schreiner,-55.0,22.0,200.0,82.0,118.0,24.0,17.0,59.0,68.6,,False,20.0,67.0,3.3,2.35,1.0,4.0,0.0,14.0,4.0,2.0,SCAC,III,TX,"5'7""",6.0,8.0,0.0,2.48,18.5,22.0,14.0,36.0,0.0,0.0,12.0,68.0,18.0,14.0,65.5,69.8,72.5,-3.0
2545,29,1717,59.2,2155,74.3,5,24,17.2,SE Louisiana Lady Lions,Lady Lions,SE Louisiana,-15.1,12.0,5850.0,3680.0,2170.0,423.0,7.0,37.1,24.6,,False,12.0,68.5,3.0,2.83,1.0,5.0,9.0,9.0,3.0,0.0,Sun Belt,I,LA,"5'8""",3.0,9.0,75.0,0.0,0.0,0.0,0.0,0.0,0.0,0.0,12.0,82.8,17.2,0.0,,,,-1.5
2546,32,2137,66.8,2143,67.0,14,18,43.8,Southeast Missouri State Redhawks,Redhawks,Southeast Missouri State,-0.2,14.0,6400.0,4087.0,2313.0,661.0,9.0,36.1,30.9,,False,14.0,70.1,2.8,3.0,1.0,5.0,7.0,10.0,2.0,2.0,OVC,I,MO,"5'10""",3.0,8.0,50.0,3.68,12.0,19.0,8.4,60.5,63.8,5.0,9.0,78.6,10.7,10.7,69.0,73.5,72.5,0.1
2547,30,1829,61.0,2278,75.9,5,25,16.7,Seattle U Redhawks,Redhawks,Seattle U,-14.9,11.0,6000.0,3950.0,2050.0,450.0,6.0,34.2,24.6,,False,11.0,,,2.73,1.0,5.0,6.0,7.0,3.0,1.0,WAC,I,WA,,3.0,5.0,54.5,0.0,0.0,0.0,0.0,0.0,0.0,0.0,10.0,63.6,29.4,7.0,,,,
2548,1,44,44.0,81,81.0,False,1,0.0,Seattle Pacific Falcons,Falcons,Seattle Pacific,-37.0,12.0,200.0,145.0,55.0,6.0,7.0,27.5,13.6,,False,17.0,70.4,3.2,1.82,1.0,4.0,3.0,9.0,2.0,2.0,Great Northwest,II,WA,"5'10""",10.0,6.0,17.6,2.06,40.0,14.0,46.0,0.0,6.0,1.0,8.0,87.0,7.0,6.0,69.0,72.0,76.0,0.4
2550,32,2160,67.5,2053,64.2,19,13,59.4,Seton Hall Pirates,Pirates,Seton Hall,3.3,13.0,6451.0,4273.0,2178.0,576.0,8.0,33.8,26.7,,False,14.0,71.1,2.7,2.36,1.0,4.0,5.0,9.0,5.0,0.0,Big East,I,NJ,"5'11""",5.0,6.0,35.7,2.89,19.8,16.0,19.7,44.5,40.8,3.0,9.0,73.7,26.3,0.0,69.3,73.8,,1.1
2551,2,76,38.0,163,81.5,0,2,0.0,Shaw Bears,Bears,Shaw,-43.5,12.0,400.0,253.0,147.0,21.0,7.0,36.8,27.6,,False,16.0,70.3,3.6,3.0,1.0,4.0,0.0,10.0,5.0,1.0,CIAA,II,NC,"5'10""",2.0,12.0,0.0,3.32,2.0,20.5,21.5,56.0,0.0,0.0,9.0,54.2,30.8,15.0,66.8,72.4,75.0,0.3
2553,2,92,46.0,220,110.0,0,2,0.0,Sewanee Tigers,Tigers,Sewanee,-64.0,12.0,400.0,245.0,155.0,29.0,7.0,38.8,31.5,,False,13.0,69.1,2.2,2.15,1.0,4.0,0.0,8.0,5.0,0.0,SAA,III,TN,"5'9""",5.0,4.0,0.0,2.16,43.0,23.2,8.5,25.2,0.0,0.0,8.0,75.0,25.0,0.0,68.4,70.2,,-0.9
2560,1,36,36.0,85,85.0,False,1,0.0,Shorter Hawks,Hawks,Shorter,-49.0,12.0,200.0,143.0,57.0,6.0,7.0,28.5,16.7,,False,16.0,69.1,3.4,2.88,1.0,4.0,0.0,9.0,7.0,0.0,Gulf South,II,GA,"5'9""",3.0,11.0,0.0,2.78,13.0,23.0,36.5,27.5,0.0,0.0,6.0,41.5,58.5,0.0,66.2,72.2,,-0.9
2561,30,1974,65.8,1964,65.5,13,17,43.3,Siena Saints,Saints,Siena,0.3,14.0,6025.0,3518.0,2507.0,617.0,9.0,41.6,31.3,,False,14.0,70.1,2.8,2.5,1.0,5.0,6.0,14.0,0.0,0.0,MAAC,I,NY,"5'10""",5.0,6.0,42.9,2.55,29.8,26.1,23.9,20.2,48.7,4.0,11.0,100.0,0.0,0.0,70.1,,,0.1
2565,32,1988,62.1,1917,59.9,16,16,50.0,SIU Edwardsville Cougars,Cougars,SIU Edwardsville,2.2,14.0,6450.0,4289.0,2161.0,457.0,9.0,33.5,23.0,,False,,,,,,,,,,,,,,,,,,0.0,0.0,0.0,0.0,0.0,0.0,0.0,8.0,52.0,48.0,0.0,,,,
2567,30,1854,61.8,2241,74.7,9,21,30.0,SMU Mustangs,Mustangs,SMU,-12.9,12.0,6000.0,3504.0,2496.0,795.0,7.0,41.6,42.9,,False,15.0,70.9,2.7,3.07,1.0,5.0,0.0,8.0,7.0,0.0,ACC,I,TX,"5'10""",3.0,10.0,0.0,3.42,7.9,14.6,8.8,68.8,0.0,0.0,11.0,52.7,47.3,0.0,69.3,73.2,,0.9
2568,1,46,46.0,97,97.0,False,1,0.0,Southern Arkansas Muleriders,Muleriders,Southern Arkansas,-51.0,11.0,200.0,129.0,71.0,14.0,6.0,35.5,30.4,,False,13.0,71.4,3.1,2.46,1.0,4.0,3.0,8.0,3.0,2.0,SEC,I,AR,"5'11""",3.0,7.0,23.1,0.0,0.0,0.0,0.0,0.0,0.0,0.0,9.0,73.5,26.5,0.0,,,,1.4
2569,30,1616,53.9,2111,70.4,5,25,16.7,South Carolina State Lady Bulldogs,Lady Bulldogs,South Carolina State,-16.5,18.0,6025.0,3119.0,2906.0,784.0,13.0,48.2,48.5,,False,11.0,73.1,3.4,2.82,1.0,4.0,1.0,6.0,4.0,1.0,SEC,I,SC,"6'1""",2.0,6.0,9.1,0.0,0.0,0.0,0.0,0.0,0.0,0.0,13.0,55.9,26.8,17.4,,,,3.1
2571,34,2581,75.9,2093,61.6,27,7,79.4,South Dakota State Jackrabbits,Jackrabbits,South Dakota State,14.3,13.0,6800.0,4029.0,2771.0,816.0,8.0,40.8,31.6,,False,13.0,71.8,2.6,2.08,1.0,4.0,1.0,6.0,4.0,0.0,Summit League,I,SD,"5'11""",6.0,4.0,7.7,2.53,28.6,26.3,8.2,36.8,8.2,1.0,9.0,58.9,41.1,0.0,70.5,73.2,,1.8
2572,31,2304,74.3,2294,74.0,15,16,48.4,Southern Miss Lady Eagles,Lady Eagles,Southern Miss,0.3,13.0,6225.0,4289.0,1936.0,618.0,8.0,31.1,26.8,,False,13.0,70.9,3.7,3.46,1.0,5.0,10.0,9.0,2.0,2.0,Sun Belt,I,MS,"5'10""",2.0,10.0,76.9,3.99,11.4,1.1,10.4,77.2,82.3,6.0,8.0,80.1,8.3,11.6,69.4,73.0,76.0,0.9
2573,1,34,34.0,84,84.0,False,1,0.0,Southern New Orleans Knights,Knights,Southern New Orleans,-50.0,5.0,200.0,200.0,0.0,0.0,0.0,0.0,0.0,,False,15.0,70.1,3.1,3.53,1.0,5.0,0.0,10.0,5.0,0.0,Southland,I,LA,"5'10""",2.0,13.0,0.0,0.0,0.0,0.0,0.0,0.0,0.0,0.0,5.0,80.0,20.0,0.0,,,,0.1
2576,2,89,44.5,186,93.0,0,2,0.0,Southern Wesleyan Warriors,Warriors,Southern Wesleyan,-48.5,10.0,400.0,267.0,133.0,22.0,5.0,33.2,24.7,,False,17.0,68.4,3.2,2.0,1.0,3.0,6.0,13.0,4.0,0.0,Conference Carolinas,II,SC,"5'8""",5.0,5.0,35.3,1.92,28.5,50.7,20.8,0.0,33.5,3.0,8.0,88.5,11.5,0.0,66.9,70.0,,-1.6
2579,40,3423,85.6,2312,57.8,36,4,90.0,South Carolina Gamecocks,Gamecocks,South Carolina,27.8,11.0,8025.0,5325.0,2700.0,780.0,6.0,33.6,22.8,2.0,True,11.0,73.1,3.4,2.82,1.0,4.0,1.0,6.0,4.0,1.0,SEC,I,SC,"6'1""",2.0,6.0,9.1,2.79,13.9,26.5,13.3,43.1,5.3,1.0,11.0,61.9,26.8,11.3,70.7,76.0,78.0,3.1
2582,34,2080,61.2,2047,60.2,20,14,58.8,Southern Jaguars,Jaguars,Southern,1.0,13.0,6800.0,3752.0,3048.0,973.0,8.0,44.8,46.8,,False,15.0,69.9,3.6,3.33,1.0,5.0,0.0,12.0,1.0,2.0,SWAC,I,LA,"5'9""",1.0,12.0,0.0,3.32,0.6,19.9,37.6,41.8,0.0,0.0,10.0,83.6,9.7,6.6,68.6,73.0,76.5,-0.1
2589,1,51,51.0,77,77.0,False,1,0.0,Spalding Pelicans,Pelicans,Spalding,-26.0,11.0,200.0,133.0,67.0,19.0,6.0,33.5,37.3,,False,16.0,67.6,2.3,2.19,1.0,4.0,0.0,14.0,2.0,0.0,SLIAC,III,KY,"5'7""",7.0,5.0,0.0,2.37,44.0,15.5,0.0,40.5,0.0,0.0,8.0,85.0,15.0,0.0,67.2,70.0,,-2.4
2595,1,55,55.0,90,90.0,False,1,0.0,St. Francis (IL) Fighting Saints,Fighting Saints,St. Francis (IL),-35.0,13.0,200.0,112.0,88.0,16.0,8.0,44.0,29.1,,False,,,,,,,,,,,,,,,,,,0.0,0.0,0.0,0.0,0.0,0.0,0.0,10.0,80.0,10.0,10.0,,,,
2598,30,1704,56.8,2110,70.3,3,27,10.0,Saint Francis Red Flash,Red Flash,Saint Francis,-13.5,11.0,6000.0,3816.0,2184.0,545.0,6.0,36.4,32.0,,False,,,,,,,,,,,,,,,,,,0.0,0.0,0.0,0.0,0.0,0.0,0.0,10.0,60.5,26.7,12.8,,,,
2599,34,2087,61.4,2081,61.2,22,12,64.7,St. John's Red Storm,Red Storm,St. John's,0.2,12.0,6800.0,4265.0,2535.0,782.0,7.0,37.3,37.5,,False,12.0,,,3.0,1.0,5.0,0.0,7.0,5.0,0.0,Big East,I,NY,,1.0,8.0,0.0,3.24,1.2,23.4,38.1,37.3,0.0,0.0,9.0,63.2,36.8,0.0,,,,
2603,31,2062,66.5,1814,58.5,20,11,64.5,Saint Joseph's Hawks,Hawks,Saint Joseph's,8.0,14.0,6200.0,4316.0,1884.0,483.0,9.0,30.4,23.4,,False,,,,,,,,,,,,,,,,,,0.0,0.0,0.0,0.0,0.0,0.0,0.0,9.0,77.4,22.6,0.0,,,,
2606,1,41,41.0,46,46.0,False,1,0.0,Saint Martin's Saints,Saints,Saint Martin's,-5.0,10.0,225.0,156.0,69.0,13.0,5.0,30.7,31.7,,False,15.0,68.3,2.5,2.73,1.0,4.0,4.0,10.0,5.0,0.0,Great Northwest,II,WA,"5'8""",3.0,8.0,26.7,2.77,14.2,40.0,0.0,45.8,20.4,2.0,8.0,65.8,34.2,0.0,67.0,71.3,,-1.7
2608,32,1918,59.9,1900,59.4,15,17,46.9,Saint Mary's Gaels,Gaels,Saint Mary's,0.5,13.0,6500.0,3758.0,2742.0,728.0,8.0,42.2,38.0,,False,14.0,71.1,2.5,1.86,1.0,4.0,0.0,10.0,1.0,3.0,NSIC,II,ND,"5'11""",6.0,3.0,0.0,0.0,0.0,0.0,0.0,0.0,0.0,0.0,11.0,68.6,31.4,0.0,,,,1.1
2610,3,124,41.3,190,63.3,0,3,0.0,St. Mary's (TX) Rattlers,Rattlers,St. Mary's (TX),-22.0,14.0,600.0,314.0,286.0,46.0,9.0,47.7,37.1,,False,15.0,69.3,3.1,2.8,1.0,4.0,10.0,12.0,3.0,0.0,Lone Star,II,TX,"5'9""",1.0,8.0,66.7,2.8,4.3,41.0,25.3,29.3,59.5,6.0,11.0,77.5,22.5,0.0,67.9,74.0,,-0.7
2612,30,1537,51.2,1874,62.5,7,23,23.3,Saint Peter's Peacocks,Peacocks,Saint Peter's,-11.3,12.0,6000.0,3962.0,2038.0,477.0,7.0,34.0,31.0,,False,13.0,69.3,3.1,3.0,1.0,5.0,7.0,10.0,2.0,1.0,MAAC,I,NJ,"5'9""",2.0,9.0,53.8,3.16,9.8,16.8,36.6,36.8,62.0,6.0,9.0,65.2,23.4,11.4,68.4,71.5,75.0,-0.7
2616,2,93,46.5,204,102.0,0,2,0.0,Stanislaus State Warriors,Warriors,Stanislaus State,-55.5,12.0,400.0,234.0,166.0,33.0,7.0,41.5,35.5,,False,,,,,,,,,,,,,,,,,,0.0,0.0,0.0,0.0,0.0,0.0,0.0,11.0,65.5,34.5,0.0,,,,
2617,35,2635,75.3,2342,66.9,25,10,71.4,Stephen F. Austin Ladyjacks,Ladyjacks,Stephen F. Austin,8.4,9.0,7050.0,4813.0,2237.0,732.0,4.0,31.7,27.8,,False,12.0,69.8,3.6,2.42,1.0,5.0,5.0,10.0,1.0,1.0,Southland,I,TX,"5'9""",4.0,4.0,41.7,2.14,30.0,48.1,0.0,21.9,37.0,3.0,9.0,89.6,10.4,0.0,68.7,75.0,,-0.2
2619,33,1896,57.5,1894,57.4,18,15,54.5,Stony Brook Seawolves,Seawolves,Stony Brook,0.1,14.0,6625.0,4526.0,2099.0,505.0,9.0,31.7,26.6,,False,15.0,69.7,3.5,2.87,1.0,5.0,7.0,9.0,6.0,0.0,CAA,I,NY,"5'9""",4.0,9.0,46.7,2.94,25.0,15.2,30.2,29.6,61.4,6.0,10.0,63.9,36.1,0.0,67.4,73.0,,-0.3
2623,36,2363,65.6,2236,62.1,23,13,63.9,Missouri State Lady Bears,Lady Bears,Missouri State,3.5,14.0,7225.0,4846.0,2379.0,589.0,9.0,32.9,24.9,,False,13.0,71.4,3.4,2.77,1.0,4.0,8.0,10.0,3.0,0.0,SEC,I,MO,"5'11""",2.0,9.0,61.5,0.0,0.0,0.0,0.0,0.0,0.0,0.0,9.0,62.2,37.8,0.0,,,,1.4
2625,2,87,43.5,175,87.5,0,2,0.0,Talladega Tornadoes,Tornadoes,Talladega,-44.0,12.0,400.0,237.0,163.0,13.0,7.0,40.8,14.9,,False,21.0,67.7,3.2,2.52,1.0,4.0,0.0,12.0,5.0,1.0,,NAIA,AL,"5'7""",6.0,13.0,0.0,3.08,7.0,9.2,52.0,31.8,0.0,0.0,10.0,68.8,31.2,0.0,66.1,70.8,,-2.3
2627,31,2009,64.8,2021,65.2,14,17,45.2,Tarleton State Texans,Texans,Tarleton State,-0.4,15.0,6300.0,3926.0,2374.0,506.0,10.0,37.7,25.2,,False,,,,,,,,,,,,,,,,,,0.0,0.0,0.0,0.0,0.0,0.0,0.0,11.0,69.0,21.0,10.0,,,,
2628,38,2917,76.8,2161,56.9,32,6,84.2,TCU Horned Frogs,Horned Frogs,TCU,19.9,12.0,7651.0,5729.0,1922.0,481.0,7.0,25.1,16.5,8.0,True,14.0,74.7,3.8,3.29,1.0,5.0,10.0,7.0,3.0,4.0,Big 12,I,TX,"6'2""",3.0,9.0,71.4,3.81,5.3,13.4,16.8,64.5,94.7,8.0,9.0,65.5,16.5,18.0,71.8,74.5,79.0,4.7
2630,30,1878,62.6,1890,63.0,13,17,43.3,UT Martin Skyhawks,Skyhawks,UT Martin,-0.4,12.0,6075.0,4428.0,1647.0,422.0,7.0,27.1,22.5,,False,13.0,,,1.85,1.0,4.0,0.0,7.0,6.0,0.0,OVC,I,TN,,7.0,4.0,0.0,2.16,31.9,19.1,48.5,0.0,0.0,0.0,9.0,61.3,38.7,0.0,,,,
2633,30,2293,76.4,2089,69.6,16,14,53.3,Tennessee Lady Volunteers,Lady Volunteers,Tennessee,6.8,13.0,6025.0,3502.0,2523.0,603.0,8.0,41.9,26.3,8.0,True,13.0,72.0,4.5,2.54,1.0,4.0,6.0,9.0,4.0,0.0,SEC,I,TN,"6'0""",5.0,7.0,46.2,2.62,35.8,4.7,21.2,38.3,58.6,5.0,11.0,65.3,34.7,0.0,69.5,75.8,,2.0
2634,29,1710,59.0,2186,75.4,5,24,17.2,Tennessee State Lady Tigers,Lady Tigers,Tennessee State,-16.4,13.0,5800.0,3409.0,2391.0,530.0,8.0,41.2,31.0,,False,13.0,72.0,4.5,2.54,1.0,4.0,6.0,9.0,4.0,0.0,SEC,I,TN,"6'0""",5.0,7.0,46.2,0.0,0.0,0.0,0.0,0.0,0.0,0.0,12.0,72.4,21.4,6.2,,,,2.0
2635,29,1920,66.2,1866,64.3,15,14,51.7,Tennessee Tech Golden Eagles,Golden Eagles,Tennessee Tech,1.9,12.0,5850.0,4225.0,1625.0,358.0,7.0,27.8,18.6,,False,12.0,69.9,2.8,2.33,1.0,5.0,1.0,7.0,4.0,1.0,OVC,I,TN,"5'9""",4.0,4.0,8.3,2.86,25.6,22.9,6.8,44.7,0.4,0.0,8.0,73.0,22.8,4.2,68.0,72.2,74.0,-0.1
2636,34,2031,59.7,1997,58.7,18,16,52.9,UTSA Roadrunners,Roadrunners,UTSA,1.0,11.0,6800.0,4726.0,2074.0,516.0,6.0,30.5,25.4,,False,,,,,,,,,,,,,,,,,,0.0,0.0,0.0,0.0,0.0,0.0,0.0,8.0,63.8,36.2,0.0,,,,
2637,1,63,63.0,74,74.0,False,1,0.0,Texas College Steers,Steers,Texas College,-11.0,11.0,200.0,139.0,61.0,8.0,6.0,30.5,12.7,,False,13.0,72.4,3.8,2.85,1.0,5.0,4.0,7.0,4.0,2.0,Big 12,I,TX,"6'0""",2.0,7.0,30.8,0.0,0.0,0.0,0.0,0.0,0.0,0.0,7.0,59.0,41.0,0.0,,,,2.4
2638,30,1983,66.1,2094,69.8,13,17,43.3,UTEP Miners,Miners,UTEP,-3.7,14.0,6100.0,3924.0,2176.0,673.0,9.0,35.7,33.9,,False,,,,,,,,,,,,,,,,,,0.0,0.0,0.0,0.0,0.0,0.0,0.0,7.0,74.5,25.5,0.0,,,,
2640,31,2053,66.2,2225,71.8,10,21,32.3,Texas Southern Tigers,Tigers,Texas Southern,-5.6,12.0,6200.0,3508.0,2692.0,800.0,7.0,43.4,39.0,,False,13.0,69.3,3.5,3.69,2.0,5.0,0.0,10.0,3.0,0.0,SWAC,I,TX,"5'9""",0.0,12.0,0.0,3.51,0.0,10.8,51.1,38.1,0.0,0.0,12.0,81.4,18.6,0.0,67.6,73.3,,-0.7
2641,34,2407,70.8,2011,59.1,26,8,76.5,Texas Tech Lady Raiders,Lady Raiders,Texas Tech,11.7,12.0,6800.0,4859.0,1941.0,627.0,7.0,28.5,26.0,16.0,True,12.0,72.4,2.9,3.67,2.0,4.0,8.0,9.0,3.0,0.0,Big 12,I,TX,"6'0""",0.0,11.0,66.7,3.85,0.0,0.6,13.5,85.9,74.3,6.0,8.0,83.8,16.2,0.0,71.4,75.0,,2.4
2644,1,33,33.0,104,104.0,False,1,0.0,Thiel Tomcats,Tomcats,Thiel,-71.0,10.0,200.0,135.0,65.0,10.0,5.0,32.5,30.3,,False,14.0,67.9,2.0,2.07,1.0,4.0,0.0,8.0,5.0,1.0,PAC,III,PA,"5'7""",5.0,4.0,0.0,1.9,38.5,38.0,18.5,5.0,0.0,0.0,9.0,63.0,21.5,15.5,66.3,68.5,70.0,-2.1
2645,1,37,37.0,81,81.0,False,1,0.0,Thomas (GA) Night Hawks,Night Hawks,Thomas (GA),-44.0,10.0,200.0,146.0,54.0,2.0,5.0,27.0,5.4,,False,,,,,,,,,,,,,,,,,,0.0,0.0,0.0,0.0,0.0,0.0,0.0,8.0,63.5,20.5,16.0,,,,
2649,32,2083,65.1,2024,63.2,17,15,53.1,Toledo Rockets,Rockets,Toledo,1.9,13.0,6400.0,4090.0,2310.0,532.0,8.0,36.1,25.5,,False,11.0,,,2.45,1.0,5.0,0.0,7.0,2.0,1.0,MAC,I,OH,,2.0,5.0,0.0,2.18,1.9,25.6,30.3,14.8,0.0,0.0,10.0,72.2,22.8,5.0,,,,
2650,1,38,38.0,67,67.0,False,1,0.0,Tougaloo Bulldogs,Bulldogs,Tougaloo,-29.0,10.0,200.0,151.0,49.0,6.0,5.0,24.5,15.8,,False,,,,,,,,,,,,,,,,,,0.0,0.0,0.0,0.0,0.0,0.0,0.0,7.0,45.5,50.5,0.0,,,,
2653,33,2684,81.3,2306,69.9,25,8,75.8,Troy Trojans,Trojans,Troy,11.4,12.0,6600.0,4345.0,2255.0,662.0,7.0,34.2,24.7,,False,13.0,70.7,3.4,2.85,1.0,4.0,9.0,8.0,5.0,0.0,Sun Belt,I,AL,"5'10""",4.0,8.0,69.2,3.52,11.0,5.3,4.1,79.6,89.0,8.0,9.0,66.5,33.5,0.0,68.6,74.7,,0.7
2654,1,43,43.0,86,86.0,False,1,0.0,Truman State Bulldogs,Bulldogs,Truman State,-43.0,11.0,200.0,125.0,75.0,10.0,6.0,37.5,23.3,,False,15.0,69.3,2.1,2.0,1.0,4.0,0.0,9.0,6.0,0.0,GLVC,II,MO,"5'9""",6.0,5.0,0.0,1.96,43.0,22.5,29.5,5.0,0.0,0.0,10.0,79.5,20.5,0.0,68.1,71.0,,-0.7
2655,31,2015,65.0,2079,67.1,11,20,35.5,Tulane Green Wave,Green Wave,Tulane,-2.1,13.0,6275.0,3998.0,2277.0,600.0,8.0,36.3,29.8,,False,14.0,69.9,2.3,3.07,1.0,5.0,7.0,10.0,4.0,0.0,AAC,I,LA,"5'9""",3.0,9.0,50.0,3.09,20.5,12.0,21.5,46.0,52.9,5.0,10.0,67.7,32.3,0.0,68.8,73.0,,-0.1
2657,1,44,44.0,64,64.0,False,1,0.0,Tuskegee Golden Tigers,Golden Tigers,Tuskegee,-20.0,13.0,200.0,151.0,49.0,3.0,8.0,24.5,6.8,,False,17.0,69.8,3.2,3.06,1.0,4.0,15.0,12.0,2.0,3.0,SIAC,II,AL,"5'9""",1.0,13.0,88.2,3.4,2.5,0.5,51.5,45.5,94.0,7.0,7.0,64.0,11.5,24.5,67.6,73.0,74.3,-0.2
2658,1,40,40.0,82,82.0,False,1,0.0,Texas A&M-Kingsville Javelinas,Javelinas,Texas A&M-Kingsville,-42.0,11.0,200.0,143.0,57.0,11.0,6.0,28.5,27.5,,False,13.0,72.4,3.8,2.85,1.0,5.0,4.0,7.0,4.0,2.0,Big 12,I,TX,"6'0""",2.0,7.0,30.8,0.0,0.0,0.0,0.0,0.0,0.0,0.0,8.0,43.5,56.5,0.0,,,,2.4
2660,1,46,46.0,97,97.0,False,1,0.0,UMass Boston UMASS BOSTON,UMASS BOSTON,UMass Boston,-51.0,10.0,200.0,122.0,78.0,23.0,5.0,39.0,50.0,,False,16.0,67.2,2.3,2.44,1.0,4.0,6.0,11.0,4.0,1.0,Little East,III,MA,"5'7""",5.0,9.0,37.5,2.5,14.5,23.5,28.0,26.0,28.0,3.0,10.0,85.0,15.0,0.0,66.2,68.0,,-2.8
2667,1,19,19.0,85,85.0,False,1,0.0,Ursinus Bears,Bears,Ursinus,-66.0,13.0,200.0,114.0,86.0,7.0,8.0,43.0,36.8,,False,19.0,68.7,3.0,2.32,1.0,4.0,0.0,11.0,7.0,1.0,Centennial,III,PA,"5'8""",7.0,8.0,0.0,2.88,16.5,16.5,29.5,37.5,0.0,0.0,9.0,62.0,30.0,8.0,67.9,71.3,72.0,-1.3
2670,31,1759,56.7,2088,67.4,8,23,25.8,VCU Rams,Rams,VCU,-10.7,14.0,6200.0,3308.0,2892.0,923.0,9.0,46.6,52.5,,False,,,,,,,,,,,,,,,,,,0.0,0.0,0.0,0.0,0.0,0.0,0.0,12.0,68.2,31.8,0.0,,,,
2674,32,1778,55.6,2608,81.5,0,32,0.0,Valparaiso Beacons,Beacons,Valparaiso,-25.9,13.0,6425.0,3869.0,2556.0,542.0,8.0,39.8,30.5,,False,16.0,69.6,3.7,2.5,1.0,4.0,8.0,11.0,4.0,1.0,MVC,I,IN,"5'9""",4.0,9.0,50.0,2.63,26.3,11.9,34.7,27.2,55.2,5.0,10.0,67.2,26.5,6.3,67.4,73.0,75.0,-0.4
2681,30,1709,57.0,1789,59.6,13,17,43.3,Wagner Seahawks,Seahawks,Wagner,-2.6,13.0,6000.0,3819.0,2181.0,501.0,8.0,36.4,29.3,,False,14.0,70.6,3.2,3.36,1.0,5.0,8.0,9.0,3.0,2.0,NEC,I,NY,"5'10""",1.0,12.0,57.1,3.38,4.8,14.3,22.5,58.4,59.8,7.0,11.0,75.0,8.2,16.8,68.7,73.5,75.5,0.6
2682,1,55,55.0,79,79.0,False,1,0.0,Walsh Cavaliers,Cavaliers,Walsh,-24.0,11.0,200.0,139.0,61.0,12.0,6.0,30.5,21.8,,False,15.0,69.0,3.0,2.73,1.0,4.0,5.0,9.0,3.0,0.0,G-MAC,II,OH,"5'9""",2.0,10.0,33.3,3.15,2.0,13.5,52.0,32.5,24.5,2.0,8.0,78.5,21.5,0.0,67.9,71.5,,-1.0
2683,1,40,40.0,105,105.0,False,1,0.0,Warner University Royals,Royals,Warner University,-65.0,16.0,200.0,93.0,107.0,13.0,11.0,53.5,32.5,,False,,,,,,,,,,,,,,,,,,0.0,0.0,0.0,0.0,0.0,0.0,0.0,11.0,77.5,18.0,4.5,,,,
2684,2,89,44.5,221,110.5,0,2,0.0,Warren Wilson Owls,Owls,Warren Wilson,-66.0,11.0,400.0,234.0,166.0,16.0,6.0,41.5,18.0,,False,14.0,65.3,3.0,2.64,1.0,5.0,0.0,11.0,3.0,0.0,C2C,III,NC,"5'5""",3.0,6.0,0.0,2.32,31.0,41.2,5.5,22.2,0.0,0.0,11.0,73.0,27.0,0.0,64.6,68.0,,-4.7
2692,33,2108,63.9,2221,67.3,11,22,33.3,Weber State Wildcats,Wildcats,Weber State,-3.4,12.0,6649.0,4615.0,2034.0,492.0,7.0,30.6,23.3,,False,15.0,71.2,2.5,2.87,2.0,4.0,0.0,12.0,3.0,0.0,Big Sky,I,UT,"5'11""",0.0,11.0,0.0,3.18,0.0,10.0,61.9,28.0,0.0,0.0,9.0,69.2,30.8,0.0,70.3,73.5,,1.2
2695,2,106,53.0,132,66.0,1,1,50.0,West Alabama Tigers,Tigers,West Alabama,-13.0,12.0,400.0,245.0,155.0,42.0,7.0,38.8,39.6,,False,14.0,68.1,2.3,2.79,1.0,5.0,0.0,9.0,3.0,2.0,Gulf South,II,AL,"5'8""",4.0,10.0,0.0,3.13,16.8,0.0,46.5,36.8,0.0,0.0,8.0,74.0,13.5,12.5,66.9,70.0,72.0,-1.9
2698,31,2263,73.0,2116,68.3,18,13,58.1,West Georgia Wolves,Wolves,West Georgia,4.7,12.0,6350.0,4881.0,1469.0,482.0,7.0,23.1,21.3,,False,13.0,69.3,3.3,2.92,1.0,4.0,0.0,8.0,5.0,0.0,ASUN,I,GA,"5'9""",1.0,9.0,0.0,2.95,0.0,26.9,51.2,21.9,0.0,0.0,7.0,59.3,40.7,0.0,67.1,72.2,,-0.7
2699,1,73,73.0,102,102.0,False,1,0.0,West Liberty Hilltoppers,Hilltoppers,West Liberty,-29.0,9.0,200.0,126.0,74.0,32.0,4.0,37.0,43.8,,False,14.0,68.4,2.5,1.93,1.0,4.0,2.0,11.0,3.0,0.0,MEC,II,WV,"5'8""",7.0,3.0,14.3,2.35,28.0,40.5,0.0,31.5,28.0,2.0,9.0,91.0,9.0,0.0,67.2,71.0,,-1.6
2701,1,33,33.0,74,74.0,False,1,0.0,Montana Western Bulldogs,Bulldogs,Montana Western,-41.0,9.0,200.0,127.0,73.0,11.0,4.0,36.5,33.3,,False,14.0,69.9,2.3,2.64,1.0,4.0,6.0,12.0,2.0,0.0,Big Sky,I,MT,"5'9""",2.0,8.0,42.9,0.0,0.0,0.0,0.0,0.0,0.0,0.0,9.0,58.0,42.0,0.0,,,,-0.1
2703,2,100,50.0,157,78.5,0,2,0.0,Western New Mexico Mustangs,Mustangs,Western New Mexico,-28.5,13.0,400.0,235.0,165.0,35.0,8.0,41.2,35.0,,False,13.0,70.8,3.5,2.31,1.0,4.0,0.0,9.0,4.0,0.0,Mountain West,I,NM,"5'10""",4.0,6.0,0.0,0.0,0.0,0.0,0.0,0.0,0.0,0.0,12.0,65.2,24.8,10.0,,,,0.8
2710,32,2403,75.1,1945,60.8,26,6,81.2,Western Illinois Leathernecks,Leathernecks,Western Illinois,14.3,12.0,6450.0,5186.0,1264.0,483.0,7.0,19.6,20.1,,False,13.0,69.8,3.3,2.69,1.0,5.0,0.0,8.0,5.0,0.0,Summit League,I,IL,"5'9""",3.0,7.0,0.0,3.59,4.0,11.4,20.3,64.4,0.0,0.0,7.0,65.6,34.4,0.0,68.0,73.0,,-0.2
2711,29,1631,56.2,1901,65.6,9,20,31.0,Western Michigan Broncos,Broncos,Western Michigan,-9.4,11.0,5825.0,4046.0,1779.0,439.0,6.0,30.5,26.9,,False,13.0,70.6,3.5,2.77,1.0,5.0,4.0,8.0,4.0,1.0,MAC,I,MI,"5'10""",3.0,7.0,30.8,2.78,6.0,36.7,13.7,39.3,24.9,2.0,9.0,61.4,38.6,0.0,66.8,73.8,,0.6
2716,1,51,51.0,74,74.0,False,1,0.0,Westmont Warriors,Warriors,Westmont,-23.0,10.0,200.0,128.0,72.0,12.0,5.0,36.0,23.5,,False,12.0,68.8,3.9,2.83,1.0,4.0,2.0,8.0,4.0,0.0,PacWest,II,CA,"5'8""",1.0,7.0,16.7,3.06,0.0,38.0,18.5,43.5,18.5,2.0,9.0,67.0,33.0,0.0,66.8,73.0,,-1.2
2717,29,1625,56.0,1928,66.5,3,26,10.3,Western Carolina Catamounts,Catamounts,Western Carolina,-10.5,12.0,5800.0,4064.0,1736.0,405.0,7.0,29.9,25.0,,False,13.0,70.5,3.5,2.23,1.0,5.0,5.0,6.0,5.0,2.0,SoCon,I,NC,"5'10""",5.0,5.0,38.5,2.58,9.9,32.3,20.5,26.5,59.7,5.0,10.0,59.9,29.2,10.9,67.2,72.5,73.5,0.5
2724,31,1874,60.5,2078,67.0,8,23,25.8,Wichita State Shockers,Shockers,Wichita State,-6.5,14.0,6250.0,3853.0,2397.0,675.0,9.0,38.4,36.0,,False,15.0,70.6,3.4,4.0,1.0,5.0,11.0,8.0,6.0,1.0,AAC,I,KS,"5'10""",1.0,14.0,73.3,4.56,0.2,0.0,18.6,81.2,91.9,9.0,10.0,59.7,36.4,4.0,68.0,73.0,76.0,0.6
2726,2,111,55.5,218,109.0,0,2,0.0,Wilberforce Bulldogs,Bulldogs,Wilberforce,-53.5,16.0,400.0,225.0,175.0,39.0,11.0,43.8,35.1,,False,,,,,,,,,,,,,,,,,,0.0,0.0,0.0,0.0,0.0,0.0,0.0,12.0,53.2,44.2,2.5,,,,
2728,1,55,55.0,69,69.0,False,1,0.0,Wiley Wildcats,Wildcats,Wiley,-14.0,13.0,200.0,111.0,89.0,16.0,8.0,44.5,29.1,,False,,,,,,,,,,,,,,,,,,0.0,0.0,0.0,0.0,0.0,0.0,0.0,11.0,45.0,39.0,16.0,,,,
2729,31,1889,60.9,1880,60.6,17,14,54.8,William & Mary Tribe,Tribe,William & Mary,0.3,14.0,6225.0,4297.0,1928.0,443.0,9.0,31.0,23.5,,False,15.0,70.7,3.9,2.27,1.0,4.0,4.0,10.0,4.0,1.0,CAA,I,VA,"5'10""",4.0,7.0,26.7,2.68,11.3,24.5,49.5,14.7,16.6,2.0,8.0,68.9,22.8,8.3,69.0,74.0,75.0,0.7
2730,1,80,80.0,92,92.0,False,1,0.0,William Carey Crusaders,Crusaders,William Carey,-12.0,11.0,200.0,153.0,47.0,15.0,6.0,23.5,18.8,,False,,,,,,,,,,,,,,,,,,0.0,0.0,0.0,0.0,0.0,0.0,0.0,7.0,61.5,38.5,0.0,,,,
2736,1,43,43.0,74,74.0,False,1,0.0,Winston-Salem Rams,Rams,Winston-Salem,-31.0,13.0,200.0,127.0,73.0,18.0,8.0,36.5,41.9,,False,16.0,69.5,3.5,2.56,1.0,4.0,0.0,7.0,6.0,0.0,CIAA,II,NC,"5'9""",5.0,8.0,0.0,2.44,29.5,28.5,10.5,31.5,0.0,0.0,9.0,64.5,35.5,0.0,67.7,71.8,,-0.5
2737,32,2116,66.1,2141,66.9,15,17,46.9,Winthrop Eagles,Eagles,Winthrop,-0.8,11.0,6401.0,4456.0,1945.0,453.0,6.0,30.4,21.4,,False,13.0,69.8,2.6,2.77,1.0,5.0,5.0,10.0,3.0,0.0,Big South,I,SC,"5'9""",3.0,8.0,38.5,2.93,13.3,20.2,30.2,35.7,43.2,4.0,10.0,84.6,15.4,0.0,68.4,73.5,,-0.2
2739,34,2325,68.4,2010,59.1,25,9,73.5,Green Bay Phoenix,Phoenix,Green Bay,9.3,13.0,6825.0,4538.0,2287.0,804.0,8.0,33.5,34.6,,False,14.0,71.2,2.8,2.64,1.0,4.0,0.0,9.0,5.0,0.0,Horizon,I,WI,"5'11""",3.0,6.0,0.0,3.23,9.6,24.0,0.0,66.4,0.0,0.0,9.0,54.3,45.7,0.0,70.3,72.8,,1.2
2741,1,52,52.0,76,76.0,False,1,0.0,Wisconsin Lutheran Warriors,Warriors,Wisconsin Lutheran,-24.0,11.0,200.0,146.0,54.0,9.0,6.0,27.0,17.3,,False,18.0,67.8,2.0,2.22,1.0,4.0,0.0,12.0,6.0,0.0,American Rivers,III,IA,"5'7""",6.0,7.0,0.0,0.0,0.0,0.0,0.0,0.0,0.0,0.0,7.0,40.5,59.5,0.0,,,,-2.2
2743,1,37,37.0,85,85.0,False,1,0.0,Wisconsin Stevens Point Pointers,Pointers,Wisconsin Stevens Point,-48.0,20.0,200.0,108.0,92.0,21.0,15.0,46.0,56.8,,False,17.0,68.5,2.7,2.12,1.0,4.0,0.0,12.0,5.0,0.0,MAC Freedom,III,NJ,"5'8""",8.0,5.0,0.0,0.0,0.0,0.0,0.0,0.0,0.0,0.0,9.0,69.5,30.5,0.0,,,,-1.5
2744,1,40,40.0,77,77.0,False,1,0.0,Wisconsin Stout Blue Devils,Blue Devils,Wisconsin Stout,-37.0,16.0,200.0,131.0,69.0,13.0,11.0,34.5,32.5,,False,15.0,70.3,4.6,2.93,1.0,5.0,7.0,11.0,2.0,1.0,Big Ten,I,WI,"5'10""",2.0,9.0,46.7,0.0,0.0,0.0,0.0,0.0,0.0,0.0,8.0,69.5,24.5,6.0,,,,0.3
2747,29,1908,65.8,1764,60.8,16,13,55.2,Wofford Terriers,Terriers,Wofford,5.0,13.0,5800.0,3963.0,1837.0,379.0,8.0,31.7,19.9,,False,13.0,70.9,2.8,2.23,1.0,4.0,4.0,8.0,5.0,0.0,SoCon,I,SC,"5'10""",4.0,6.0,30.8,2.24,28.2,26.2,39.1,6.6,28.2,3.0,8.0,63.6,36.4,0.0,69.2,73.6,,0.9
2750,32,2091,65.3,2229,69.7,10,22,31.2,Wright State Raiders,Raiders,Wright State,-4.4,13.0,6475.0,4091.0,2384.0,624.0,8.0,36.8,29.8,,False,,,,,,,,,,,,,,,,,,0.0,0.0,0.0,0.0,0.0,0.0,0.0,10.0,88.3,11.7,0.0,,,,
2751,30,1660,55.3,1848,61.6,10,20,33.3,Wyoming Cowgirls,Cowgirls,Wyoming,-6.3,14.0,6050.0,3950.0,2100.0,351.0,9.0,34.7,21.1,,False,15.0,71.5,2.7,2.53,1.0,4.0,0.0,9.0,6.0,0.0,Mountain West,I,WY,"5'11""",4.0,8.0,0.0,3.01,15.3,16.9,19.6,48.2,0.0,0.0,9.0,59.3,40.7,0.0,69.9,74.0,,1.5
2752,30,1751,58.4,1997,66.6,11,19,36.7,Xavier Musketeers,Musketeers,Xavier,-8.2,11.0,6000.0,4554.0,1446.0,254.0,6.0,24.1,14.5,,False,14.0,,,2.29,1.0,4.0,0.0,11.0,3.0,0.0,Big East,I,OH,,4.0,5.0,0.0,2.75,0.9,48.8,24.8,25.5,0.0,0.0,8.0,88.9,11.1,0.0,,,,
2754,35,2323,66.4,2018,57.7,25,10,71.4,Youngstown State Penguins,Penguins,Youngstown State,8.7,12.0,7051.0,5422.0,1629.0,478.0,7.0,23.1,20.6,,False,,,,,,,,,,,,,,,,,,0.0,0.0,0.0,0.0,0.0,0.0,0.0,8.0,62.8,37.2,0.0,,,,
2755,32,2031,63.5,2014,62.9,13,19,40.6,Grambling Lady Tigers,Lady Tigers,Grambling,0.6,14.0,6425.0,3659.0,2766.0,790.0,9.0,43.1,38.9,,False,13.0,70.5,3.3,3.77,3.0,5.0,0.0,8.0,4.0,1.0,SWAC,I,LA,"5'10""",0.0,13.0,0.0,3.65,0.0,0.0,30.0,64.7,0.0,0.0,11.0,65.5,29.4,5.1,68.4,73.0,,0.5
2757,1,38,38.0,73,73.0,False,1,0.0,Berry Vikings,Vikings,Berry,-35.0,12.0,200.0,107.0,93.0,7.0,7.0,46.5,18.4,,False,15.0,68.7,2.9,2.53,1.0,5.0,0.0,10.0,5.0,0.0,SAA,III,GA,"5'8""",4.0,7.0,0.0,2.86,19.0,26.0,14.5,40.5,0.0,0.0,10.0,60.5,39.5,0.0,68.1,71.8,,-1.3
2758,1,33,33.0,103,103.0,False,1,0.0,Howard Payne Yellow Jackets,Yellow Jackets,Howard Payne,-70.0,11.0,199.0,133.0,66.0,16.0,6.0,33.2,48.5,,False,12.0,67.6,3.4,2.33,1.0,5.0,5.0,7.0,5.0,0.0,ASC,III,TX,"5'7""",5.0,5.0,41.7,2.51,29.1,23.6,30.7,16.6,46.2,3.0,8.0,61.3,38.7,0.0,66.0,70.2,,-2.4
2771,32,2157,67.4,2039,63.7,19,13,59.4,Merrimack Warriors,Warriors,Merrimack,3.7,14.0,6450.0,4605.0,1845.0,575.0,9.0,28.6,26.7,,False,15.0,70.1,3.2,3.0,1.0,5.0,5.0,10.0,5.0,0.0,NEC,I,MA,"5'10""",1.0,9.0,33.3,3.58,5.8,9.3,30.7,54.2,30.1,2.0,8.0,70.0,30.0,0.0,68.5,73.5,,0.1
2778,1,69,69.0,63,63.0,True,0,100.0,Scranton Royals,Royals,Scranton,6.0,8.0,200.0,156.0,44.0,18.0,3.0,22.0,26.1,,False,17.0,68.2,2.5,2.29,1.0,4.0,0.0,11.0,6.0,0.0,Landmark,III,PA,"5'8""",5.0,7.0,0.0,3.13,13.5,0.0,46.5,40.0,0.0,0.0,7.0,89.0,11.0,0.0,67.9,71.0,,-1.8
2783,2,90,45.0,153,76.5,0,2,0.0,SUNY Geneseo Knights,Knights,SUNY Geneseo,-31.5,13.0,400.0,228.0,172.0,39.0,8.0,43.0,43.3,,False,13.0,68.8,3.3,2.46,1.0,4.0,0.0,9.0,4.0,0.0,SUNYAC,III,NY,"5'8""",3.0,6.0,0.0,2.78,16.8,24.5,22.5,36.2,0.0,0.0,9.0,67.5,32.5,0.0,67.4,71.8,,-1.2
2789,1,33,33.0,104,104.0,False,1,0.0,York College Nebraska YORK (NE),YORK (NE),York College Nebraska,-71.0,16.0,200.0,92.0,108.0,19.0,11.0,54.0,57.6,,False,14.0,71.4,3.1,2.79,1.0,5.0,4.0,9.0,5.0,0.0,Big Ten,I,NE,"5'11""",2.0,7.0,28.6,0.0,0.0,0.0,0.0,0.0,0.0,0.0,12.0,74.0,18.0,8.0,,,,1.4
2803,30,1895,63.2,1649,55.0,18,12,60.0,Bryant Bulldogs,Bulldogs,Bryant,8.2,13.0,6100.0,4466.0,1634.0,411.0,8.0,26.8,21.7,,False,14.0,69.2,3.1,2.64,1.0,5.0,5.0,9.0,4.0,0.0,America East,I,RI,"5'9""",4.0,8.0,35.7,3.4,12.2,3.3,46.6,37.9,41.2,4.0,8.0,62.0,38.0,0.0,67.3,73.2,,-0.8
2815,33,2411,73.1,2012,61.0,25,8,75.8,Lindenwood Lions,Lions,Lindenwood,12.1,14.0,6600.0,4663.0,1937.0,499.0,9.0,29.3,20.7,,False,,,,,,,,,,,,,,,,,,0.0,0.0,0.0,0.0,0.0,0.0,0.0,8.0,74.6,25.4,0.0,,,,
2820,2,77,38.5,171,85.5,0,2,0.0,New Jersey City NEW JERSEY CITY,NEW JERSEY CITY,New Jersey City,-47.0,10.0,400.0,307.0,93.0,14.0,5.0,23.2,18.2,,False,13.0,66.8,3.8,2.38,1.0,4.0,0.0,9.0,3.0,0.0,NJAC,III,NJ,"5'6""",4.0,6.0,0.0,2.48,16.2,34.5,33.8,15.5,0.0,0.0,7.0,69.2,30.8,0.0,65.0,70.0,,-3.2
2822,1,27,27.0,85,85.0,False,1,0.0,North Greenville Crusaders,Crusaders,North Greenville,-58.0,13.0,200.0,102.0,98.0,7.0,8.0,49.0,25.9,,False,14.0,67.9,3.2,1.86,1.0,4.0,0.0,7.0,5.0,2.0,Conference Carolinas,II,SC,"5'7""",6.0,3.0,0.0,1.86,34.0,43.5,10.5,8.5,0.0,0.0,12.0,56.0,28.5,15.5,65.9,68.3,73.5,-2.1
2830,2,99,49.5,138,69.0,0,2,0.0,Saint Anselm Hawks,Hawks,Saint Anselm,-19.5,13.0,400.0,282.0,118.0,24.0,8.0,29.5,24.2,,False,,,,,,,,,,,,,,,,,,0.0,0.0,0.0,0.0,0.0,0.0,0.0,8.0,78.0,22.0,0.0,,,,
2837,30,1917,63.9,1981,66.0,13,17,43.3,East Texas A&M Lions,Lions,East Texas A&M,-2.1,13.0,6001.0,4248.0,1753.0,413.0,8.0,29.2,21.5,,False,13.0,72.4,3.8,2.85,1.0,5.0,4.0,7.0,4.0,2.0,Big 12,I,TX,"6'0""",2.0,7.0,30.8,0.0,0.0,0.0,0.0,0.0,0.0,0.0,8.0,77.0,23.0,0.0,,,,2.4
2839,1,45,45.0,86,86.0,False,1,0.0,Tusculum Pioneers,Pioneers,Tusculum,-41.0,11.0,200.0,127.0,73.0,19.0,6.0,36.5,42.2,,False,15.0,68.9,3.0,2.27,1.0,5.0,6.0,11.0,2.0,2.0,SAC,II,TN,"5'8""",5.0,7.0,40.0,2.32,24.0,37.0,30.5,8.5,27.0,2.0,8.0,64.0,23.0,13.0,67.4,72.0,73.0,-1.1
2842,2,92,46.0,181,90.5,0,2,0.0,UVA Wise Cavaliers,Cavaliers,UVA Wise,-44.5,14.0,400.0,188.0,212.0,50.0,9.0,53.0,54.3,,False,,,,,,,,,,,,,,,,,,0.0,0.0,0.0,0.0,0.0,0.0,0.0,11.0,81.5,7.5,11.0,,,,
2848,1,63,63.0,91,91.0,False,1,0.0,Western Oregon Wolves,Wolves,Western Oregon,-28.0,12.0,200.0,134.0,66.0,28.0,7.0,33.0,44.4,,False,15.0,72.2,2.3,2.87,1.0,4.0,7.0,9.0,6.0,0.0,Pac-12,I,OR,"6'0""",2.0,10.0,46.7,0.0,0.0,0.0,0.0,0.0,0.0,0.0,8.0,75.5,24.5,0.0,,,,2.2
2854,3,193,64.3,256,85.3,0,3,0.0,Bloomfield Deacons,Deacons,Bloomfield,-21.0,12.0,600.0,438.0,162.0,38.0,7.0,27.0,19.7,,False,12.0,67.2,2.5,2.92,1.0,4.0,0.0,8.0,4.0,0.0,CACC,II,NJ,"5'7""",2.0,9.0,0.0,3.13,5.0,17.0,38.0,40.0,0.0,0.0,9.0,59.5,40.5,0.0,66.2,69.2,,-2.8
2856,34,2446,71.9,2284,67.2,23,11,67.6,California Baptist Lancers,Lancers,California Baptist,4.7,13.0,6852.0,4452.0,2400.0,623.0,8.0,35.0,25.5,,False,13.0,68.9,3.9,2.54,1.0,5.0,1.0,10.0,3.0,0.0,WAC,I,CA,"5'8""",4.0,7.0,7.7,2.69,22.1,18.3,33.0,26.7,5.2,1.0,10.0,77.9,22.1,0.0,67.3,76.0,,-1.1
2862,1,53,53.0,80,80.0,False,1,0.0,Colorado Christian Cougars,Cougars,Colorado Christian,-27.0,11.0,200.0,124.0,76.0,19.0,6.0,38.0,35.8,,False,13.0,,,2.38,1.0,4.0,0.0,7.0,4.0,2.0,Pac-12,I,CO,,5.0,7.0,0.0,0.0,0.0,0.0,0.0,0.0,0.0,0.0,10.0,60.0,40.0,0.0,,,,
2863,3,136,45.3,255,85.0,0,3,0.0,Cal State Monterey Bay Otters,Otters,Cal State Monterey Bay,-39.7,14.0,600.0,354.0,246.0,43.0,9.0,41.0,31.6,,False,,,,,,,,,,,,,,,,,,0.0,0.0,0.0,0.0,0.0,0.0,0.0,10.0,59.5,32.8,7.7,,,,
2866,1,37,37.0,102,102.0,False,1,0.0,Evergreen State Geoducks,Geoducks,Evergreen State,-65.0,6.0,200.0,176.0,24.0,0.0,1.0,12.0,0.0,,False,,,,,,,,,,,,,,,,,,0.0,0.0,0.0,0.0,0.0,0.0,0.0,6.0,81.0,0.0,19.0,,,,
2870,35,2484,71.0,2251,64.3,21,14,60.0,Purdue Fort Wayne Mastodons,Mastodons,Purdue Fort Wayne,6.7,12.0,7050.0,4991.0,2059.0,636.0,7.0,29.2,25.6,,False,13.0,71.5,3.8,2.46,1.0,4.0,6.0,9.0,4.0,0.0,Big Ten,I,IN,"5'11""",3.0,7.0,46.2,0.0,0.0,0.0,0.0,0.0,0.0,0.0,8.0,49.4,50.6,0.0,,,,1.5
2871,1,27,27.0,89,89.0,False,1,0.0,Kean Cougars,Cougars,Kean,-62.0,12.0,200.0,132.0,68.0,7.0,7.0,34.0,25.9,,False,16.0,68.2,2.2,2.44,1.0,4.0,0.0,11.0,4.0,1.0,NJAC,III,NJ,"5'8""",5.0,8.0,0.0,2.89,11.5,23.5,29.5,35.5,0.0,0.0,9.0,82.0,17.5,0.5,66.8,70.7,71.0,-1.8
2876,1,42,42.0,96,96.0,False,1,0.0,Lincoln (MO) Blue Tigers,Blue Tigers,Lincoln (MO),-54.0,11.0,200.0,130.0,70.0,15.0,6.0,35.0,35.7,,False,13.0,69.2,2.8,2.46,1.0,4.0,0.0,8.0,3.0,2.0,GLVC,II,MO,"5'9""",4.0,6.0,0.0,2.44,41.0,12.5,8.0,38.5,0.0,0.0,9.0,62.0,18.0,20.0,67.6,71.0,73.5,-0.8
2877,1,44,44.0,101,101.0,False,1,0.0,Lindsey Wilson LINDSEY WILSON,LINDSEY WILSON,Lindsey Wilson,-57.0,16.0,200.0,119.0,81.0,24.0,11.0,40.5,54.5,,False,11.0,67.8,2.2,2.73,1.0,4.0,2.0,7.0,2.0,2.0,United East,III,PA,"5'7""",1.0,5.0,18.2,0.0,0.0,0.0,0.0,0.0,0.0,0.0,9.0,38.0,60.5,1.5,,,,-2.2
2880,1,47,47.0,96,96.0,False,1,0.0,Missouri Baptist Spartans,Spartans,Missouri Baptist,-49.0,13.0,200.0,110.0,90.0,10.0,8.0,45.0,21.3,,False,13.0,71.4,3.4,2.77,1.0,4.0,8.0,10.0,3.0,0.0,SEC,I,MO,"5'11""",2.0,9.0,61.5,0.0,0.0,0.0,0.0,0.0,0.0,0.0,11.0,63.5,36.5,0.0,,,,1.4
2882,1,62,62.0,90,90.0,False,1,0.0,UNC Pembroke Braves,Braves,UNC Pembroke,-28.0,11.0,200.0,121.0,79.0,24.0,6.0,39.5,38.7,,False,12.0,68.6,3.6,2.17,1.0,4.0,5.0,7.0,5.0,0.0,Conference Carolinas,II,NC,"5'8""",5.0,6.0,41.7,2.3,35.0,8.5,48.0,8.5,45.5,5.0,10.0,61.0,39.0,0.0,66.0,72.0,,-1.4
2885,32,2093,65.4,2012,62.9,19,13,59.4,NJIT Highlanders,Highlanders,NJIT,2.5,13.0,6400.0,4484.0,1916.0,305.0,8.0,29.9,14.6,,False,16.0,68.6,3.6,2.38,1.0,4.0,0.0,12.0,4.0,0.0,Peach Belt,II,NY,"5'8""",5.0,8.0,0.0,0.0,0.0,0.0,0.0,0.0,0.0,0.0,7.0,75.5,24.5,0.0,,,,-1.4
2888,1,45,45.0,93,93.0,False,1,0.0,Ouachita Baptist Tigers,Tigers,Ouachita Baptist,-48.0,11.0,200.0,113.0,87.0,10.0,6.0,43.5,22.2,,False,13.0,70.6,2.7,2.85,1.0,4.0,1.0,8.0,5.0,0.0,GAC,II,AR,"5'10""",3.0,8.0,7.7,2.75,25.0,20.0,10.0,45.0,0.0,0.0,9.0,71.0,29.0,0.0,69.1,71.3,,0.6
2889,1,45,45.0,82,82.0,False,1,0.0,Puerto Rico-Bayamon Pirates,Pirates,Puerto Rico-Bayamon,-37.0,12.0,200.0,126.0,74.0,11.0,7.0,37.0,24.4,,False,,,,,,,,,,,,,,,,,,0.0,0.0,0.0,0.0,0.0,0.0,0.0,9.0,100.0,0.0,0.0,,,,
2891,1,43,43.0,72,72.0,False,1,0.0,Ripon College Red Hawks,Red Hawks,Ripon College,-29.0,18.0,200.0,117.0,83.0,11.0,13.0,41.5,25.6,,False,18.0,68.1,2.6,2.56,1.0,4.0,0.0,12.0,6.0,0.0,MWC,III,WI,"5'8""",4.0,9.0,0.0,0.0,0.0,0.0,0.0,0.0,0.0,0.0,7.0,74.0,26.0,0.0,,,,-1.9
2892,2,95,47.5,179,89.5,0,2,0.0,Rust College Bearcats,Bearcats,Rust College,-42.0,11.0,400.0,276.0,124.0,23.0,6.0,31.0,24.2,,False,,,,,,,,,,,,,,,,,,0.0,0.0,0.0,0.0,0.0,0.0,0.0,9.0,65.8,14.0,20.2,,,,
2894,1,62,62.0,88,88.0,False,1,0.0,Sioux Falls Cougars,Cougars,Sioux Falls,-26.0,15.0,200.0,132.0,68.0,29.0,10.0,34.0,46.8,,False,15.0,69.7,2.5,2.27,1.0,4.0,2.0,10.0,4.0,1.0,NSIC,II,SD,"5'9""",5.0,8.0,13.3,2.48,14.5,28.0,53.0,4.5,8.5,0.0,6.0,75.0,21.0,4.0,68.6,71.2,74.0,-0.3
2900,32,2074,64.8,1989,62.2,16,16,50.0,St. Thomas-Minnesota Tommies,Tommies,St. Thomas-Minnesota,2.6,13.0,6425.0,4306.0,2119.0,606.0,8.0,33.0,29.2,,False,14.0,72.1,3.1,3.21,1.0,5.0,5.0,8.0,4.0,2.0,Big Ten,I,MN,"6'0""",2.0,10.0,35.7,0.0,0.0,0.0,0.0,0.0,0.0,0.0,9.0,64.7,35.3,0.0,,,,2.1
2904,3,158,52.7,299,99.7,0,3,0.0,Nelson Lions,Lions,Nelson,-47.0,18.0,600.0,290.0,310.0,66.0,13.0,51.7,41.8,,False,,,,,,,,,,,,,,,,,,0.0,0.0,0.0,0.0,0.0,0.0,0.0,10.0,62.5,37.5,0.0,,,,
2905,1,42,42.0,81,81.0,False,1,0.0,UT Dallas Comets,Comets,UT Dallas,-39.0,11.0,200.0,107.0,93.0,14.0,6.0,46.5,33.3,,False,14.0,68.4,2.8,1.71,1.0,3.0,0.0,11.0,2.0,0.0,SCAC,III,TX,"5'8""",6.0,2.0,0.0,0.0,0.0,0.0,0.0,0.0,0.0,0.0,11.0,60.0,40.0,0.0,,,,-1.6
2908,32,1851,57.8,2012,62.9,12,20,37.5,South Carolina Upstate Spartans,Spartans,South Carolina Upstate,-5.1,14.0,6450.0,3820.0,2630.0,582.0,9.0,40.8,31.4,,False,11.0,73.1,3.4,2.82,1.0,4.0,1.0,6.0,4.0,1.0,SEC,I,SC,"6'1""",2.0,6.0,9.1,0.0,0.0,0.0,0.0,0.0,0.0,0.0,9.0,60.1,39.9,0.0,,,,3.1
2911,1,35,35.0,90,90.0,False,1,0.0,William Jewell Cardinals,Cardinals,William Jewell,-55.0,12.0,200.0,129.0,71.0,11.0,7.0,35.5,31.4,,False,13.0,69.4,2.3,1.69,1.0,3.0,0.0,8.0,4.0,0.0,GLVC,II,MO,"5'9""",6.0,2.0,0.0,1.82,43.5,30.5,26.0,0.0,0.0,0.0,9.0,54.5,45.5,0.0,68.0,72.2,,-0.6
2913,2,85,42.5,194,97.0,0,2,0.0,Brevard Tornados,Tornados,Brevard,-54.5,13.0,400.0,226.0,174.0,26.0,8.0,43.5,30.6,,False,,,,,,,,,,,,,,,,,,0.0,0.0,0.0,0.0,0.0,0.0,0.0,10.0,61.5,34.5,0.0,,,,
2916,30,1964,65.5,2146,71.5,13,17,43.3,Incarnate Word Cardinals,Cardinals,Incarnate Word,-6.0,15.0,6025.0,3696.0,2329.0,811.0,10.0,38.7,41.3,,False,15.0,69.3,2.8,2.67,1.0,4.0,6.0,11.0,4.0,0.0,Southland,I,TX,"5'9""",2.0,8.0,40.0,2.91,0.6,34.3,34.1,29.8,49.0,5.0,10.0,77.0,23.0,0.0,68.4,72.3,,-0.7
2930,2,95,47.5,184,92.0,0,2,0.0,Willamette Bearcats,Bearcats,Willamette,-44.5,15.0,400.0,236.0,164.0,26.0,10.0,41.0,27.4,,False,15.0,68.3,3.1,2.2,1.0,4.0,0.0,9.0,4.0,2.0,NWC,III,OR,"5'8""",6.0,6.0,0.0,2.33,39.5,20.5,7.2,32.8,0.0,0.0,8.0,69.2,17.2,13.5,66.2,70.8,73.0,-1.7
2931,1,62,62.0,91,91.0,False,1,0.0,William Woods Owls,Owls,William Woods,-29.0,7.0,200.0,160.0,40.0,9.0,2.0,20.0,14.5,,False,,,,,,,,,,,,,,,,,,0.0,0.0,0.0,0.0,0.0,0.0,0.0,7.0,90.5,9.5,0.0,,,,
2934,30,1844,61.5,2088,69.6,7,23,23.3,Cal State Bakersfield Roadrunners,Roadrunners,Cal State Bakersfield,-8.1,13.0,6075.0,3999.0,2076.0,342.0,8.0,34.2,18.5,,False,13.0,69.8,2.6,2.77,1.0,4.0,0.0,8.0,5.0,0.0,Big West,I,CA,"5'9""",1.0,8.0,0.0,2.91,1.8,41.4,20.6,36.2,0.0,0.0,8.0,73.2,26.8,0.0,68.4,72.2,,-0.2
2940,3,172,57.3,264,88.0,0,3,0.0,Livingstone Blue Bears,Blue Bears,Livingstone,-30.7,10.0,600.0,462.0,138.0,54.0,5.0,23.0,31.4,,False,11.0,72.5,2.1,2.18,1.0,4.0,0.0,0.0,1.0,0.0,CIAA,II,NC,"6'0""",2.0,3.0,0.0,2.18,19.0,59.2,2.0,18.7,0.0,0.0,8.0,85.5,14.5,0.0,74.0,71.0,,2.5
2943,1,29,29.0,76,76.0,False,1,0.0,New England College Pilgrims,Pilgrims,New England College,-47.0,16.0,200.0,121.0,79.0,5.0,11.0,39.5,17.2,,False,,,,,,,,,,,,,,,,,,0.0,0.0,0.0,0.0,0.0,0.0,0.0,9.0,73.0,19.0,6.5,,,,
2947,1,86,86.0,80,80.0,True,0,100.0,Rochester Christian Warriors,Warriors,Rochester Christian,6.0,9.0,200.0,151.0,49.0,23.0,4.0,24.5,26.7,,False,,,,,,,,,,,,,,,,,,0.0,0.0,0.0,0.0,0.0,0.0,0.0,8.0,88.5,11.5,0.0,,,,
2948,1,35,35.0,90,90.0,False,1,0.0,Stillman Tigers,Tigers,Stillman,-55.0,10.0,200.0,114.0,86.0,15.0,5.0,43.0,42.9,,False,,,,,,,,,,,,,,,,,,0.0,0.0,0.0,0.0,0.0,0.0,0.0,10.0,100.0,0.0,0.0,,,,
3065,1,81,81.0,90,90.0,False,1,0.0,Briar Cliff Chargers,Chargers,Briar Cliff,-9.0,12.0,200.0,132.0,68.0,12.0,7.0,34.0,14.8,,False,,,,,,,,,,,,,,,,,,0.0,0.0,0.0,0.0,0.0,0.0,0.0,9.0,63.0,37.0,0.0,,,,
3077,1,36,36.0,115,115.0,False,1,0.0,Kentucky Christian Knights,Knights,Kentucky Christian,-79.0,11.0,200.0,100.0,100.0,14.0,6.0,50.0,38.9,,False,12.0,73.4,3.2,3.0,1.0,5.0,9.0,7.0,3.0,2.0,SEC,I,KY,"6'1""",2.0,8.0,75.0,0.0,0.0,0.0,0.0,0.0,0.0,0.0,11.0,59.5,40.5,0.0,,,,3.4
3078,1,35,35.0,72,72.0,False,1,0.0,Jessup Warriors,Warriors,Jessup,-37.0,14.0,200.0,121.0,79.0,20.0,9.0,39.5,57.1,,False,16.0,69.3,3.6,2.25,1.0,4.0,0.0,12.0,4.0,0.0,PacWest,II,CA,"5'9""",6.0,6.0,0.0,2.4,33.5,22.0,1.0,40.0,0.0,0.0,9.0,73.0,27.0,0.0,67.4,73.7,,-0.7
3079,3,96,32.0,277,92.3,0,3,0.0,Central Baptist Mustangs,Mustangs,Central Baptist,-60.3,12.0,600.0,417.0,183.0,30.0,7.0,30.5,31.2,,False,,,,,,,,,,,,,,,,,,0.0,0.0,0.0,0.0,0.0,0.0,0.0,9.0,97.8,2.2,0.0,,,,
3082,1,63,63.0,101,101.0,False,1,0.0,Texas A&M International Dustdevils,Dustdevils,Texas A&M International,-38.0,11.0,200.0,127.0,73.0,21.0,6.0,36.5,33.3,,False,14.0,68.6,3.0,3.21,1.0,5.0,5.0,10.0,4.0,0.0,MAAC,I,NY,"5'8""",2.0,9.0,35.7,0.0,0.0,0.0,0.0,0.0,0.0,0.0,8.0,86.0,14.0,0.0,,,,-1.4
3083,2,115,57.5,210,105.0,0,2,0.0,Oakwood Ambassadors,Ambassadors,Oakwood,-47.5,13.0,400.0,242.0,158.0,27.0,8.0,39.5,23.5,,False,,,,,,,,,,,,,,,,,,0.0,0.0,0.0,0.0,0.0,0.0,0.0,12.0,49.0,22.8,28.2,,,,
3084,31,1958,63.2,1897,61.2,16,15,51.6,Utah Valley Wolverines,Wolverines,Utah Valley,2.0,13.0,6225.0,4298.0,1927.0,606.0,8.0,31.0,30.9,,False,13.0,71.6,2.7,2.92,1.0,4.0,7.0,8.0,3.0,2.0,WAC,I,UT,"5'11""",2.0,7.0,53.8,3.5,2.2,21.9,0.0,75.9,50.1,4.0,8.0,73.9,14.3,11.8,70.5,72.0,75.5,1.6
3091,2,113,56.5,149,74.5,0,2,0.0,Hope International Royals,Royals,Hope International,-18.0,11.0,400.0,287.0,113.0,26.0,6.0,28.2,23.0,,False,16.0,70.3,3.1,2.44,1.0,4.0,0.0,11.0,4.0,1.0,Michigan Intercol. Ath. Assn.,III,MI,"5'10""",4.0,8.0,0.0,0.0,0.0,0.0,0.0,0.0,0.0,0.0,8.0,79.2,20.8,0.0,,,,0.3
3092,1,44,44.0,71,71.0,False,1,0.0,Davenport Panthers,Panthers,Davenport,-27.0,10.0,200.0,140.0,60.0,3.0,5.0,30.0,6.8,,False,15.0,69.8,2.5,2.67,1.0,4.0,9.0,9.0,3.0,3.0,GLIAC,II,MI,"5'9""",2.0,9.0,60.0,2.17,11.0,28.0,31.5,14.0,73.5,6.0,8.0,58.5,25.0,16.5,69.0,71.5,73.0,-0.2
3101,29,1843,63.6,1962,67.7,9,20,31.0,Utah Tech Trailblazers,Trailblazers,Utah Tech,-4.1,11.0,5850.0,4421.0,1429.0,411.0,6.0,24.4,22.3,,False,13.0,70.4,3.5,2.62,1.0,4.0,4.0,9.0,4.0,0.0,WAC,I,UT,"5'10""",4.0,7.0,30.8,3.18,12.0,13.2,19.5,55.3,62.4,4.0,9.0,70.4,29.6,0.0,68.9,73.2,,0.4
3105,1,65,65.0,71,71.0,False,1,0.0,Southeastern Fires,Fires,Southeastern,-6.0,12.0,200.0,109.0,91.0,31.0,7.0,45.5,47.7,,False,20.0,66.1,2.3,2.35,1.0,4.0,0.0,16.0,4.0,0.0,MAC Commonwealth,III,PA,"5'6""",9.0,9.0,0.0,0.0,0.0,0.0,0.0,0.0,0.0,0.0,10.0,62.0,2.0,0.0,,,,-3.9
3106,1,45,45.0,86,86.0,False,1,0.0,Corban Warriors,Warriors,Corban,-41.0,11.0,200.0,122.0,78.0,12.0,6.0,39.0,26.7,,False,,,,,,,,,,,,,,,,,,0.0,0.0,0.0,0.0,0.0,0.0,0.0,9.0,68.5,19.5,12.0,,,,
3111,1,21,21.0,105,105.0,False,1,0.0,Apprentice School Builders,Builders,Apprentice School,-84.0,8.0,200.0,140.0,60.0,9.0,3.0,30.0,42.9,,False,,,,,,,,,,,,,,,,,,0.0,0.0,0.0,0.0,0.0,0.0,0.0,8.0,60.0,24.5,15.5,,,,
3120,1,30,30.0,108,108.0,False,1,0.0,Ecclesia Royals,Royals,Ecclesia,-78.0,9.0,200.0,140.0,60.0,5.0,4.0,30.0,16.7,,False,,,,,,,,,,,,,,,,,,0.0,0.0,0.0,0.0,0.0,0.0,0.0,8.0,49.5,50.5,0.0,,,,
3141,1,31,31.0,105,105.0,False,1,0.0,Northern New Mexico Eagles,Eagles,Northern New Mexico,-74.0,8.0,200.0,152.0,48.0,5.0,3.0,24.0,16.1,,False,13.0,70.8,3.5,2.31,1.0,4.0,0.0,9.0,4.0,0.0,Mountain West,I,NM,"5'10""",4.0,6.0,0.0,0.0,0.0,0.0,0.0,0.0,0.0,0.0,8.0,81.5,18.5,0.0,,,,0.8
3148,2,89,44.5,183,91.5,0,2,0.0,College of Saint Mary Flames,Flames,College of Saint Mary,-47.0,10.0,400.0,278.0,122.0,28.0,5.0,30.5,31.5,,False,14.0,71.1,2.5,1.86,1.0,4.0,0.0,10.0,1.0,3.0,NSIC,II,ND,"5'11""",6.0,3.0,0.0,0.0,0.0,0.0,0.0,0.0,0.0,0.0,9.0,47.8,52.2,0.0,,,,1.1
3152,1,39,39.0,94,94.0,False,1,0.0,Walla Walla Wolves,Wolves,Walla Walla,-55.0,9.0,200.0,165.0,35.0,8.0,4.0,17.5,20.5,,False,,,,,,,,,,,,,,,,,,0.0,0.0,0.0,0.0,0.0,0.0,0.0,6.0,82.5,0.0,17.5,,,,
3154,1,43,43.0,102,102.0,False,1,0.0,University of The Southwest Mustangs,Mustangs,University of The Southwest,-59.0,12.0,200.0,140.0,60.0,2.0,7.0,30.0,4.7,,False,,,,,,,,,,,,,,,,,,0.0,0.0,0.0,0.0,0.0,0.0,0.0,7.0,100.0,0.0,0.0,,,,
3163,1,82,82.0,70,70.0,True,0,100.0,Roosevelt Lakers,Lakers,Roosevelt,12.0,11.0,225.0,189.0,36.0,2.0,6.0,16.0,2.4,,False,12.0,69.9,2.8,2.33,1.0,4.0,4.0,8.0,2.0,2.0,GLIAC,II,IL,"5'9""",3.0,6.0,33.3,2.74,12.4,2.2,84.0,1.3,64.0,4.0,6.0,63.1,17.3,19.6,68.4,70.0,75.0,-0.1
3166,2,68,34.0,206,103.0,0,2,0.0,Arlington Baptist Patriots,Patriots,Arlington Baptist,-69.0,15.0,400.0,199.0,201.0,23.0,10.0,50.2,33.8,,False,,,,,,,,,,,,,,,,,,0.0,0.0,0.0,0.0,0.0,0.0,0.0,11.0,73.8,26.2,0.0,,,,
3174,1,42,42.0,108,108.0,False,1,0.0,Trinity Baptist Eagles,Eagles,Trinity Baptist,-66.0,10.0,200.0,146.0,54.0,16.0,5.0,27.0,38.1,,False,,,,,,,,,,,,,,,,,,0.0,0.0,0.0,0.0,0.0,0.0,0.0,8.0,82.0,18.0,0.0,,,,
3178,1,37,37.0,92,92.0,False,1,0.0,Ave Maria Gyrenes,Gyrenes,Ave Maria,-55.0,14.0,200.0,111.0,89.0,23.0,9.0,44.5,62.2,,False,,,,,,,,,,,,,,,,,,0.0,0.0,0.0,0.0,0.0,0.0,0.0,10.0,33.0,67.0,0.0,,,,
3182,2,88,44.0,165,82.5,0,2,0.0,Cal State San Marcos Cougars,Cougars,Cal State San Marcos,-38.5,12.0,400.0,221.0,179.0,38.0,7.0,44.8,43.2,,False,,,,,,,,,,,,,,,,,,0.0,0.0,0.0,0.0,0.0,0.0,0.0,10.0,60.2,39.8,0.0,,,,
3185,1,52,52.0,93,93.0,False,1,0.0,UC Merced Bobcats,Bobcats,UC Merced,-41.0,10.0,200.0,140.0,60.0,15.0,5.0,30.0,28.8,,False,17.0,68.7,3.7,2.24,1.0,4.0,0.0,10.0,5.0,2.0,DII Independent,II,CA,"5'8""",5.0,7.0,0.0,2.75,8.5,27.0,31.5,29.5,0.0,0.0,8.0,58.0,31.0,11.0,66.2,71.0,77.0,-1.3
3195,2,116,58.0,164,82.0,0,2,0.0,St. Thomas (TX) Celts,Celts,St. Thomas (TX),-24.0,11.0,400.0,243.0,157.0,67.0,6.0,39.2,57.8,,False,16.0,66.9,2.5,2.75,1.0,4.0,0.0,8.0,2.0,0.0,SCAC,III,TX,"5'6""",4.0,11.0,0.0,3.29,8.2,0.0,46.5,45.2,0.0,0.0,9.0,89.8,10.2,0.0,66.3,73.0,,-3.1
3229,2,81,40.5,187,93.5,0,2,0.0,Virginia Lynchburg Dragons,Dragons,Virginia Lynchburg,-53.0,9.0,400.0,290.0,110.0,13.0,4.0,27.5,16.0,,False,18.0,68.6,2.5,2.33,1.0,4.0,2.0,12.0,6.0,0.0,ODAC,III,VA,"5'8""",7.0,8.0,11.1,0.0,0.0,0.0,0.0,0.0,0.0,0.0,9.0,82.8,17.2,0.0,,,,-1.4
3233,1,76,76.0,104,104.0,False,1,0.0,Lourdes University LOURDES,LOURDES,Lourdes University,-28.0,12.0,200.0,141.0,59.0,6.0,7.0,29.5,7.9,,False,,,,,,,,,,,,,,,,,,0.0,0.0,0.0,0.0,0.0,0.0,0.0,8.0,79.5,20.5,0.0,,,,
5793,2,79,39.5,214,107.0,0,2,0.0,Defiance Yellow Jackets,Yellow Jackets,Defiance,-67.5,11.0,400.0,273.0,127.0,16.0,6.0,31.8,20.3,,False,15.0,66.9,3.1,1.93,1.0,4.0,2.0,10.0,5.0,0.0,HCAC,III,OH,"5'6""",5.0,3.0,13.3,1.98,36.2,37.8,17.2,8.8,0.0,0.0,8.0,67.8,32.2,0.0,65.0,70.8,,-3.1
7052,1,36,36.0,71,71.0,False,1,0.0,Ottawa (KS) OTTAWA (KS),OTTAWA (KS),Ottawa (KS),-35.0,14.0,200.0,105.0,95.0,10.0,9.0,47.5,27.8,,False,,,,,,,,,,,,,,,,,,0.0,0.0,0.0,0.0,0.0,0.0,0.0,11.0,80.5,11.0,8.5,,,,
15252,1,37,37.0,75,75.0,False,1,0.0,Columbia (MO) Cougars,Cougars,Columbia (MO),-38.0,16.0,200.0,128.0,72.0,12.0,11.0,36.0,32.4,,False,15.0,,,2.33,1.0,4.0,3.0,10.0,5.0,0.0,Ivy League,I,NY,,4.0,7.0,20.0,0.0,0.0,0.0,0.0,0.0,0.0,0.0,7.0,84.5,15.5,0.0,,,,
100277,1,38,38.0,100,100.0,False,1,0.0,Pensacola Christian Eagles,Eagles,Pensacola Christian,-62.0,15.0,200.0,129.0,71.0,13.0,10.0,35.5,34.2,,False,,,,,,,,,,,,,,,,,,0.0,0.0,0.0,0.0,0.0,0.0,0.0,9.0,79.5,20.5,0.0,,,,
106392,1,26,26.0,107,107.0,False,1,0.0,Warner Pacific Knights,Knights,Warner Pacific,-81.0,11.0,200.0,113.0,87.0,7.0,6.0,43.5,26.9,,False,14.0,71.0,3.1,2.5,1.0,4.0,1.0,10.0,4.0,0.0,WCC,I,CA,"5'11""",3.0,6.0,7.1,0.0,0.0,0.0,0.0,0.0,0.0,0.0,10.0,60.0,40.0,0.0,,,,1.0
107607,1,30,30.0,90,90.0,False,1,0.0,Point Skyhawks,Skyhawks,Point,-60.0,9.0,200.0,145.0,55.0,4.0,4.0,27.5,13.3,,False,,,,,,,,,,,,,,,,,,0.0,0.0,0.0,0.0,0.0,0.0,0.0,9.0,78.0,11.5,10.5,,,,
108784,1,39,39.0,58,58.0,False,1,0.0,Southwestern Christian Rams,Rams,Southwestern Christian,-19.0,12.0,200.0,142.0,58.0,4.0,7.0,29.0,10.3,,False,,,,,,,,,,,,,,,,,,0.0,0.0,0.0,0.0,0.0,0.0,0.0,8.0,100.0,0.0,0.0,,,,
108810,2,51,25.5,202,101.0,0,2,0.0,Salem University Tigers,Tigers,Salem University,-75.5,10.0,400.0,276.0,124.0,10.0,5.0,31.0,19.6,,False,,,,,,,,,,,,,,,,,,0.0,0.0,0.0,0.0,0.0,0.0,0.0,9.0,63.7,36.2,0.0,,,,
108823,1,33,33.0,106,106.0,False,1,0.0,LSU Alexandria Generals,Generals,LSU Alexandria,-73.0,10.0,200.0,117.0,83.0,19.0,5.0,41.5,57.6,,False,13.0,71.3,2.7,2.38,1.0,4.0,4.0,9.0,4.0,0.0,SEC,I,LA,"5'11""",5.0,6.0,30.8,0.0,0.0,0.0,0.0,0.0,0.0,0.0,10.0,68.0,32.0,0.0,,,,1.3
108827,1,39,39.0,113,113.0,False,1,0.0,Blue Mountain Christian Toppers,Toppers,Blue Mountain Christian,-74.0,11.0,200.0,114.0,86.0,13.0,6.0,43.0,33.3,,False,,,,,,,,,,,,,,,,,,0.0,0.0,0.0,0.0,0.0,0.0,0.0,10.0,75.5,2.5,22.0,,,,
108866,1,36,36.0,87,87.0,False,1,0.0,Trinity (FL) Tigers,Tigers,Trinity (FL),-51.0,9.0,200.0,141.0,59.0,11.0,4.0,29.5,30.6,,False,,,,,,,,,,,,,,,,,,0.0,0.0,0.0,0.0,0.0,0.0,0.0,9.0,85.0,0.0,0.0,,,,
108867,1,26,26.0,102,102.0,False,1,0.0,Gwynedd Mercy Griffins,Griffins,Gwynedd Mercy,-76.0,13.0,200.0,108.0,92.0,13.0,8.0,46.0,50.0,,False,17.0,68.5,2.9,2.12,1.0,4.0,0.0,10.0,7.0,0.0,Atlantic East,III,PA,"5'8""",4.0,5.0,0.0,2.46,14.5,38.0,35.0,12.5,0.0,0.0,10.0,80.5,19.5,0.0,66.6,70.3,,-1.5
108878,2,36,18.0,195,97.5,0,2,0.0,Bethesda Flames,Flames,Bethesda,-79.5,5.0,374.0,374.0,0.0,0.0,0.0,0.0,0.0,,False,,,,,,,,,,,,,,,,,,0.0,0.0,0.0,0.0,0.0,0.0,0.0,5.0,100.0,0.0,0.0,,,,
109019,1,41,41.0,105,105.0,False,1,0.0,Johnson & Wales-Charlotte Wildcats,Wildcats,Johnson & Wales-Charlotte,-64.0,10.0,200.0,146.0,54.0,6.0,5.0,27.0,14.6,,False,14.0,70.4,3.9,3.14,1.0,5.0,11.0,9.0,4.0,1.0,C-USA,I,NC,"5'10""",1.0,9.0,78.6,0.0,0.0,0.0,0.0,0.0,0.0,0.0,7.0,58.0,42.0,0.0,,,,0.4
109466,3,148,49.3,308,102.7,0,3,0.0,Haskell Jayhawks,Jayhawks,Haskell,-53.4,16.0,600.0,361.0,239.0,37.0,11.0,39.8,25.0,,False,,,,,,,,,,,,,,,,,,0.0,0.0,0.0,0.0,0.0,0.0,0.0,11.0,62.8,34.7,2.5,,,,
109542,1,33,33.0,98,98.0,False,1,0.0,Colby Sawyer Chargers,Chargers,Colby Sawyer,-65.0,11.0,200.0,130.0,70.0,8.0,6.0,35.0,24.2,,False,14.0,68.3,2.0,2.57,1.0,4.0,0.0,11.0,3.0,0.0,NESCAC,III,ME,"5'8""",4.0,8.0,0.0,0.0,0.0,0.0,0.0,0.0,0.0,0.0,8.0,68.5,31.5,0.0,,,,-1.7
109546,3,91,30.3,335,111.7,0,3,0.0,Bob Jones Bruins,Bruins,Bob Jones,-81.4,11.0,600.0,371.0,229.0,31.0,6.0,38.2,34.1,,False,,,,,,,,,,,,,,,,,,0.0,0.0,0.0,0.0,0.0,0.0,0.0,11.0,77.0,20.2,2.8,,,,
109604,3,134,44.7,343,114.3,0,3,0.0,Simpson University (CA) Red Hawks,Red Hawks,Simpson University (CA),-69.6,10.0,600.0,442.0,158.0,35.0,5.0,26.3,26.1,,False,25.0,69.0,2.4,2.04,1.0,5.0,0.0,17.0,7.0,1.0,American Rivers,III,CA,"5'9""",11.0,6.0,0.0,0.0,0.0,0.0,0.0,0.0,0.0,0.0,8.0,76.0,4.7,19.3,,,,-1.0
109672,1,37,37.0,78,78.0,False,1,0.0,Bushnell Beacons,Beacons,Bushnell,-41.0,14.0,200.0,133.0,67.0,14.0,9.0,33.5,37.8,,False,,,,,,,,,,,,,,,,,,0.0,0.0,0.0,0.0,0.0,0.0,0.0,9.0,61.5,38.5,0.0,,,,
109680,1,53,53.0,92,92.0,False,1,0.0,Stephens,Stephens,Stephens,-39.0,15.0,203.0,110.0,93.0,11.0,10.0,45.8,20.8,,False,,,,,,,,,,,,,,,,,,0.0,0.0,0.0,0.0,0.0,0.0,0.0,10.0,76.8,19.2,0.0,,,,
109688,1,37,37.0,76,76.0,False,1,0.0,Columbia International COLUMBIA INTERNATIONAL,COLUMBIA INTERNATIONAL,Columbia International,-39.0,13.0,200.0,118.0,82.0,9.0,8.0,41.0,24.3,,False,15.0,,,2.33,1.0,4.0,3.0,10.0,5.0,0.0,Ivy League,I,NY,,4.0,7.0,20.0,0.0,0.0,0.0,0.0,0.0,0.0,0.0,9.0,70.5,26.0,3.5,,,,
109704,2,156,78.0,232,116.0,0,2,0.0,Coastal Georgia Mariner,Mariner,Coastal Georgia,-38.0,13.0,400.0,232.0,168.0,35.0,8.0,42.0,22.4,,False,12.0,72.3,3.6,2.25,1.0,4.0,4.0,7.0,4.0,1.0,SEC,I,GA,"6'0""",3.0,5.0,33.3,0.0,0.0,0.0,0.0,0.0,0.0,0.0,10.0,91.2,8.8,0.0,,,,2.3
109716,1,22,22.0,104,104.0,False,1,0.0,Notre Dame Of Maryland University Gators,Gators,Notre Dame Of Maryland University,-82.0,13.0,200.0,106.0,94.0,7.0,8.0,47.0,31.8,,False,14.0,71.1,2.5,1.86,1.0,4.0,0.0,10.0,1.0,3.0,NSIC,II,ND,"5'11""",6.0,3.0,0.0,0.0,0.0,0.0,0.0,0.0,0.0,0.0,11.0,66.5,24.0,9.5,,,,1.1
110398,2,68,34.0,185,92.5,0,2,0.0,Maine-Fort Kent Bengals,Bengals,Maine-Fort Kent,-58.5,13.0,400.0,274.0,126.0,15.0,8.0,31.5,22.1,,False,14.0,70.1,3.3,2.36,1.0,4.0,3.0,10.0,3.0,1.0,America East,I,ME,"5'10""",6.0,7.0,21.4,0.0,0.0,0.0,0.0,0.0,0.0,0.0,8.0,79.8,20.2,0.0,,,,0.1
110419,3,116,38.7,243,81.0,0,3,0.0,Georgian Court University Lions,Lions,Georgian Court University,-42.3,14.0,600.0,340.0,260.0,26.0,9.0,43.3,22.4,,False,12.0,72.3,3.6,2.25,1.0,4.0,4.0,7.0,4.0,1.0,SEC,I,GA,"6'0""",3.0,5.0,33.3,0.0,0.0,0.0,0.0,0.0,0.0,0.0,10.0,80.2,19.8,0.0,,,,2.3
110442,2,82,41.0,175,87.5,0,2,0.0,Indiana University East Red Wolves,Red Wolves,Indiana University East,-46.5,13.0,400.0,280.0,120.0,12.0,8.0,30.0,14.6,,False,13.0,,,2.23,1.0,4.0,8.0,7.0,6.0,0.0,Big Ten,I,IN,,3.0,4.0,61.5,0.0,0.0,0.0,0.0,0.0,0.0,0.0,7.0,75.0,25.0,0.0,,,,
111203,1,56,56.0,77,77.0,False,1,0.0,Georgia Southwestern Hurricanes,Hurricanes,Georgia Southwestern,-21.0,9.0,200.0,134.0,66.0,25.0,4.0,33.0,44.6,,False,12.0,72.3,3.6,2.25,1.0,4.0,4.0,7.0,4.0,1.0,SEC,I,GA,"6'0""",3.0,5.0,33.3,0.0,0.0,0.0,0.0,0.0,0.0,0.0,9.0,61.0,39.0,0.0,,,,2.3
111205,1,51,51.0,103,103.0,False,1,0.0,William Peace Pacers,Pacers,William Peace,-52.0,15.0,200.0,89.0,111.0,19.0,10.0,55.5,37.3,,False,17.0,67.6,2.9,1.76,1.0,4.0,0.0,5.0,2.0,2.0,USA South,III,NC,"5'7""",9.0,4.0,0.0,1.66,57.0,20.0,23.0,0.0,0.0,0.0,13.0,64.0,22.0,14.0,66.1,69.0,71.0,-2.4
111214,1,46,46.0,116,116.0,False,1,0.0,Westminster (MO) Blue Jays,Blue Jays,Westminster (MO),-70.0,11.0,200.0,131.0,69.0,12.0,6.0,34.5,26.1,,False,18.0,68.8,2.2,2.39,1.0,4.0,0.0,11.0,7.0,0.0,SLIAC,III,MO,"5'8""",8.0,9.0,0.0,2.78,35.5,4.0,7.0,53.5,0.0,0.0,8.0,81.0,19.0,0.0,67.6,72.0,,-1.2
111228,1,59,59.0,100,100.0,False,1,0.0,Embry Riddle (AZ) Eagles,Eagles,Embry Riddle (AZ),-41.0,12.0,200.0,121.0,79.0,19.0,7.0,39.5,32.2,,False,,,,,,,,,,,,,,,,,,0.0,0.0,0.0,0.0,0.0,0.0,0.0,10.0,67.0,33.0,0.0,,,,
111960,3,117,39.0,291,97.0,0,3,0.0,La Sierra Golden Eagles,Golden Eagles,La Sierra,-58.0,17.0,600.0,253.0,347.0,57.0,12.0,57.8,48.7,,False,,,,,,,,,,,,,,,,,,0.0,0.0,0.0,0.0,0.0,0.0,0.0,11.0,64.0,36.0,0.0,,,,
111994,1,43,43.0,106,106.0,False,1,0.0,Life Pacific Warriors,Warriors,Life Pacific,-63.0,8.0,200.0,139.0,61.0,1.0,3.0,30.5,2.3,,False,14.0,71.0,3.1,2.5,1.0,4.0,1.0,10.0,4.0,0.0,WCC,I,CA,"5'11""",3.0,6.0,7.1,0.0,0.0,0.0,0.0,0.0,0.0,0.0,8.0,55.5,34.5,10.0,,,,1.0
111998,1,46,46.0,88,88.0,False,1,0.0,SUNY-New Paltz Hawks,Hawks,SUNY-New Paltz,-42.0,10.0,200.0,127.0,73.0,20.0,5.0,36.5,43.5,,False,,,,,,,,,,,,,,,,,,0.0,0.0,0.0,0.0,0.0,0.0,0.0,10.0,64.5,35.5,0.0,,,,
112102,2,66,33.0,199,99.5,0,2,0.0,Columbia (SC) Koalas,Koalas,Columbia (SC),-66.5,17.0,400.0,188.0,212.0,32.0,12.0,53.0,48.5,,False,15.0,,,2.33,1.0,4.0,3.0,10.0,5.0,0.0,Ivy League,I,NY,,4.0,7.0,20.0,0.0,0.0,0.0,0.0,0.0,0.0,0.0,15.0,61.8,38.2,0.0,,,,
112358,32,2267,70.8,1999,62.5,21,11,65.6,Long Island University Sharks,Sharks,Long Island University,8.3,13.0,6450.0,4068.0,2382.0,519.0,8.0,36.9,22.9,,False,13.0,69.9,3.5,2.77,1.0,5.0,0.0,8.0,4.0,1.0,NEC,I,NY,"5'9""",5.0,7.0,0.0,0.0,0.0,0.0,0.0,0.0,0.0,0.0,10.0,65.8,32.7,1.5,,,,-0.1
112702,2,86,43.0,178,89.0,0,2,0.0,Frostburg State Bobcats,Bobcats,Frostburg State,-46.0,15.0,400.0,239.0,161.0,29.0,10.0,40.2,33.7,,False,,,,,,,,,,,,,,,,,,0.0,0.0,0.0,0.0,0.0,0.0,0.0,11.0,54.8,45.2,0.0,,,,
112704,1,49,49.0,90,90.0,False,1,0.0,Stevenson Mustangs,Mustangs,Stevenson,-41.0,14.0,200.0,104.0,96.0,11.0,9.0,48.0,22.4,,False,17.0,68.4,2.3,2.59,1.0,4.0,0.0,10.0,7.0,0.0,MAC Commonwealth,III,MD,"5'8""",4.0,9.0,0.0,2.86,10.5,31.0,21.0,37.5,0.0,0.0,9.0,55.0,45.0,0.0,67.1,70.7,,-1.6
116335,1,41,41.0,86,86.0,False,1,0.0,Life University Running Eagles,Running Eagles,Life University,-45.0,13.0,200.0,111.0,89.0,21.0,8.0,44.5,51.2,,False,,,,,,,,,,,,,,,,,,0.0,0.0,0.0,0.0,0.0,0.0,0.0,9.0,82.0,14.0,4.0,,,,
116420,2,108,54.0,198,99.0,0,2,0.0,Park University Gilbert Buccaneers,Buccaneers,Park University Gilbert,-45.0,18.0,400.0,197.0,203.0,47.0,13.0,50.7,43.5,,False,,,,,,,,,,,,,,,,,,0.0,0.0,0.0,0.0,0.0,0.0,0.0,11.0,69.5,25.2,5.2,,,,
121690,1,24,24.0,76,76.0,False,1,0.0,Wheaton College (MA) Lyons,Lyons,Wheaton College (MA),-52.0,10.0,200.0,140.0,60.0,6.0,5.0,30.0,25.0,,False,23.0,67.0,3.4,1.91,1.0,4.0,1.0,15.0,5.0,3.0,SLIAC,III,AR,"5'7""",11.0,7.0,4.3,0.0,0.0,0.0,0.0,0.0,0.0,0.0,9.0,56.0,44.0,0.0,,,,-3.0
121697,1,30,30.0,122,122.0,False,1,0.0,Florida National Conquistadors,Conquistadors,Florida National,-92.0,11.0,200.0,102.0,98.0,10.0,6.0,49.0,33.3,,False,12.0,,,2.33,1.0,5.0,0.0,7.0,4.0,1.0,SEC,I,FL,,4.0,5.0,0.0,0.0,0.0,0.0,0.0,0.0,0.0,0.0,11.0,71.0,29.0,0.0,,,,
121698,2,80,40.0,176,88.0,0,2,0.0,Chestnut Hill Griffins,Griffins,Chestnut Hill,-48.0,13.0,400.0,210.0,190.0,31.0,8.0,47.5,38.8,,False,14.0,67.8,2.5,2.21,1.0,4.0,4.0,10.0,4.0,0.0,CACC,II,PA,"5'7""",5.0,5.0,28.6,2.41,27.5,31.5,13.8,27.3,29.2,4.0,13.0,78.0,22.0,0.0,66.9,70.8,,-2.2
121702,1,66,66.0,107,107.0,False,1,0.0,Midway University Eagles,Eagles,Midway University,-41.0,14.0,200.0,107.0,93.0,25.0,9.0,46.5,37.9,,False,,,,,,,,,,,,,,,,,,0.0,0.0,0.0,0.0,0.0,0.0,0.0,12.0,58.0,25.5,16.5,,,,
122210,1,37,37.0,76,76.0,False,1,0.0,Texas A&M-Texarkana Eagles,Eagles,Texas A&M-Texarkana,-39.0,14.0,200.0,97.0,103.0,27.0,9.0,51.5,73.0,,False,13.0,72.4,3.8,2.85,1.0,5.0,4.0,7.0,4.0,2.0,Big 12,I,TX,"6'0""",2.0,7.0,30.8,0.0,0.0,0.0,0.0,0.0,0.0,0.0,11.0,66.5,33.5,0.0,,,,2.4
123309,1,53,53.0,132,132.0,False,1,0.0,Health Sciences & Pharmacy Eutectics,Eutectics,Health Sciences & Pharmacy,-79.0,14.0,200.0,118.0,82.0,10.0,9.0,41.0,18.9,,False,,,,,,,,,,,,,,,,,,0.0,0.0,0.0,0.0,0.0,0.0,0.0,10.0,13.5,6.0,0.0,,,,
123310,1,43,43.0,92,92.0,False,1,0.0,North American Stallions,Stallions,North American,-49.0,11.0,198.0,125.0,73.0,4.0,6.0,36.9,9.3,,False,13.0,69.5,3.6,2.15,1.0,4.0,0.0,10.0,3.0,0.0,Patriot,I,DC,"5'9""",4.0,4.0,0.0,0.0,0.0,0.0,0.0,0.0,0.0,0.0,9.0,75.8,24.2,0.0,,,,-0.5
123311,1,45,45.0,98,98.0,False,1,0.0,Champion Christian Tigers,Tigers,Champion Christian,-53.0,12.0,200.0,120.0,80.0,11.0,7.0,40.0,24.4,,False,,,,,,,,,,,,,,,,,,0.0,0.0,0.0,0.0,0.0,0.0,0.0,11.0,68.5,21.0,10.5,,,,
123358,1,41,41.0,95,95.0,False,1,0.0,Transylvania Pioneers,Pioneers,Transylvania,-54.0,16.0,200.0,91.0,109.0,18.0,11.0,54.5,43.9,,False,17.0,69.3,3.4,2.24,1.0,4.0,0.0,7.0,2.0,4.0,HCAC,III,KY,"5'9""",7.0,7.0,0.0,2.56,31.0,15.0,21.5,32.5,0.0,0.0,12.0,65.5,10.5,24.0,67.7,71.5,73.5,-0.7
123387,2,102,51.0,165,82.5,0,2,0.0,Benedictine Mesa Redhawks,Redhawks,Benedictine Mesa,-31.5,11.0,400.0,288.0,112.0,17.0,6.0,28.0,16.7,,False,21.0,67.5,3.2,2.24,1.0,4.0,7.0,15.0,5.0,1.0,SIAC,II,SC,"5'7""",8.0,10.0,33.3,0.0,0.0,0.0,0.0,0.0,0.0,0.0,7.0,83.2,16.8,0.0,,,,-2.5
123546,2,86,43.0,177,88.5,0,2,0.0,UNT Dallas Trailblazers,Trailblazers,UNT Dallas,-45.5,14.0,400.0,199.0,201.0,31.0,9.0,50.2,36.0,,False,14.0,68.4,2.8,1.71,1.0,3.0,0.0,11.0,2.0,0.0,SCAC,III,TX,"5'8""",6.0,2.0,0.0,0.0,0.0,0.0,0.0,0.0,0.0,0.0,13.0,64.0,36.0,0.0,,,,-1.6
124954,1,35,35.0,121,121.0,False,1,0.0,Randolph College Wildcats,Wildcats,Randolph College,-86.0,8.0,200.0,137.0,63.0,3.0,3.0,31.5,8.6,,False,12.0,67.7,3.6,2.33,1.0,4.0,0.0,9.0,2.0,1.0,ODAC,III,VA,"5'7""",4.0,5.0,0.0,0.0,0.0,0.0,0.0,0.0,0.0,0.0,8.0,73.5,26.5,0.0,,,,-2.3
126756,4,146,36.5,393,98.2,0,4,0.0,Carolina University Bruins,Bruins,Carolina University,-61.7,13.0,800.0,517.0,283.0,51.0,8.0,35.4,34.9,,False,,,,,,,,,,,,,,,,,,0.0,0.0,0.0,0.0,0.0,0.0,0.0,10.0,78.1,21.9,0.0,,,,
126757,1,39,39.0,94,94.0,False,1,0.0,Simmons College (KY) Falcons,Falcons,Simmons College (KY),-55.0,11.0,200.0,129.0,71.0,11.0,6.0,35.5,28.2,,False,,,,,,,,,,,,,,,,,,0.0,0.0,0.0,0.0,0.0,0.0,0.0,9.0,55.0,28.0,17.0,,,,
126823,1,50,50.0,102,102.0,False,1,0.0,Saint Mary-Of-The-Woods College Pomeroys,Pomeroys,Saint Mary-Of-The-Woods College,-52.0,10.0,200.0,143.0,57.0,12.0,5.0,28.5,24.0,,False,14.0,71.1,2.5,1.86,1.0,4.0,0.0,10.0,1.0,3.0,NSIC,II,ND,"5'11""",6.0,3.0,0.0,0.0,0.0,0.0,0.0,0.0,0.0,0.0,8.0,68.0,32.0,0.0,,,,1.1
126864,1,32,32.0,120,120.0,False,1,0.0,Fort Lauderdale Eagles,Eagles,Fort Lauderdale,-88.0,6.0,200.0,176.0,24.0,0.0,1.0,12.0,0.0,,False,,,,,,,,,,,,,,,,,,0.0,0.0,0.0,0.0,0.0,0.0,0.0,6.0,36.0,64.0,0.0,,,,
128307,1,31,31.0,83,83.0,False,1,0.0,Lehman College Lightning,Lightning,Lehman College,-52.0,12.0,200.0,139.0,61.0,0.0,7.0,30.5,0.0,,False,14.0,67.1,2.6,2.43,1.0,5.0,0.0,9.0,3.0,2.0,CUNYAC,III,NY,"5'7""",6.0,7.0,0.0,0.0,0.0,0.0,0.0,0.0,0.0,0.0,8.0,74.5,15.5,10.0,,,,-2.9
128451,1,65,65.0,97,97.0,False,1,0.0,Friends University Falcons,Falcons,Friends University,-32.0,14.0,200.0,112.0,88.0,22.0,9.0,44.0,33.8,,False,,,,,,,,,,,,,,,,,,0.0,0.0,0.0,0.0,0.0,0.0,0.0,10.0,53.0,37.0,10.0,,,,
128474,1,49,49.0,74,74.0,False,1,0.0,Johnson University (TN) Royals,Royals,Johnson University (TN),-25.0,12.0,200.0,128.0,72.0,11.0,7.0,36.0,22.4,,False,,,,,,,,,,,,,,,,,,0.0,0.0,0.0,0.0,0.0,0.0,0.0,9.0,45.5,45.5,9.0,,,,
128567,1,38,38.0,108,108.0,False,1,0.0,Arcadia Knights,Knights,Arcadia,-70.0,11.0,200.0,133.0,67.0,3.0,6.0,33.5,7.9,,False,13.0,67.2,2.4,2.31,1.0,4.0,0.0,9.0,4.0,0.0,MAC Freedom,III,PA,"5'7""",4.0,4.0,0.0,2.5,33.0,25.5,0.0,41.5,0.0,0.0,8.0,86.5,13.5,0.0,66.4,69.5,,-2.8
128568,1,32,32.0,90,90.0,False,1,0.0,Cleary University Cougars,Cougars,Cleary University,-58.0,10.0,200.0,133.0,67.0,16.0,5.0,33.5,50.0,,False,,,,,,,,,,,,,,,,,,0.0,0.0,0.0,0.0,0.0,0.0,0.0,9.0,51.0,49.0,0.0,,,,
128658,2,88,44.0,219,109.5,0,2,0.0,College of Biblical Studies Ambassadors,Ambassadors,College of Biblical Studies,-65.5,12.0,400.0,288.0,112.0,25.0,7.0,28.0,28.4,,False,,,,,,,,,,,,,,,,,,0.0,0.0,0.0,0.0,0.0,0.0,0.0,10.0,61.5,35.0,3.5,,,,
130129,1,29,29.0,82,82.0,False,1,0.0,Clinton Golden Bears,Golden Bears,Clinton,-53.0,10.0,200.0,128.0,72.0,7.0,5.0,36.0,24.1,,False,,,,,,,,,,,,,,,,,,0.0,0.0,0.0,0.0,0.0,0.0,0.0,9.0,69.5,14.0,16.5,,,,
130132,1,47,47.0,82,82.0,False,1,0.0,Christopher Newport Captains,Captains,Christopher Newport,-35.0,16.0,200.0,96.0,104.0,27.0,11.0,52.0,57.4,,False,,,,,,,,,,,,,,,,,,0.0,0.0,0.0,0.0,0.0,0.0,0.0,11.0,61.0,39.0,0.0,,,,
130137,1,40,40.0,79,79.0,False,1,0.0,IU Columbus Crimson Pride,Crimson Pride,IU Columbus,-39.0,13.0,200.0,127.0,73.0,8.0,8.0,36.5,20.0,,False,,,,,,,,,,,,,,,,,,0.0,0.0,0.0,0.0,0.0,0.0,0.0,8.0,58.0,34.0,8.0,,,,
130174,1,73,73.0,94,94.0,False,1,0.0,Texas A&M-San Antonio Jaguars,Jaguars,Texas A&M-San Antonio,-21.0,13.0,200.0,117.0,83.0,31.0,8.0,41.5,42.5,,False,13.0,72.4,3.8,2.85,1.0,5.0,4.0,7.0,4.0,2.0,Big 12,I,TX,"6'0""",2.0,7.0,30.8,0.0,0.0,0.0,0.0,0.0,0.0,0.0,10.0,48.5,35.0,16.5,,,,2.4
130215,1,39,39.0,124,124.0,False,1,0.0,Stanton Elks,Elks,Stanton,-85.0,7.0,200.0,164.0,36.0,3.0,2.0,18.0,7.7,,False,,,,,,,,,,,,,,,,,,0.0,0.0,0.0,0.0,0.0,0.0,0.0,7.0,76.0,17.0,7.0,,,,
130263,2,96,48.0,198,99.0,0,2,0.0,Mississippi University For Women Owls,Owls,Mississippi University For Women,-51.0,13.0,400.0,251.0,149.0,28.0,8.0,37.2,29.2,,False,,,,,,,,,,,,,,,,,,0.0,0.0,0.0,0.0,0.0,0.0,0.0,9.0,67.8,28.0,4.2,,,,
131604,1,27,27.0,106,106.0,False,1,0.0,SUNY Delhi Broncos,Broncos,SUNY Delhi,-79.0,9.0,200.0,130.0,70.0,12.0,4.0,35.0,44.4,,False,11.0,66.2,2.0,1.64,1.0,4.0,0.0,5.0,5.0,1.0,North Atlantic,III,NY,"5'6""",6.0,1.0,0.0,1.28,31.5,21.5,0.0,13.5,0.0,0.0,9.0,67.5,18.5,14.0,64.0,66.5,70.0,-3.8
131653,1,44,44.0,72,72.0,False,1,0.0,California (PA) Vulcans,Vulcans,California (PA),-28.0,10.0,200.0,139.0,61.0,13.0,5.0,30.5,29.5,,False,13.0,71.2,3.0,2.46,1.0,5.0,0.0,9.0,3.0,1.0,Pac-12,I,CA,"5'11""",4.0,6.0,0.0,0.0,0.0,0.0,0.0,0.0,0.0,0.0,9.0,84.5,15.5,0.0,,,,1.2
131664,1,28,28.0,87,87.0,False,1,0.0,Bard Eagles,Eagles,Bard,-59.0,8.0,200.0,147.0,53.0,5.0,3.0,26.5,17.9,,False,12.0,67.0,3.4,2.5,1.0,4.0,0.0,9.0,3.0,0.0,Liberty League,III,NY,"5'7""",3.0,6.0,0.0,2.48,34.5,10.5,28.0,27.0,0.0,0.0,8.0,71.0,29.0,0.0,64.7,71.0,,-3.0
131667,1,30,30.0,87,87.0,False,1,0.0,Berkeley Knights,Knights,Berkeley,-57.0,7.0,200.0,157.0,43.0,10.0,2.0,21.5,33.3,,False,,,,,,,,,,,,,,,,,,0.0,0.0,0.0,0.0,0.0,0.0,0.0,7.0,91.5,0.0,0.0,,,,
131682,1,31,31.0,137,137.0,False,1,0.0,Dean Bulldogs,Bulldogs,Dean,-106.0,9.0,200.0,149.0,51.0,2.0,4.0,25.5,6.5,,False,11.0,66.6,2.9,2.27,1.0,4.0,0.0,8.0,3.0,0.0,Great Northeast,III,MA,"5'6""",4.0,6.0,0.0,2.5,32.5,0.0,53.0,14.5,0.0,0.0,8.0,70.5,29.5,0.0,65.5,69.7,,-3.4
131690,1,55,55.0,66,66.0,False,1,0.0,Felician Golden Falcons,Golden Falcons,Felician,-11.0,11.0,200.0,130.0,70.0,13.0,6.0,35.0,23.6,,False,17.0,68.5,3.2,2.76,1.0,5.0,0.0,11.0,5.0,1.0,CACC,II,NJ,"5'8""",4.0,11.0,0.0,2.24,36.5,19.5,27.5,16.5,0.0,0.0,8.0,47.5,52.5,0.0,66.8,71.2,,-1.5
131731,1,53,53.0,99,99.0,False,1,0.0,Purchase Panthers,Panthers,Purchase,-46.0,15.0,200.0,104.0,96.0,14.0,10.0,48.0,26.4,,False,17.0,66.5,2.9,2.06,1.0,4.0,0.0,13.0,4.0,0.0,Skyline,III,NY,"5'6""",7.0,6.0,0.0,2.28,35.0,22.5,22.5,20.0,0.0,0.0,11.0,80.0,20.0,0.0,65.9,69.5,,-3.5
131773,1,36,36.0,94,94.0,False,1,0.0,Saint Mary's (MN) Cardinals,Cardinals,Saint Mary's (MN),-58.0,11.0,200.0,122.0,78.0,5.0,6.0,39.0,13.9,,False,14.0,68.8,2.5,1.79,1.0,4.0,0.0,9.0,5.0,0.0,MIAC,III,MN,"5'8""",6.0,2.0,0.0,2.02,32.0,44.0,14.5,9.5,0.0,0.0,11.0,56.5,43.5,0.0,67.1,71.5,,-1.2
131775,2,80,40.0,208,104.0,0,2,0.0,St. Joseph's Brooklyn Bears,Bears,St. Joseph's Brooklyn,-64.0,12.0,400.0,275.0,125.0,22.0,7.0,31.2,27.5,,False,16.0,66.9,2.6,2.5,1.0,4.0,0.0,12.0,3.0,1.0,CUNYAC,III,NY,"5'6""",5.0,7.0,0.0,0.0,0.0,0.0,0.0,0.0,0.0,0.0,8.0,56.8,33.8,1.5,,,,-3.1
131817,1,41,41.0,111,111.0,False,1,0.0,Nelson American Indiana College Warriors,Warriors,Nelson American Indiana College,-70.0,8.0,200.0,141.0,59.0,19.0,3.0,29.5,46.3,,False,13.0,69.5,3.6,2.15,1.0,4.0,0.0,10.0,3.0,0.0,Patriot,I,DC,"5'9""",4.0,4.0,0.0,0.0,0.0,0.0,0.0,0.0,0.0,0.0,8.0,90.5,9.5,0.0,,,,-0.5
131832,1,80,80.0,89,89.0,False,1,0.0,Bismarck State Mystics,Mystics,Bismarck State,-9.0,8.0,200.0,147.0,53.0,18.0,3.0,26.5,22.5,,False,,,,,,,,,,,,,,,,,,0.0,0.0,0.0,0.0,0.0,0.0,0.0,8.0,52.0,48.0,0.0,,,,
131833,1,43,43.0,121,121.0,False,1,0.0,Hesston Larks,Larks,Hesston,-78.0,15.0,200.0,112.0,88.0,13.0,10.0,44.0,30.2,,False,,,,,,,,,,,,,,,,,,0.0,0.0,0.0,0.0,0.0,0.0,0.0,9.0,73.5,17.0,9.5,,,,
